RPJ,RUC,NombreEmpresa,Ejercicio,TipoEmpresa,TipoSector,CIIU,TipoInformacion,Trimestre,Moneda,MetodoFlujoEfectivo,ActivoTotal,PasivoTotal,PatrimonioTotal,TotalIngreso,UtilidadNeta,FCO,CAPEX_reportado,FCL_preliminar,codigo_FCO,codigo_CAPEX,revision_interanual,estado_FCL
B30150,20100022142,ABB S.A.,2005,EMPRESAS EMISORAS,INDUSTRIALES,,Anual Individual,Anual,Soles,M todo Indirecto,78539,42097,36442,112082,1338,6113,-924,5189,3D01ST,3D0206,False,PRELIMINAR
020045,20260172035,ACTIVO INMOBILIARIO PERUANO S.A.A. (ANTES FALABELLA PERU S.A.A.),2005,EMPRESAS EMISORAS,DIVERSOS,,Anual Individual,Anual,Soles,M todo Directo,469374,4360,465014,11649,105017,69166,0,69166,3D01ST,3D0206,False,PRELIMINAR
B80018,20100047307,ADMINISTRADORA DEL COMERCIO S.A. EN LIQUIDACION,2005,EMPRESAS EMISORAS,DIVERSOS,,Anual Individual,Anual,Soles,M todo Directo,46995,11872,35123,1896,-19400,2281,-127,2154,3D01ST,3D0206,True,PRELIMINAR
023106,20332600592,AENZA S.A.A.,2005,EMPRESAS EMISORAS,DIVERSOS,,Anual Individual,Anual,Soles,M todo Directo,362864,123919,238945,9137,32724,22565,0,22565,3D01ST,3D0206,False,PRELIMINAR
AFP005,20143980821,AFP HORIZONTE S.A.,2005,EMPRESAS EMISORAS,A.F.P.,,Anual Individual,Anual,Soles,M todo Directo,164313,32451,131862,163205,76517,63690,-1210,62480,3D01ST,3D0206,False,PRELIMINAR
AFP002,20157036794,AFP INTEGRA,2005,EMPRESAS EMISORAS,A.F.P.,,Anual Individual,Anual,Soles,M todo Directo,186875,30409,156466,179063,72398,39094,-3183,35911,3D01ST,3D0206,False,PRELIMINAR
AFP008,20170124449,AFP UNION VIDA S A,2005,EMPRESAS EMISORAS,A.F.P.,,Anual Individual,Anual,Soles,M todo Directo,169227,34196,135031,162412,71758,70671,-1252,69419,3D01ST,3D0206,False,PRELIMINAR
B11073,20164042686,AGRICOLA CAYALTI SOCIEDAD ANONIMA ABIERTA,2005,EMPRESAS EMISORAS,AGRICOLAS,,Anual Individual,Anual,Soles,M todo Directo,11559,0,11559,8370,9184,0,0,0,3D01ST,3D0206,False,PRELIMINAR
B11067,20135948641,AGRO INDUSTRIAL PARAMONGA S.A.,2005,EMPRESAS EMISORAS,AGRICOLAS,,Anual Individual,Anual,Soles,M todo Directo,508163,273660,234503,166734,9155,9513,-19352,-9839,3D01ST,3D0206,True,PRELIMINAR
B08363,20132377783,AGROINDUSTRIAL LAREDO S.A.A.,2005,EMPRESAS EMISORAS,AGRICOLAS,,Anual Individual,Anual,Soles,M todo Directo,346649,103508,243141,146091,33780,22038,-20225,1813,3D01ST,3D0206,True,PRELIMINAR
B11068,20116225779,AGROINDUSTRIAS SAN JACINTO S.A.A.,2005,EMPRESAS EMISORAS,AGRICOLAS,,Anual Individual,Anual,Soles,M todo Directo,363761,113540,250221,72911,12538,2963,-5712,-2749,3D01ST,3D0206,True,PRELIMINAR
B30006,20100055237,ALICORP S.A.A.,2005,EMPRESAS EMISORAS,INDUSTRIALES,,Anual Individual,Anual,Soles,M todo Directo,1632109,592101,1040008,1817782,87478,132884,-36583,96301,3D01ST,3D0206,True,PRELIMINAR
B60053,20265391886,AMERIKA FINANCIERA S.A. EN LIQUIDACION,2005,EMPRESAS EMISORAS,FINANCIERAS,,Anual Individual,Anual,Soles,M todo Directo,325066,279717,45349,30476,5531,,,,,,False,INCOMPLETO
CI0006,20338054115,AUSTRAL GROUP S.A.A.,2005,EMPRESAS EMISORAS,INDUSTRIALES,,Anual Individual,Anual,Soles,M todo Directo,743943,520565,223378,382417,-3201,21494,-24717,-3223,3D01ST,3D0206,False,PRELIMINAR
B80004,20100130204,BANCO BBVA PERU,2005,EMPRESAS EMISORAS,BANCOS,,Anual Individual,Anual,Soles,M todo Directo,18263273,16759296,1503977,1262471,402180,,,,,,False,INCOMPLETO
CF0004,20509507199,BANCO DE COMERCIO,2005,EMPRESAS EMISORAS,BANCOS,,Anual Individual,Anual,Soles,M todo Directo,626629,563592,63037,78699,8167,,,,,,False,INCOMPLETO
B80005,20100047218,BANCO DE CREDITO DEL PERU,2005,EMPRESAS EMISORAS,BANCOS,,Anual Individual,Anual,Soles,M todo Directo,29300002,26508894,2791108,1635850,691734,,,,,,False,INCOMPLETO
B80144,20330401991,BANCO FALABELLA PERU S.A.,2005,EMPRESAS EMISORAS,BANCOS,,Anual Individual,Anual,Soles,M todo Directo,850658,694701,155957,263103,87528,,,,,,False,INCOMPLETO
B80123,20101036813,BANCO INTERAMERICANO DE FINANZAS,2005,EMPRESAS EMISORAS,BANCOS,,Anual Individual,Anual,Soles,M todo Directo,2385139,2242191,142948,160169,17330,,,,,,False,INCOMPLETO
B80020,20100053455,BANCO INTERNACIONAL DEL PERU S.A.A. - INTERBANK,2005,EMPRESAS EMISORAS,BANCOS,,Anual Individual,Anual,Soles,M todo Directo,6206952,5644882,562070,599660,113282,,,,,,False,INCOMPLETO
B80009,20100105862,BANCO PICHINCHA,2005,EMPRESAS EMISORAS,BANCOS,,Anual Individual,Anual,Soles,M todo Directo,2135262,1864659,270603,195673,27596,,,,,,False,INCOMPLETO
B80141,20259702411,BANCO RIPLEY PERU S.A.,2005,EMPRESAS EMISORAS,BANCOS,,Anual Individual,Anual,Soles,M todo Directo,609966,524164,85802,188567,32365,,,,,,False,INCOMPLETO
B30079,20100096341,BAYER S.A.,2005,EMPRESAS EMISORAS,DIVERSOS,,Anual Individual,Anual,Soles,M todo Directo,109249,49654,59595,181383,10604,8113,-2745,5368,3D01ST,3D0206,True,PRELIMINAR
B30031,20100124492,BRITISH AMERICAN TOBACCO DEL PERU HOLDINGS S.A.,2005,EMPRESAS EMISORAS,INDUSTRIALES,,Anual Individual,Anual,Soles,M todo Directo,89073,77300,11773,125710,-8010,7123,-3734,3389,3D01ST,3D0206,True,PRELIMINAR
CF0003,20197495929,CAJA RURAL DE AHORRO Y CREDITO DEL SUR S.A.A. (RET),2005,EMPRESAS EMISORAS,FINANCIERAS,,Anual Individual,Anual,Soles,M todo Directo,110723,95941,14782,17597,3622,,,,,,False,INCOMPLETO
B11082,20131867744,CARTAVIO SOCIEDAD ANONIMA ABIERTA,2005,EMPRESAS EMISORAS,AGRICOLAS,,Anual Individual,Anual,Soles,M todo Directo,379935,104680,275255,148533,32440,27506,-18064,9442,3D01ST,3D0206,False,PRELIMINAR
B20001,20100163048,CASTROVIRREYNA COMPAÑIA MINERA S.A. EN LIQUIDACION,2005,EMPRESAS EMISORAS,MINERAS,,Anual Individual,Anual,Soles,M todo Directo,21696,8674,13022,31701,856,4377,-1869,2508,3D01ST,3D0206,True,PRELIMINAR
CD0005,20419387658,CEMENTOS PACASMAYO S.A.A.,2005,EMPRESAS EMISORAS,INDUSTRIALES,,Anual Individual,Anual,Soles,M todo Directo,1134321,494461,639860,320301,65207,59514,-22857,36657,3D01ST,3D0206,True,PRELIMINAR
019094,20129854953,CENTRAL AZUCARERA CHUCARAPI-PAMPA BLANCA S.A.,2005,EMPRESAS EMISORAS,AGRICOLAS,,Anual Individual,Anual,Soles,M todo Directo,67098,27262,39836,5543,-3101,-5010,-141,-5151,3D01ST,3D0206,False,PRELIMINAR
020899,20294751565,CENTROS COMERCIALES DEL PERU S.A.,2005,EMPRESAS EMISORAS,DIVERSOS,,Anual Individual,Anual,Soles,M todo Directo,12970,74222,-61252,82630,3518,9232,-353,8879,3D01ST,3D0206,False,PRELIMINAR
B30023,20128915711,CERVECERIA SAN JUAN S.A.,2005,EMPRESAS EMISORAS,INDUSTRIALES,,Anual Individual,Anual,Soles,M todo Directo,166439,28778,137661,157269,38437,47520,-16734,30786,3D01ST,3D0206,False,PRELIMINAR
CS0007,20109068498,CESCE PERU S.A. COMPAÑIA DE SEGUROS,2005,EMPRESAS EMISORAS,SEGUROS,,Anual Individual,Anual,Soles,M todo Directo,30157,8159,21998,13740,2404,,,,,,False,INCOMPLETO
CD0001,20390863871,CFI HOLDINGS S.A.,2005,EMPRESAS EMISORAS,DIVERSOS,,Anual Individual,Anual,Soles,M todo Directo,51508,117,51391,0,112,-8623,-82,-8705,3D01ST,3D0206,False,PRELIMINAR
CS0003,20390625007,CHUBB PERU S.A. COMPAÑIA DE SEGUROS Y REASEGUROS,2005,EMPRESAS EMISORAS,SEGUROS,,Anual Individual,Anual,Soles,M todo Directo,48337,21335,27002,35580,16384,,,,,,False,INCOMPLETO
CI0007,20385353406,CIA.INDUSTRIAL NUEVO MUNDO S.A.,2005,EMPRESAS EMISORAS,INDUSTRIALES DEL TRABAJO,,Anual Individual,Anual,Soles,M todo Directo,156430,89081,67349,137204,2111,11368,-5154,6214,3D01ST,3D0206,True,PRELIMINAR
CB0002,20100116635,CITIBANK DEL PERU S.A.,2005,EMPRESAS EMISORAS,BANCOS,,Anual Individual,Anual,Soles,M todo Directo,2608097,2160518,447579,261465,61632,,,,,,False,INCOMPLETO
CI0004,20370018724,COMPAÑIA CERVECERA DEL SUR DEL PERU S.A.,2005,EMPRESAS EMISORAS,INDUSTRIALES,,Anual Individual,Anual,Soles,M todo Directo,518564,119437,399127,349615,55711,81766,-16064,65702,3D01ST,3D0206,False,PRELIMINAR
B20003,20100079501,COMPAÑIA DE MINAS BUENAVENTURA S.A.A.,2005,EMPRESAS EMISORAS,MINERAS,,Anual Individual,Anual,Soles,M todo Directo,4027757,1158453,2869304,766255,940983,752967,-50910,702057,3D01ST,3D0206,True,PRELIMINAR
B30098,20100012856,COMPAÑIA GOODYEAR DEL PERU S.A.,2005,EMPRESAS EMISORAS,INDUSTRIALES,,Anual Individual,Anual,Soles,M todo Directo,227167,52573,174594,279534,16275,38088,-7067,31021,3D01ST,3D0206,False,PRELIMINAR
CM0009,20507845500,COMPAÑIA MINERA ARGENTUM S.A.,2005,EMPRESAS EMISORAS,MINERAS,,Anual Individual,Anual,Soles,M todo Directo,97758,40509,57249,133559,29071,40437,-16359,24078,3D01ST,3D0206,True,PRELIMINAR
B20040,20100056802,COMPAÑIA MINERA CONDESTABLE S.A.,2005,EMPRESAS EMISORAS,MINERAS,,Anual Individual,Anual,Soles,M todo Indirecto,79547,55043,24504,183111,12482,14839,-18178,-3339,3D01ST,3D0206,True,PRELIMINAR
B20041,20137025354,COMPAÑIA MINERA PODEROSA S.A.A.,2005,EMPRESAS EMISORAS,MINERAS,,Anual Individual,Anual,Soles,M todo Directo,230721,155129,75592,143009,12132,56635,-16849,39786,3D01ST,3D0206,False,PRELIMINAR
B20012,20100163552,COMPAÑIA MINERA RAURA S.A.,2005,EMPRESAS EMISORAS,MINERAS,,Anual Individual,Anual,Soles,M todo Directo,93731,30836,62895,133121,17561,26627,-7309,19318,3D01ST,3D0206,False,PRELIMINAR
B20013,20100177421,COMPAÑIA MINERA SAN IGNACIO DE MOROCOCHA S.A.A.,2005,EMPRESAS EMISORAS,MINERAS,,Anual Individual,Anual,Soles,M todo Indirecto,120503,64145,56358,73631,7975,13579,-3104,10475,3D01ST,3D0206,True,PRELIMINAR
B20016,20100120314,COMPAÑIA MINERA SANTA LUISA S.A.,2005,EMPRESAS EMISORAS,MINERAS,,Anual Individual,Anual,Soles,M todo Directo,145023,25453,119570,148418,38941,39515,-15714,23801,3D01ST,3D0206,True,PRELIMINAR
CI0005,20100562848,COMPAÑIA UNIVERSAL TEXTIL S.A. EN LIQUIDACION,2005,EMPRESAS EMISORAS,INDUSTRIALES,,Anual Individual,Anual,Soles,M todo Directo,202702,74735,127967,90180,3433,4125,-8396,-4271,3D01ST,3D0206,True,PRELIMINAR
CD0020,20141189850,CONECTA RETAIL S.A.,2005,EMPRESAS EMISORAS,DIVERSOS,,Anual Individual,Anual,Soles,M todo Indirecto,51649,39655,11994,96944,4218,7439,-754,6685,3D01ST,3D0206,False,PRELIMINAR
CD0012,20465261634,CONSORCIO AGUA AZUL S.A.,2005,EMPRESAS EMISORAS,SERVICIOS PUBLICOS,,Anual Individual,Anual,Soles,M todo Directo,183258,99706,83552,36119,2849,11653,-104,11549,3D01ST,3D0206,False,PRELIMINAR
000683,20100195080,CONSORCIO INDUSTRIAL DE AREQUIPA SA,2005,EMPRESAS EMISORAS,INDUSTRIALES,,Anual Individual,Anual,Soles,M todo Directo,23930,4243,19687,25765,2704,4378,-1140,3238,3D01ST,3D0206,False,PRELIMINAR
CD0013,20383316473,CONSORCIO TRANSMANTARO S.A.,2005,EMPRESAS EMISORAS,SERVICIOS PUBLICOS,,Anual Individual,Anual,D lares,M todo Directo,147248,95718,51530,27277,6640,14906,-193,14713,3D01ST,3D0206,False,PRELIMINAR
B30144,20100019940,CONSTRUCCIONES ELECTROMECANICAS DELCROSA S.A.,2005,EMPRESAS EMISORAS,INDUSTRIALES,,Anual Individual,Anual,Soles,M todo Directo,33332,16578,16754,16586,58,-618,0,-618,3D01ST,3D0206,True,PRELIMINAR
CI0003,20370146994,CORPORACION ACEROS AREQUIPA S.A.,2005,EMPRESAS EMISORAS,INDUSTRIALES,,Anual Individual,Anual,Soles,M todo Directo,951850,378236,573614,1011291,113432,74211,-22392,51819,3D01ST,3D0206,False,PRELIMINAR
019886,20161636780,CORPORACION CERAMICA S.A.,2005,EMPRESAS EMISORAS,INDUSTRIALES,,Anual Individual,Anual,Soles,M todo Directo,89138,34546,54592,87353,2640,4919,-11009,-6090,3D01ST,3D0206,True,PRELIMINAR
B30207,20100228352,CORPORACION CERVESUR S.A.A.,2005,EMPRESAS EMISORAS,DIVERSOS,,Anual Individual,Anual,Soles,M todo Directo,439187,19288,419899,39653,31053,16995,-101,16894,3D01ST,3D0206,True,PRELIMINAR
CF0002,20100116392,CORPORACION FINANCIERA DE DESARROLLO S.A. - COFIDE,2005,EMPRESAS EMISORAS,FINANCIERAS,,Anual Individual,Anual,Soles,M todo Directo,3627147,2146366,1480781,493335,25656,,,,,,False,INCOMPLETO
OE1566,20501663256,CORPORACION FUNERARIA S.A.,2005,EMPRESAS EMISORAS,DIVERSOS,,Anual Individual,Anual,Soles,M todo Directo,6713,830,5883,10907,16,789,0,789,3D01ST,3D0206,True,PRELIMINAR
CI0010,20255322363,CORPORACION MISKI S.A.,2005,EMPRESAS EMISORAS,INDUSTRIALES,,Anual Individual,Anual,Soles,M todo Directo,22250,10479,11771,61878,6072,3944,-1231,2713,3D01ST,3D0206,True,PRELIMINAR
B30060,20133530003,CREDITEX S.A.A.,2005,EMPRESAS EMISORAS,INDUSTRIALES,,Anual Individual,Anual,Soles,M todo Directo,365146,161760,203386,269099,9800,-3639,-7599,-11238,3D01ST,3D0206,True,PRELIMINAR
B60058,20308668780,CREDITO LEASING S.A.,2005,EMPRESAS EMISORAS,DIVERSOS,,Anual Individual,Anual,Soles,M todo Directo,779256,712260,66996,60542,16290,,,,,,False,INCOMPLETO
B80104,20100035392,EL PACIFICO PERUANO-SUIZA CIA DE SEGUROS Y REASEGUROS,2005,EMPRESAS EMISORAS,SEGUROS,,Anual Individual,Anual,Soles,M todo Directo,884170,493976,390194,555048,38847,,,,,,False,INCOMPLETO
B40013,20106156400,ELECTRO DUNAS S.A.A.,2005,EMPRESAS EMISORAS,SERVICIOS PUBLICOS,,Anual Individual,Anual,Soles,M todo Directo,248331,84478,163853,126697,-2688,13466,-6886,6580,3D01ST,3D0206,True,PRELIMINAR
B40005,20116544289,ELECTRO SUR ESTE S.A.A.,2005,EMPRESAS EMISORAS,SERVICIOS PUBLICOS,,Anual Individual,Anual,Soles,M todo Directo,387744,27386,360358,110049,2023,25522,-17405,8117,3D01ST,3D0206,False,PRELIMINAR
B08359,20118792174,EMPRESA AGRARIA AZUCARERA ANDAHUASI S.A.A.,2005,EMPRESAS EMISORAS,AGRICOLAS,,Anual Individual,Anual,Soles,M todo Directo,422347,91471,330876,104938,30031,12878,-7528,5350,3D01ST,3D0206,True,PRELIMINAR
B11072,20131835621,EMPRESA AGRARIA CHIQUITOY S.A.,2005,EMPRESAS EMISORAS,AGRICOLAS,,Anual Individual,Anual,Soles,M todo Directo,124158,79798,44360,4330,-13038,61,-116,-55,3D01ST,3D0206,False,PRELIMINAR
B11079,20132369331,EMPRESA AGRICOLA BARRAZA S.A.,2005,EMPRESAS EMISORAS,AGRICOLAS,,Anual Individual,Anual,Soles,M todo Directo,20155,2669,17486,5330,2368,1467,-246,1221,3D01ST,3D0206,False,PRELIMINAR
B11074,20103272964,EMPRESA AGRICOLA SAN JUAN S.A.,2005,EMPRESAS EMISORAS,AGRICOLAS,,Anual Individual,Anual,Soles,M todo Directo,60743,1936,58807,14462,4300,2308,-2015,293,3D01ST,3D0206,False,PRELIMINAR
B08358,20133419749,EMPRESA AGRICOLA SINTUCO S.A.,2005,EMPRESAS EMISORAS,AGRICOLAS,,Anual Individual,Anual,Soles,M todo Indirecto,45556,16360,29196,9365,707,516,-202,314,3D01ST,3D0206,False,PRELIMINAR
B08360,20163898200,EMPRESA AGROINDUSTRIAL POMALCA S.A.A.,2005,EMPRESAS EMISORAS,AGRICOLAS,,Anual Individual,Anual,Soles,M todo Directo,784635,360996,423639,37602,-24879,-265,-108,-373,3D01ST,3D0206,False,PRELIMINAR
B11078,20136009614,EMPRESA AGROINDUSTRIAL TUMAN S.A.A.,2005,EMPRESAS EMISORAS,AGRICOLAS,,Anual Individual,Anual,Soles,M todo Directo,690891,256910,433981,95020,-42910,-331,-687,-1018,3D01ST,3D0206,True,PRELIMINAR
017070,20141723601,EMPRESA AZUCARERA EL INGENIO S.A.,2005,EMPRESAS EMISORAS,AGRICOLAS,,Anual Individual,Anual,Soles,M todo Directo,59056,19599,39457,11575,-747,1358,-16,1342,3D01ST,3D0206,False,PRELIMINAR
SP0001,20380383030,EMPRESA DE GENERACION ELECTRICA CAHUA S.A.,2005,EMPRESAS EMISORAS,SERVICIOS PUBLICOS,,Anual Individual,Anual,Soles,M todo Directo,315761,164954,150807,76193,738,19566,-654,18912,3D01ST,3D0206,True,PRELIMINAR
SP0009,20262221335,EMPRESA DE GENERACION ELECTRICA SAN GABAN S.A.,2005,EMPRESAS EMISORAS,SERVICIOS PUBLICOS,,Anual Individual,Anual,Soles,M todo Directo,557170,266840,290330,107616,54141,67138,-2180,64958,3D01ST,3D0206,False,PRELIMINAR
B40012,20199048903,EMPRESA DE GENERACION TERMOELECTRICA VENTANILLA S.A. -ETEVENSA (RET),2005,EMPRESAS EMISORAS,SERVICIOS PUBLICOS,,Anual Individual,Anual,Soles,M todo Directo,793013,528782,264231,261183,-11380,28951,-48242,-19291,3D01ST,3D0206,False,PRELIMINAR
B30241,20143229816,EMPRESA EDITORA EL COMERCIO S.A.,2005,EMPRESAS EMISORAS,INDUSTRIALES,,Anual Individual,Anual,Soles,M todo Directo,278295,150277,128018,334231,28278,65833,-5301,60532,3D01ST,3D0206,False,PRELIMINAR
B40002,20132023540,EMPRESA REGIONAL DE SERVICIO PUBLICO DE ELECTRICIDAD ELECTRONORTE MEDIO S.A. - HIDRANDINA,2005,EMPRESAS EMISORAS,SERVICIOS PUBLICOS,,Anual Individual,Anual,Soles,M todo Directo,749470,102792,646678,282837,20306,37235,-43878,-6643,3D01ST,3D0206,True,PRELIMINAR
CM0003,20402885549,EMPRESA SIDERURGICA DEL PERU S.A.A. - SIDERPERU,2005,EMPRESAS EMISORAS,INDUSTRIALES,,Anual Individual,Anual,Soles,M todo Directo,1284886,608748,676138,737642,-22916,-40709,-18839,-59548,3D01ST,3D0206,False,PRELIMINAR
003058,20270508163,ENEL GENERACION PIURA S.A.,2005,EMPRESAS EMISORAS,SERVICIOS PUBLICOS,,Anual Individual,Anual,Soles,M todo Directo,239157,59277,179880,203861,48744,76688,-18536,58152,3D01ST,3D0206,False,PRELIMINAR
002829,20333363900,ENGIE ENERGIA PERU S.A.A.,2005,EMPRESAS EMISORAS,SERVICIOS PUBLICOS,,Anual Individual,Anual,D lares,M todo Indirecto,413447,201686,211761,192551,39770,55232,-21398,33834,3D01ST,3D0206,False,PRELIMINAR
B30094,20100094135,EXSA S.A.,2005,EMPRESAS EMISORAS,INDUSTRIALES,,Anual Individual,Anual,Soles,M todo Directo,217776,83194,134582,217215,15930,23767,-12514,11253,3D01ST,3D0206,True,PRELIMINAR
B30042,20100020956,FABRICA DE HILADOS Y TEJIDOS SAN MIGUEL S.A. - EN LIQUIDACION,2005,EMPRESAS EMISORAS,INDUSTRIALES,,Anual Individual,Anual,Soles,M todo Directo,1153,1,1152,0,22,-1,0,-1,3D01ST,3D0206,False,PRELIMINAR
B30211,20100165687,FABRICA NACIONAL DE ACUMULADORES ETNA S.A.,2005,EMPRESAS EMISORAS,INDUSTRIALES,,Anual Individual,Anual,Soles,M todo Directo,31269,6788,24481,39260,3822,2816,-237,2579,3D01ST,3D0206,True,PRELIMINAR
B30122,20100051240,FABRICA PERUANA ETERNIT S.A.,2005,EMPRESAS EMISORAS,INDUSTRIALES,,Anual Individual,Anual,Soles,M todo Directo,41335,9292,32043,49601,2621,5001,-1391,3610,3D01ST,3D0206,False,PRELIMINAR
B60001,20100027292,FERREYCORP S.A.A.,2005,EMPRESAS EMISORAS,DIVERSOS,,Anual Individual,Anual,Soles,M todo Directo,840368,525460,314908,968709,30142,-120387,-4560,-124947,3D01ST,3D0206,False,PRELIMINAR
B30083,20100083010,FILAMENTOS INDUSTRIALES S.A.,2005,EMPRESAS EMISORAS,DIVERSOS,,Anual Individual,Anual,Soles,M todo Directo,66987,22596,44391,77425,4713,19102,0,19102,3D01ST,3D0206,True,PRELIMINAR
017892,20196629000,FIMA S A,2005,EMPRESAS EMISORAS,INDUSTRIALES,,Anual Individual,Anual,Soles,M todo Directo,116178,86153,30025,83172,1213,11673,-698,10975,3D01ST,3D0206,True,PRELIMINAR
B80145,20337996834,FINANCIERA TFC S.A. EN LIQUIDACION,2005,EMPRESAS EMISORAS,FINANCIERAS,,Anual Individual,Anual,Soles,M todo Directo,17895,962,16933,1846,4737,,,,,,False,INCOMPLETO
022984,20297652274,GENERANDES PERU S.A.,2005,EMPRESAS EMISORAS,SERVICIOS PUBLICOS,,Anual Individual,Anual,Soles,M todo Directo,1101378,17,1101361,0,128670,178785,0,178785,3D01ST,3D0206,True,PRELIMINAR
B80002,20100126274,GESTIONES Y RECUPERACIONES DE ACTIVOS SOCIEDAD ANONIMA (RET),2005,EMPRESAS EMISORAS,DIVERSOS,,Anual Individual,Anual,Soles,M todo Directo,350183,278357,71826,23095,-37789,,,,,,False,INCOMPLETO
CM0008,20507828915,GOLD FIELDS LA CIMA S.A.,2005,EMPRESAS EMISORAS,MINERAS,,Anual Individual,Anual,Soles,M todo Directo,75264,16919,58345,0,-1354,-1046,-7827,-8873,3D01ST,3D0206,False,PRELIMINAR
B80049,20100116988,GR HOLDING S.A.,2005,EMPRESAS EMISORAS,DIVERSOS,,Anual Individual,Anual,Soles,M todo Directo,129419,24305,105114,913,1224,223,0,223,3D01ST,3D0206,False,PRELIMINAR
BV0001,20100055661,GRUPO BVL S.A.A.,2005,EMPRESAS EMISORAS,DIVERSOS,,Anual Individual,Anual,Soles,M todo Directo,85186,14370,70816,25523,14821,18558,-24,18534,3D01ST,3D0206,True,PRELIMINAR
B30140,20100171814,HIDROSTAL S.A.,2005,EMPRESAS EMISORAS,INDUSTRIALES,,Anual Individual,Anual,Soles,M todo Directo,51180,19342,31838,56994,1167,54,-2879,-2825,3D01ST,3D0206,False,PRELIMINAR
006826,20100032709,I Q F DEL PERU SA,2005,EMPRESAS EMISORAS,INDUSTRIALES,,Anual Individual,Anual,Soles,M todo Directo,122616,62355,60261,58944,14294,5595,-7597,-2002,3D01ST,3D0206,False,PRELIMINAR
006162,20100199743,INCA TOPS S.A.,2005,EMPRESAS EMISORAS,INDUSTRIALES,,Anual Individual,Anual,Soles,M todo Directo,98832,61439,37393,80645,3642,-5619,-3926,-9545,3D01ST,3D0206,False,PRELIMINAR
B30236,20251293181,INDECO S.A.,2005,EMPRESAS EMISORAS,INDUSTRIALES,,Anual Individual,Anual,Soles,M todo Directo,225545,88466,137079,414873,26012,18401,-5984,12417,3D01ST,3D0206,True,PRELIMINAR
B30050,20102728743,INDUSTRIA TEXTIL PIURA S.A.,2005,EMPRESAS EMISORAS,INDUSTRIALES,,Anual Individual,Anual,Soles,M todo Directo,144764,58699,86065,123867,9186,-9593,-5078,-14671,3D01ST,3D0206,True,PRELIMINAR
B30107,20100004322,INDUSTRIAS DEL ENVASE S.A.,2005,EMPRESAS EMISORAS,INDUSTRIALES,,Anual Individual,Anual,Soles,M todo Directo,99161,24937,74224,94544,4552,4955,-1162,3793,3D01ST,3D0206,False,PRELIMINAR
B30152,20100003512,INDUSTRIAS ELECTRO QUIMICAS S.A. IEQSA,2005,EMPRESAS EMISORAS,INDUSTRIALES,,Anual Individual,Anual,Soles,M todo Directo,202319,124840,77479,198698,1552,4744,-3395,1349,3D01ST,3D0206,False,PRELIMINAR
B30008,20100068649,INGREDION PERU S.A.,2005,EMPRESAS EMISORAS,INDUSTRIALES,,Anual Individual,Anual,Soles,M todo Directo,44237,18264,25973,126988,2756,2452,-807,1645,3D01ST,3D0206,True,PRELIMINAR
B30127,20100049938,INMOBILIARIA KANPU S.A.,2005,EMPRESAS EMISORAS,DIVERSOS,,Anual Individual,Anual,Soles,M todo Directo,150855,94284,56571,114727,4502,9093,-5398,3695,3D01ST,3D0206,False,PRELIMINAR
CN0002,20499141051,INMOBILIARIA MILENIA S.A.,2005,EMPRESAS EMISORAS,DIVERSOS,,Anual Individual,Anual,Soles,M todo Directo,41859,749,41110,7000,2984,3410,-28,3382,3D01ST,3D0206,False,PRELIMINAR
OE0868,20456736000,INMOBILIARIA PARIACHI S.A.,2005,EMPRESAS EMISORAS,DIVERSOS,,Anual Individual,Anual,Soles,M todo Directo,6957,1727,5230,120,-5592,886,0,886,3D01ST,3D0206,False,PRELIMINAR
B30086,20100047722,INMOBILIARIA VENCEDOR S.A.,2005,EMPRESAS EMISORAS,INDUSTRIALES,,Anual Individual,Anual,Soles,M todo Directo,81909,37686,44223,82122,1803,1460,-1747,-287,3D01ST,3D0206,True,PRELIMINAR
OE1274,20423264617,INMUEBLES PANAMERICANA S.A.,2005,EMPRESAS EMISORAS,DIVERSOS,,Anual Individual,Anual,Soles,M todo Directo,137179,64784,72395,27403,4543,3204,-15521,-12317,3D01ST,3D0206,True,PRELIMINAR
B70009,20100017491,INTEGRATEL PERU S.A.A.,2005,EMPRESAS EMISORAS,SERVICIOS PUBLICOS,,Anual Individual,Anual,Soles,M todo Directo,7094110,4889424,2204686,3151060,253282,1122194,-542576,579618,3D01ST,3D0206,True,PRELIMINAR
CD0010,0,INTERCORP PERU LTD.,2005,EMPRESAS EMISORAS,DIVERSOS,,Anual Individual,Anual,Soles,M todo Directo,925387,258679,666708,167486,149076,,,,,,False,INCOMPLETO
CS0002,20382748566,INTERSEGURO COMPAÑIA DE SEGUROS S.A.,2005,EMPRESAS EMISORAS,SEGUROS,,Anual Individual,Anual,Soles,M todo Directo,1283920,1174855,109065,66814,31249,,,,,,False,INCOMPLETO
TI0002,20417378911,INTRADEVCO INDUSTRIAL S.A.,2005,EMPRESAS EMISORAS,INDUSTRIALES,,Anual Individual,Anual,Soles,M todo Directo,159118,67094,92024,169915,4975,-1520,-11784,-13304,3D01ST,3D0206,False,PRELIMINAR
B80057,20101099149,INVERSIONES ASPI S.A.,2005,EMPRESAS EMISORAS,DIVERSOS,,Anual Individual,Anual,Soles,M todo Directo,468626,107218,361408,42198,34864,-2663,-89395,-92058,3D01ST,3D0206,True,PRELIMINAR
B80077,20101045995,INVERSIONES CENTENARIO S.A.A.,2005,EMPRESAS EMISORAS,DIVERSOS,,Anual Individual,Anual,Soles,M todo Directo,331977,138794,193183,64742,19534,18243,-1044,17199,3D01ST,3D0206,False,PRELIMINAR
B60004,20104347691,INVERSIONES EN TURISMO S.A. INVERTUR,2005,EMPRESAS EMISORAS,DIVERSOS,,Anual Individual,Anual,Soles,M todo Directo,30636,4335,26301,10946,975,2535,-1970,565,3D01ST,3D0206,False,PRELIMINAR
B60005,20114803228,INVERSIONES NACIONALES DE TURISMO S.A. INTURSA,2005,EMPRESAS EMISORAS,DIVERSOS,,Anual Individual,Anual,Soles,M todo Directo,110904,26894,84010,46877,6601,13450,-2819,10631,3D01ST,3D0206,True,PRELIMINAR
A80069,20100210909,LA POSITIVA SEGUROS Y REASEGUROS S.A.,2005,EMPRESAS EMISORAS,SEGUROS,,Anual Individual,Anual,Soles,M todo Directo,222426,123032,99394,200653,6041,,,,,,False,INCOMPLETO
OE2069,20454073143,LA POSITIVA VIDA SEGUROS Y REASEGUROS S.A.,2005,EMPRESAS EMISORAS,SEGUROS,,Anual Individual,Anual,Soles,M todo Directo,506442,455492,50950,1156,395,,,,,,False,INCOMPLETO
CI0011,20100095450,LAIVE S.A.,2005,EMPRESAS EMISORAS,INDUSTRIALES,,Anual Individual,Anual,Soles,M todo Directo,133190,48553,84637,198729,6374,8945,-2679,6266,3D01ST,3D0206,True,PRELIMINAR
B30230,20100190100,LAPICES Y CONEXOS S.A. LAYCONSA,2005,EMPRESAS EMISORAS,INDUSTRIALES,,Anual Individual,Anual,Soles,M todo Directo,50284,20889,29395,23565,1822,1984,-3371,-1387,3D01ST,3D0206,False,PRELIMINAR
B80031,20100093759,LATINA HOLDING S.A.,2005,EMPRESAS EMISORAS,DIVERSOS,,Anual Individual,Anual,Soles,M todo Indirecto,49084,7671,41413,47913,787,,,,,,False,INCOMPLETO
006166,20100190797,LECHE GLORIA S.A.,2005,EMPRESAS EMISORAS,INDUSTRIALES,,Anual Individual,Anual,Soles,M todo Directo,1486029,634928,851101,1308974,100222,82817,-133160,-50343,3D01ST,3D0206,True,PRELIMINAR
B30099,20100182778,LIMA CAUCHO S.A. EN LIQUIDACION,2005,EMPRESAS EMISORAS,INDUSTRIALES,,Anual Individual,Anual,Soles,M todo Directo,62782,32479,30303,41239,-3406,-3765,-22,-3787,3D01ST,3D0206,False,PRELIMINAR
B80007,20100042330,LIMA SUDAMERIS HOLDING S.A. EN LIQUIDACION,2005,EMPRESAS EMISORAS,DIVERSOS,,Anual Individual,Anual,Soles,M todo Directo,175496,5154,170342,0,1261,-1149,0,-1149,3D01ST,3D0206,False,PRELIMINAR
B70032,20301837896,LOS PORTALES S.A.,2005,EMPRESAS EMISORAS,DIVERSOS,,Anual Individual,Anual,Soles,M todo Directo,206012,154126,51886,42129,-515,6543,-1064,5479,3D01ST,3D0206,False,PRELIMINAR
B40008,20331898008,LUZ DEL SUR S.A.A.,2005,EMPRESAS EMISORAS,SERVICIOS PUBLICOS,,Anual Individual,Anual,Soles,M todo Directo,2029992,1253073,776919,1278052,143989,201892,-126868,75024,3D01ST,3D0206,False,PRELIMINAR
B30134,20100074371,MANUFACTURA DE METALES Y ALUMINIO RECORD S.A. EN LIQUIDACION,2005,EMPRESAS EMISORAS,INDUSTRIALES,,Anual Individual,Anual,Soles,M todo Directo,46673,13798,32875,34827,252,133,-415,-282,3D01ST,3D0206,True,PRELIMINAR
CS0004,20418896915,MAPFRE PERU COMPAÑIA DE SEGUROS Y REASEGUROS,2005,EMPRESAS EMISORAS,SEGUROS,,Anual Individual,Anual,Soles,M todo Directo,331388,291488,39900,55645,6263,,,,,,False,INCOMPLETO
B80135,20258980108,MAPFRE PERU COMPAÑIA DE SEGUROS Y REASEGUROS (RET),2005,EMPRESAS EMISORAS,SEGUROS,,Anual Individual,Anual,Soles,M todo Directo,113446,66871,46575,105218,291,,,,,,False,INCOMPLETO
B80122,20202380621,MAPFRE PERU COMPAÑIA DE SEGUROS Y REASEGUROS (SOCIEDAD ABSORBIDA),2005,EMPRESAS EMISORAS,SEGUROS,,Anual Individual,Anual,Soles,M todo Directo,193537,139769,53768,112524,-16916,,,,,,False,INCOMPLETO
002684,20160286068,MAQUINARIAS S.A.,2005,EMPRESAS EMISORAS,DIVERSOS,,Anual Individual,Anual,Soles,M todo Indirecto,145157,77834,67323,202045,4042,1958,-3496,-1538,3D01ST,3D0206,True,PRELIMINAR
B20030,20100037841,MARMOLES Y GRANITOS S.A.,2005,EMPRESAS EMISORAS,MINERAS,,Anual Individual,Anual,Soles,M todo Directo,14851,9970,4881,13782,-141,772,-1192,-420,3D01ST,3D0206,False,PRELIMINAR
CB0001,20382036655,MIBANCO BANCO DE LA MICROEMPRESA S.A.,2005,EMPRESAS EMISORAS,BANCOS,,Anual Individual,Anual,Soles,M todo Directo,856351,709516,146835,210591,44593,,,,,,False,INCOMPLETO
TI0003,20100192650,MICHELL Y CIA. S.A.,2005,EMPRESAS EMISORAS,INDUSTRIALES,,Anual Individual,Anual,Soles,M todo Directo,201224,121213,80011,120368,778,-6542,-15355,-21897,3D01ST,3D0206,False,PRELIMINAR
CM0002,20338426781,MINERA ANDINA DE EXPLORACIONES S.A.A.,2005,EMPRESAS EMISORAS,MINERAS,,Anual Individual,Anual,Soles,M todo Directo,3482,1043,2439,2904,803,-293,-40,-333,3D01ST,3D0206,False,PRELIMINAR
002728,20209133394,MINERA BARRICK MISQUICHILCA SA,2005,EMPRESAS EMISORAS,MINERAS,,Anual Individual,Anual,D lares,M todo Indirecto,1116703,314661,802042,546853,189484,220983,-145106,75877,3D01ST,3D0206,True,PRELIMINAR
A20032,20100136741,MINSUR S.A.,2005,EMPRESAS EMISORAS,MINERAS,,Anual Individual,Anual,Soles,M todo Directo,2269832,181946,2087886,1013153,488203,527558,-92558,435000,3D01ST,3D0206,False,PRELIMINAR
BF0001,20375361991,MITSUI AUTO FINANCE PERU S.A.,2005,EMPRESAS EMISORAS,FINANCIERAS,,Anual Individual,Anual,Soles,M todo Directo,21992,15539,6453,3337,925,,,,,,False,INCOMPLETO
005188,20100164010,MONDELEZ PERU S.A.,2005,EMPRESAS EMISORAS,INDUSTRIALES,,Anual Individual,Anual,Soles,M todo Directo,169108,42384,126724,219902,5840,32757,-7625,25132,3D01ST,3D0206,False,PRELIMINAR
TI0001,20417926632,MOTORES DIESEL ANDINOS S.A.,2005,EMPRESAS EMISORAS,INDUSTRIALES,,Anual Individual,Anual,Soles,M todo Directo,77886,28826,49060,78732,7603,6296,-8136,-1840,3D01ST,3D0206,True,PRELIMINAR
B11076,20113704463,NEGOCIACION AGRICOLA VISTA ALEGRE S.A.,2005,EMPRESAS EMISORAS,AGRICOLAS,,Anual Individual,Anual,Soles,M todo Directo,10269,7146,3123,2375,-386,-2001,-11,-2012,3D01ST,3D0206,False,PRELIMINAR
B80136,20100007852,NEGOCIOS E INMUEBLES S.A.,2005,EMPRESAS EMISORAS,DIVERSOS,,Anual Individual,Anual,Soles,M todo Directo,140037,2310,137727,4124,11577,3002,-1178,1824,3D01ST,3D0206,False,PRELIMINAR
CM0007,20100123500,NEXA RESOURCES ATACOCHA S.A.A.,2005,EMPRESAS EMISORAS,MINERAS,,Anual Individual,Anual,Soles,M todo Directo,484520,221453,263067,347620,83680,129419,-56516,72903,3D01ST,3D0206,True,PRELIMINAR
B20010,20100110513,NEXA RESOURCES PERU S.A.A.,2005,EMPRESAS EMISORAS,MINERAS,,Anual Individual,Anual,Soles,M todo Indirecto,638789,257911,380878,287813,67974,129062,-14414,114648,3D01ST,3D0206,True,PRELIMINAR
023154,20338646802,ORAZUL ENERGY EGENOR SOCIEDAD EN COMANDITA POR ACCIONES,2005,EMPRESAS EMISORAS,SERVICIOS PUBLICOS,,Anual Individual,Anual,Soles,M todo Directo,1312655,753364,559291,354734,64582,165235,-9680,155555,3D01ST,3D0206,False,PRELIMINAR
B40009,20330791412,ORYGEN PERU S.A.A.,2005,EMPRESAS EMISORAS,SERVICIOS PUBLICOS,,Anual Individual,Anual,Soles,M todo Directo,3978343,1973690,2004653,768243,175857,306282,-74175,232107,3D01ST,3D0206,True,PRELIMINAR
B30118,20100011701,OWENS-ILLINOIS PERU S.A. (RET),2005,EMPRESAS EMISORAS,INDUSTRIALES,,Anual Individual,Anual,Soles,M todo Indirecto,239382,146641,92741,174331,12206,43409,-8778,34631,3D01ST,3D0206,False,PRELIMINAR
B60055,20332970411,PACIFICO COMPAÑIA DE SEGUROS Y REASEGUROS,2005,EMPRESAS EMISORAS,SEGUROS,,Anual Individual,Anual,Soles,M todo Directo,1668400,1477081,191319,155835,51781,,,,,,False,INCOMPLETO
B50003,20118206208,PERU HOLDING DE TURISMO S.A.A.,2005,EMPRESAS EMISORAS,DIVERSOS,,Anual Individual,Anual,Soles,M todo Directo,198382,12476,185906,73,113,548,0,548,3D01ST,3D0206,False,PRELIMINAR
002927,20338352728,PERUANA DE ENERGIA S.A.A.,2005,EMPRESAS EMISORAS,SERVICIOS PUBLICOS,,Anual Individual,Anual,Soles,M todo Directo,33120,13796,19324,1138,-786,2,-31,-29,3D01ST,3D0206,False,PRELIMINAR
B20023,20100136237,PERUBAR S.A.,2005,EMPRESAS EMISORAS,MINERAS,,Anual Individual,Anual,Soles,M todo Directo,177546,58663,118883,106805,17159,16441,-6333,10108,3D01ST,3D0206,True,PRELIMINAR
CI0012,20380336384,PESQUERA EXALMAR S.A.A.,2005,EMPRESAS EMISORAS,INDUSTRIALES,,Anual Individual,Anual,Soles,M todo Directo,383228,214839,168389,195726,2214,3012,-15824,-12812,3D01ST,3D0206,False,PRELIMINAR
OE2008,20510889135,PLUSPETROL CAMISEA S.A.,2005,EMPRESAS EMISORAS,DIVERSOS,,Anual Individual,Anual,D lares,M todo Indirecto,209823,106553,103270,161204,53087,50974,-1429,49545,3D01ST,3D0206,True,PRELIMINAR
CI0008,20504311342,PLUSPETROL NORTE S.A.,2005,EMPRESAS EMISORAS,INDUSTRIALES,,Anual Individual,Anual,D lares,M todo Indirecto,727410,450644,276766,587967,125248,152254,-71295,80959,3D01ST,3D0206,True,PRELIMINAR
B40010,20269985900,PLUZ ENERGIA PERU S.A.A.,2005,EMPRESAS EMISORAS,SERVICIOS PUBLICOS,,Anual Individual,Anual,Soles,M todo Directo,2194991,1304581,890410,1236522,80655,249331,-102023,147308,3D01ST,3D0206,False,PRELIMINAR
OE1928,20510398158,PRIMA AFP S.A.,2005,EMPRESAS EMISORAS,A.F.P.,,Anual Individual,Anual,Soles,M todo Directo,62129,9754,52375,1464,-24025,-35204,-5573,-40777,3D01ST,3D0206,False,PRELIMINAR
AFP004,20142829551,PROFUTURO AFP,2005,EMPRESAS EMISORAS,A.F.P.,,Anual Individual,Anual,Soles,M todo Indirecto,113003,55240,57763,121189,23367,24438,-35698,-11260,3D01ST,3D0206,False,PRELIMINAR
B70031,20269231743,PROMOTORA CLUB EMPRESARIAL S.A.,2005,EMPRESAS EMISORAS,DIVERSOS,,Anual Individual,Anual,Soles,M todo Directo,30298,54234,-23936,5665,-5347,-529,-39,-568,3D01ST,3D0206,False,PRELIMINAR
B20042,20330791501,QUIMPAC S.A.,2005,EMPRESAS EMISORAS,INDUSTRIALES,,Anual Individual,Anual,Soles,M todo Directo,543537,310489,233048,384618,24523,52808,-26815,25993,3D01ST,3D0206,True,PRELIMINAR
001672,20100039207,RANSA COMERCIAL S.A.C,2005,EMPRESAS EMISORAS,DIVERSOS,,Anual Individual,Anual,Soles,M todo Indirecto,415828,125795,290033,189999,17181,13385,-10083,3302,3D01ST,3D0206,False,PRELIMINAR
B30084,20100026997,RAYON INDUSTRIAL S.A. EN LIQUIDACION,2005,EMPRESAS EMISORAS,INDUSTRIALES,,Anual Individual,Anual,Soles,M todo Directo,1615,22,1593,0,24,-5,0,-5,3D01ST,3D0206,False,PRELIMINAR
B30220,20100005566,REACTIVOS NACIONALES S.A. RENASA,2005,EMPRESAS EMISORAS,INDUSTRIALES,,Anual Individual,Anual,Soles,M todo Directo,15048,5973,9075,18969,2024,913,-144,769,3D01ST,3D0206,False,PRELIMINAR
B90002,20100298725,RED BICOLOR DE COMUNICACIONES S.A.A. - RBC TV S.A.A.,2005,EMPRESAS EMISORAS,DIVERSOS,,Anual Individual,Anual,Soles,M todo Directo,5841,925,4916,2703,-73,211,-81,130,3D01ST,3D0206,False,PRELIMINAR
SP0008,20504645046,RED DE ENERGIA DEL PERU S.A.,2005,EMPRESAS EMISORAS,SERVICIOS PUBLICOS,,Anual Individual,Anual,D lares,M todo Directo,313601,165786,147815,58371,11470,26121,-2819,23302,3D01ST,3D0206,False,PRELIMINAR
002766,20259829594,REFINERIA LA PAMPILLA S.A.A.,2005,EMPRESAS EMISORAS,INDUSTRIALES,,Anual Individual,Anual,Soles,M todo Directo,2093969,1166405,927564,7390628,286141,86180,-18381,67799,3D01ST,3D0206,True,PRELIMINAR
B80037,20100041953,RIMAC SEGUROS Y REASEGUROS,2005,EMPRESAS EMISORAS,SEGUROS,,Anual Individual,Anual,Soles,M todo Directo,2085875,1703400,382475,892828,58792,,,,,,False,INCOMPLETO
014313,20100128056,SAGA FALABELLA S.A.,2005,EMPRESAS EMISORAS,DIVERSOS,,Anual Individual,Anual,Soles,M todo Directo,577162,409953,167209,972276,18072,13102,-38984,-25882,3D01ST,3D0206,True,PRELIMINAR
B80134,20255993225,SANTANDER CONSUMER BANK S.A.,2005,EMPRESAS EMISORAS,BANCOS,,Anual Individual,Anual,Soles,M todo Directo,1254136,1123745,130391,415365,35012,,,,,,False,INCOMPLETO
B80012,20100043140,SCOTIABANK PERU S.A.A.,2005,EMPRESAS EMISORAS,BANCOS,,Anual Individual,Anual,Soles,M todo Directo,12005670,11074990,930680,875162,59183,,,,,,False,INCOMPLETO
CS0005,20463627488,SEGUROS SURA,2005,EMPRESAS EMISORAS,SEGUROS,,Anual Individual,Anual,Soles,M todo Directo,1417688,1291839,125849,65898,4035,,,,,,False,INCOMPLETO
SP0012,20100152356,SERVICIO DE AGUA POTABLE Y ALCANTARILLADO - SEDAPAL,2005,EMPRESAS EMISORAS,SERVICIOS PUBLICOS,,Anual Individual,Anual,Soles,M todo Directo,4811218,1606388,3204830,686639,9004,246204,-248801,-2597,3D01ST,3D0206,False,PRELIMINAR
SP0002,20325493811,SHOUGANG GENERACION ELECTRICA S.A.A.,2005,EMPRESAS EMISORAS,SERVICIOS PUBLICOS,,Anual Individual,Anual,Soles,M todo Directo,90609,39980,50629,125391,16350,12980,-1315,11665,3D01ST,3D0206,False,PRELIMINAR
CM0004,20100142989,SHOUGANG HIERRO PERU S.A.A.,2005,EMPRESAS EMISORAS,MINERAS,,Anual Individual,Anual,Soles,M todo Directo,698776,304229,394547,805629,227712,280564,-48921,231643,3D01ST,3D0206,False,PRELIMINAR
SP0010,20100188628,SOCIEDAD ELECTRICA DEL SUR OESTE S.A. - SEAL,2005,EMPRESAS EMISORAS,SERVICIOS PUBLICOS,,Anual Individual,Anual,Soles,M todo Directo,288390,73066,215324,168155,941,22332,-13291,9041,3D01ST,3D0206,False,PRELIMINAR
B30143,20100113539,SOCIEDAD INDUSTRIAL DE ARTICULOS DE METAL S.A.C. - SIAM EN LIQUIDACION,2005,EMPRESAS EMISORAS,INDUSTRIALES,,Anual Individual,Anual,Soles,M todo Directo,7741,2910,4831,8750,350,544,-30,514,3D01ST,3D0206,False,PRELIMINAR
CM0006,20170072465,SOCIEDAD MINERA CERRO VERDE S.A.A.,2005,EMPRESAS EMISORAS,MINERAS,,Anual Individual,Anual,D lares,M todo Directo,864093,70476,793617,358928,233430,107850,-314974,-207124,3D01ST,3D0206,True,PRELIMINAR
002597,20217427593,SOCIEDAD MINERA CORONA S.A.,2005,EMPRESAS EMISORAS,MINERAS,,Anual Individual,Anual,Soles,M todo Directo,123864,26699,97165,154087,32817,45573,-6011,39562,3D01ST,3D0206,True,PRELIMINAR
B20026,20100017572,SOCIEDAD MINERA EL BROCAL S.A.A.,2005,EMPRESAS EMISORAS,MINERAS,,Anual Individual,Anual,Soles,M todo Directo,146345,64494,81851,234004,44381,54613,-11058,43555,3D01ST,3D0206,True,PRELIMINAR
B80013,20100161771,SOLUCION EMPRESA ADMINISTRADORA HIPOTECARIA S.A.,2005,EMPRESAS EMISORAS,DIVERSOS,,Anual Individual,Anual,Soles,M todo Directo,13999,0,13999,569,287,,,,,,False,INCOMPLETO
CP0009,20292928841,SOUTHERN CONE POWER PERU S.A.,2005,EMPRESAS EMISORAS,DIVERSOS,,Anual Individual,Anual,Soles,M todo Directo,422759,148278,274481,0,30568,16131,0,16131,3D01ST,3D0206,True,PRELIMINAR
B20027,20100147514,"SOUTHERN PERU COPPER CORPORATION, SUCURSAL DEL PERU",2005,EMPRESAS EMISORAS,MINERAS,,Anual Individual,Anual,Soles,M todo Directo,8073478,2493451,5580027,7116496,3008924,3230829,-1068336,2162493,3D01ST,3D0206,True,PRELIMINAR
SP0007,20502597061,STATKRAFT PERU S.A. (ANTES SN POWER PERU S.A.),2005,EMPRESAS EMISORAS,SERVICIOS PUBLICOS,,Anual Individual,Anual,Soles,M todo Directo,1005462,442485,562977,171233,19721,49853,-7824,42029,3D01ST,3D0206,True,PRELIMINAR
000432,20100070970,SUPERMERCADOS PERUANOS S.A.,2005,EMPRESAS EMISORAS,DIVERSOS,,Anual Individual,Anual,Soles,M todo Directo,563040,412105,150935,985810,-8050,50773,-64573,-13800,3D01ST,3D0206,False,PRELIMINAR
SP0004,20100177693,TC SIGLO 21 S.A.A.,2005,EMPRESAS EMISORAS,SERVICIOS PUBLICOS,,Anual Individual,Anual,Soles,M todo Directo,124701,20322,104379,3190,-5356,-9579,876,,3D01ST,3D0206,False,REVISAR_CAPEX_POSITIVO
018111,20100971772,TECNOLOGICA DE ALIMENTOS S.A.,2005,EMPRESAS EMISORAS,INDUSTRIALES,,Anual Individual,Anual,Soles,M todo Directo,920272,548038,372234,586986,1075,48346,-33218,15128,3D01ST,3D0206,False,PRELIMINAR
SP0005,20500698340,TELEFONICA EMPRESAS PERU S.A.A.,2005,EMPRESAS EMISORAS,SERVICIOS PUBLICOS,,Anual Individual,Anual,Soles,M todo Directo,188909,60474,128435,266079,15366,-1019,-24246,-25265,3D01ST,3D0206,False,PRELIMINAR
OE1181,20500805103,TELEFONICA MOVILES PERU HOLDING S.A.A.,2005,EMPRESAS EMISORAS,DIVERSOS,,Anual Individual,Anual,Soles,M todo Directo,870958,2103,868855,0,-36521,0,0,0,3D01ST,3D0206,False,PRELIMINAR
B70020,20100177774,TELEFONICA MOVILES S.A.,2005,EMPRESAS EMISORAS,SERVICIOS PUBLICOS,,Anual Individual,Anual,Soles,M todo Directo,2257577,1351313,906264,1502552,-38217,305215,-82465,222750,3D01ST,3D0206,False,PRELIMINAR
B30232,20100168350,TEXTIL SAN CRISTOBAL S.A. - EN LIQUIDACION,2005,EMPRESAS EMISORAS,INDUSTRIALES,,Anual Individual,Anual,Soles,M todo Directo,339746,307623,32123,161813,-10439,8646,-1836,6810,3D01ST,3D0206,False,PRELIMINAR
B30149,20100183588,TICINO DEL PERU S A,2005,EMPRESAS EMISORAS,INDUSTRIALES,,Anual Individual,Anual,Soles,M todo Directo,39273,5760,33513,35043,4465,5094,-263,4831,3D01ST,3D0206,False,PRELIMINAR
CF0001,20377892918,TOTAL SERVICIOS FINANCIEROS EMPRESA DE CREDITOS,2005,EMPRESAS EMISORAS,FINANCIERAS,,Anual Individual,Anual,Soles,M todo Directo,14816,3146,11670,3863,984,,,,,,False,INCOMPLETO
CI0009,20499432021,TRANSPORTADORA DE GAS DEL PERU S.A.,2005,EMPRESAS EMISORAS,SERVICIOS PUBLICOS,,Anual Individual,Anual,D lares,M todo Indirecto,920915,705120,215795,179670,23958,51985,-7808,44177,3D01ST,3D0206,True,PRELIMINAR
B30121,20100137390,UNACEM CORP SOCIEDAD ANONIMA ABIERTA - UNACEM CORP S.A.A.,2005,EMPRESAS EMISORAS,DIVERSOS,,Anual Individual,Anual,Soles,M todo Directo,1051729,238516,813213,657035,98656,147393,-96819,50574,3D01ST,3D0206,True,PRELIMINAR
B30021,20100113610,UNION DE CERVECERIAS PERUANAS BACKUS Y JOHNSTON S.A.A.,2005,EMPRESAS EMISORAS,INDUSTRIALES,,Anual Individual,Anual,Soles,M todo Directo,2307380,454288,1853092,1259134,277444,500522,-81955,418567,3D01ST,3D0206,True,PRELIMINAR
OE0032,20138149022,UNIVERSIDAD DE SAN MARTIN DE PORRES,2005,EMPRESAS EMISORAS,DIVERSOS,,Anual Individual,Anual,Soles,M todo Directo,422354,123990,298364,233380,14883,77165,-34673,42492,3D01ST,3D0206,True,PRELIMINAR
B30119,20100157820,VIDRIOS PLANOS DEL PERU S A,2005,EMPRESAS EMISORAS,DIVERSOS,,Anual Individual,Anual,Soles,M todo Directo,66248,235,66013,1657,1474,850,0,850,3D01ST,3D0206,False,PRELIMINAR
CM0001,20383045267,VOLCAN COMPAÑIA MINERA S.A.A.,2005,EMPRESAS EMISORAS,MINERAS,,Anual Individual,Anual,Soles,M todo Directo,1793802,936915,856887,807724,66464,151754,-60170,91584,3D01ST,3D0206,True,PRELIMINAR
023490,20312372895,YURA S.A.,2005,EMPRESAS EMISORAS,INDUSTRIALES,,Anual Individual,Anual,Soles,M todo Directo,509587,151885,357702,256611,87886,133901,-35547,98354,3D01ST,3D0206,True,PRELIMINAR
B30150,20100022142,ABB S.A.,2006,EMPRESAS EMISORAS,INDUSTRIALES,,Anual Individual,Anual,Soles,M todo Indirecto,95853,57620,38233,115862,1791,2743,-1917,826,3D01ST,3D0206,False,PRELIMINAR
020045,20260172035,ACTIVO INMOBILIARIO PERUANO S.A.A. (ANTES FALABELLA PERU S.A.A.),2006,EMPRESAS EMISORAS,DIVERSOS,,Anual Individual,Anual,Soles,M todo Directo,612190,7083,605107,22654,140093,46589,0,46589,3D01ST,3D0206,False,PRELIMINAR
B80018,20100047307,ADMINISTRADORA DEL COMERCIO S.A. EN LIQUIDACION,2006,EMPRESAS EMISORAS,DIVERSOS,,Anual Individual,Anual,Soles,M todo Directo,42805,14078,28727,5204,-6396,3031,-423,2608,3D01ST,3D0206,False,PRELIMINAR
023106,20332600592,AENZA S.A.A.,2006,EMPRESAS EMISORAS,DIVERSOS,,Anual Individual,Anual,Soles,M todo Directo,432946,92400,340546,25624,104918,31812,-559,31253,3D01ST,3D0206,False,PRELIMINAR
AFP005,20143980821,AFP HORIZONTE S.A.,2006,EMPRESAS EMISORAS,A.F.P.,,Anual Individual,Anual,Soles,M todo Directo,165892,44479,121413,149118,41445,21907,-1507,20400,3D01ST,3D0206,False,PRELIMINAR
AFP002,20157036794,AFP INTEGRA,2006,EMPRESAS EMISORAS,A.F.P.,,Anual Individual,Anual,Soles,M todo Indirecto,240214,68722,171492,177321,72169,29253,-1539,27714,3D01ST,3D0206,False,PRELIMINAR
B11067,20135948641,AGRO INDUSTRIAL PARAMONGA S.A.,2006,EMPRESAS EMISORAS,AGRICOLAS,,Anual Individual,Anual,Soles,M todo Directo,505509,232943,272566,198074,33872,60187,-31193,28994,3D01ST,3D0206,True,PRELIMINAR
B08363,20132377783,AGROINDUSTRIAL LAREDO S.A.A.,2006,EMPRESAS EMISORAS,AGRICOLAS,,Anual Individual,Anual,Soles,M todo Directo,377156,101517,275639,192149,55483,73719,-33479,40240,3D01ST,3D0206,True,PRELIMINAR
B11068,20116225779,AGROINDUSTRIAS SAN JACINTO S.A.A.,2006,EMPRESAS EMISORAS,AGRICOLAS,,Anual Individual,Anual,Soles,M todo Directo,369797,111415,258382,95613,10170,10548,-5852,4696,3D01ST,3D0206,True,PRELIMINAR
B30006,20100055237,ALICORP S.A.A.,2006,EMPRESAS EMISORAS,INDUSTRIALES,,Anual Individual,Anual,Soles,M todo Directo,1854860,716690,1138170,1983819,112143,118531,-795,117736,3D01ST,3D0206,False,PRELIMINAR
B60053,20265391886,AMERIKA FINANCIERA S.A. EN LIQUIDACION,2006,EMPRESAS EMISORAS,FINANCIERAS,,Anual Individual,Anual,Soles,M todo Indirecto,373902,321153,52749,36647,4208,-2571,,,3F0501,,True,INCOMPLETO
CI0006,20338054115,AUSTRAL GROUP S.A.A.,2006,EMPRESAS EMISORAS,INDUSTRIALES,,Anual Individual,Anual,Soles,M todo Directo,805739,519478,286261,548697,62883,69202,-45590,23612,3D01ST,3D0206,False,PRELIMINAR
B80004,20100130204,BANCO BBVA PERU,2006,EMPRESAS EMISORAS,BANCOS,,Anual Individual,Anual,Soles,M todo Indirecto,18594002,16883351,1710651,1526169,488200,532221,,,3F0501,,True,INCOMPLETO
CF0004,20509507199,BANCO DE COMERCIO,2006,EMPRESAS EMISORAS,BANCOS,,Anual Individual,Anual,Soles,M todo Indirecto,680982,609627,71355,95010,9064,17174,,,3F0501,,False,INCOMPLETO
B80005,20100047218,BANCO DE CREDITO DEL PERU,2006,EMPRESAS EMISORAS,BANCOS,,Anual Individual,Anual,Soles,M todo Indirecto,31890973,29030094,2860879,2377312,661574,943634,,,3F0501,,True,INCOMPLETO
B80144,20330401991,BANCO FALABELLA PERU S.A.,2006,EMPRESAS EMISORAS,BANCOS,,Anual Individual,Anual,Soles,M todo Indirecto,975427,793616,181811,299229,69489,124038,,,3F0501,,False,INCOMPLETO
OE2271,20513074370,BANCO GNB PERU S.A.,2006,EMPRESAS EMISORAS,BANCOS,,Anual Individual,Anual,Soles,M todo Indirecto,166258,89806,76452,2041,-7517,-7477,,,3F0501,,True,INCOMPLETO
B80123,20101036813,BANCO INTERAMERICANO DE FINANZAS,2006,EMPRESAS EMISORAS,BANCOS,,Anual Individual,Anual,Soles,M todo Indirecto,2543243,2375644,167599,204696,24317,38183,,,3F0501,,False,INCOMPLETO
B80020,20100053455,BANCO INTERNACIONAL DEL PERU S.A.A. - INTERBANK,2006,EMPRESAS EMISORAS,BANCOS,,Anual Individual,Anual,Soles,M todo Indirecto,7377252,6708668,668584,767025,160868,277587,,,3F0501,,True,INCOMPLETO
B80009,20100105862,BANCO PICHINCHA,2006,EMPRESAS EMISORAS,BANCOS,,Anual Individual,Anual,Soles,M todo Indirecto,2271462,2006427,265035,232604,19375,84512,,,3F0501,,False,INCOMPLETO
B80141,20259702411,BANCO RIPLEY PERU S.A.,2006,EMPRESAS EMISORAS,BANCOS,,Anual Individual,Anual,Soles,M todo Indirecto,753880,626688,127192,250052,45511,106027,,,3F0501,,False,INCOMPLETO
B30079,20100096341,BAYER S.A.,2006,EMPRESAS EMISORAS,DIVERSOS,,Anual Individual,Anual,Soles,M todo Directo,111039,42735,68304,200760,8973,7908,-1892,6016,3D01ST,3D0206,True,PRELIMINAR
B30031,20100124492,BRITISH AMERICAN TOBACCO DEL PERU HOLDINGS S.A.,2006,EMPRESAS EMISORAS,INDUSTRIALES,,Anual Individual,Anual,Soles,M todo Directo,104564,66112,38452,159970,26679,-3445,-142,-3587,3D01ST,3D0206,False,PRELIMINAR
CF0003,20197495929,CAJA RURAL DE AHORRO Y CREDITO DEL SUR S.A.A. (RET),2006,EMPRESAS EMISORAS,FINANCIERAS,,Anual Individual,Anual,Soles,M todo Indirecto,122658,104536,18122,21387,5036,4856,,,3F0501,,True,INCOMPLETO
B11082,20131867744,CARTAVIO SOCIEDAD ANONIMA ABIERTA,2006,EMPRESAS EMISORAS,AGRICOLAS,,Anual Individual,Anual,Soles,M todo Directo,405539,96811,308728,182275,35650,37959,-11132,26827,3D01ST,3D0206,False,PRELIMINAR
B08361,20131823020,CASA GRANDE SOCIEDAD ANONIMA ABIERTA,2006,EMPRESAS EMISORAS,AGRICOLAS,,Anual Individual,Anual,Soles,M todo Directo,1083859,342523,741336,182144,51459,-23564,-12699,-36263,3D01ST,3D0206,False,PRELIMINAR
B20001,20100163048,CASTROVIRREYNA COMPAÑIA MINERA S.A. EN LIQUIDACION,2006,EMPRESAS EMISORAS,MINERAS,,Anual Individual,Anual,Soles,M todo Directo,36145,16577,19568,53063,7526,12975,-1390,11585,3D01ST,3D0206,True,PRELIMINAR
CD0005,20419387658,CEMENTOS PACASMAYO S.A.A.,2006,EMPRESAS EMISORAS,INDUSTRIALES,,Anual Individual,Anual,Soles,M todo Directo,1117053,424664,692389,392723,97671,117803,-72895,44908,3D01ST,3D0206,True,PRELIMINAR
019094,20129854953,CENTRAL AZUCARERA CHUCARAPI-PAMPA BLANCA S.A.,2006,EMPRESAS EMISORAS,AGRICOLAS,,Anual Individual,Anual,Soles,M todo Directo,65179,24177,41002,5794,391,4732,-199,4533,3D01ST,3D0206,False,PRELIMINAR
020899,20294751565,CENTROS COMERCIALES DEL PERU S.A.,2006,EMPRESAS EMISORAS,DIVERSOS,,Anual Individual,Anual,Soles,M todo Directo,13180,64649,-51469,88147,9783,8945,-455,8490,3D01ST,3D0206,False,PRELIMINAR
B30023,20128915711,CERVECERIA SAN JUAN S.A.,2006,EMPRESAS EMISORAS,INDUSTRIALES,,Anual Individual,Anual,Soles,M todo Directo,229787,21343,208444,145838,105134,43316,-8353,34963,3D01ST,3D0206,True,PRELIMINAR
CS0007,20109068498,CESCE PERU S.A. COMPAÑIA DE SEGUROS,2006,EMPRESAS EMISORAS,SEGUROS,,Anual Individual,Anual,Soles,M todo Indirecto,30673,7450,23223,15708,3476,1889,-313,1576,3E0301,3E0405,False,PRELIMINAR
CD0001,20390863871,CFI HOLDINGS S.A.,2006,EMPRESAS EMISORAS,DIVERSOS,,Anual Individual,Anual,Soles,M todo Directo,86195,26589,59606,148,17792,-6145,-243,-6388,3D01ST,3D0206,False,PRELIMINAR
CS0003,20390625007,CHUBB PERU S.A. COMPAÑIA DE SEGUROS Y REASEGUROS,2006,EMPRESAS EMISORAS,SEGUROS,,Anual Individual,Anual,Soles,M todo Indirecto,43237,18695,24542,35808,10806,9478,-154,9324,3E0301,3E0405,True,PRELIMINAR
CI0007,20385353406,CIA.INDUSTRIAL NUEVO MUNDO S.A.,2006,EMPRESAS EMISORAS,INDUSTRIALES DEL TRABAJO,,Anual Individual,Anual,Soles,M todo Directo,130664,69571,61093,139512,5706,19471,-2131,17340,3D01ST,3D0206,True,PRELIMINAR
CB0002,20100116635,CITIBANK DEL PERU S.A.,2006,EMPRESAS EMISORAS,BANCOS,,Anual Individual,Anual,Soles,M todo Indirecto,2897158,2413321,483837,364312,36194,85642,,,3F0501,,False,INCOMPLETO
B20003,20100079501,COMPAÑIA DE MINAS BUENAVENTURA S.A.A.,2006,EMPRESAS EMISORAS,MINERAS,,Anual Individual,Anual,D lares,M todo Directo,1561791,352722,1209069,347497,428057,240288,-34671,205617,3D01ST,3D0206,False,PRELIMINAR
B30098,20100012856,COMPAÑIA GOODYEAR DEL PERU S.A.,2006,EMPRESAS EMISORAS,INDUSTRIALES,,Anual Individual,Anual,Soles,M todo Indirecto,242245,63911,178334,336535,18024,31516,-5417,26099,3D01ST,3D0206,False,PRELIMINAR
CM0009,20507845500,COMPAÑIA MINERA ARGENTUM S.A.,2006,EMPRESAS EMISORAS,MINERAS,,Anual Individual,Anual,D lares,M todo Directo,70591,41475,29116,85332,32110,38931,-5705,33226,3D01ST,3D0206,False,PRELIMINAR
B20040,20100056802,COMPAÑIA MINERA CONDESTABLE S.A.,2006,EMPRESAS EMISORAS,MINERAS,,Anual Individual,Anual,D lares,M todo Directo,34878,22442,12436,113219,5853,16012,-10934,5078,3D01ST,3D0206,False,PRELIMINAR
B20041,20137025354,COMPAÑIA MINERA PODEROSA S.A.A.,2006,EMPRESAS EMISORAS,MINERAS,,Anual Individual,Anual,Soles,M todo Directo,234486,131317,103169,175102,27577,53651,-11972,41679,3D01ST,3D0206,False,PRELIMINAR
B20012,20100163552,COMPAÑIA MINERA RAURA S.A.,2006,EMPRESAS EMISORAS,MINERAS,,Anual Individual,Anual,Soles,M todo Indirecto,230899,81366,149533,268138,86637,113038,-13110,99928,3D01ST,3D0206,False,PRELIMINAR
B20013,20100177421,COMPAÑIA MINERA SAN IGNACIO DE MOROCOCHA S.A.A.,2006,EMPRESAS EMISORAS,MINERAS,,Anual Individual,Anual,Soles,M todo Indirecto,211399,65095,146304,215945,91052,65012,-21816,43196,3D01ST,3D0206,True,PRELIMINAR
B20016,20100120314,COMPAÑIA MINERA SANTA LUISA S.A.,2006,EMPRESAS EMISORAS,MINERAS,,Anual Individual,Anual,Soles,M todo Directo,307170,116173,190997,407740,115258,86236,-21155,65081,3D01ST,3D0206,False,PRELIMINAR
CI0005,20100562848,COMPAÑIA UNIVERSAL TEXTIL S.A. EN LIQUIDACION,2006,EMPRESAS EMISORAS,INDUSTRIALES,,Anual Individual,Anual,Soles,M todo Directo,193086,72682,120404,85018,3716,8753,-3027,5726,3D01ST,3D0206,True,PRELIMINAR
CD0020,20141189850,CONECTA RETAIL S.A.,2006,EMPRESAS EMISORAS,DIVERSOS,,Anual Individual,Anual,Soles,M todo Indirecto,65770,49703,16067,136281,6206,5161,-1811,3350,3D01ST,3D0206,False,PRELIMINAR
CD0012,20465261634,CONSORCIO AGUA AZUL S.A.,2006,EMPRESAS EMISORAS,SERVICIOS PUBLICOS,,Anual Individual,Anual,Soles,M todo Directo,174985,86209,88776,37258,10716,14599,-476,14123,3D01ST,3D0206,False,PRELIMINAR
000683,20100195080,CONSORCIO INDUSTRIAL DE AREQUIPA SA,2006,EMPRESAS EMISORAS,INDUSTRIALES,,Anual Individual,Anual,Soles,M todo Directo,25572,3958,21614,27358,3145,1386,-416,970,3D01ST,3D0206,False,PRELIMINAR
CD0013,20383316473,CONSORCIO TRANSMANTARO S.A.,2006,EMPRESAS EMISORAS,SERVICIOS PUBLICOS,,Anual Individual,Anual,D lares,M todo Directo,143145,95599,47546,26978,7246,17692,-92,17600,3D01ST,3D0206,False,PRELIMINAR
B30144,20100019940,CONSTRUCCIONES ELECTROMECANICAS DELCROSA S.A.,2006,EMPRESAS EMISORAS,INDUSTRIALES,,Anual Individual,Anual,Soles,M todo Directo,42604,25588,17016,26983,237,569,-251,318,3D01ST,3D0206,True,PRELIMINAR
CI0003,20370146994,CORPORACION ACEROS AREQUIPA S.A.,2006,EMPRESAS EMISORAS,INDUSTRIALES,,Anual Individual,Anual,Soles,M todo Directo,1213701,537056,676645,1166342,142817,-78477,-19433,-97910,3D01ST,3D0206,True,PRELIMINAR
019886,20161636780,CORPORACION CERAMICA S.A.,2006,EMPRESAS EMISORAS,INDUSTRIALES,,Anual Individual,Anual,Soles,M todo Directo,100604,43838,56766,105662,2174,11008,-4787,6221,3D01ST,3D0206,True,PRELIMINAR
B30207,20100228352,CORPORACION CERVESUR S.A.A.,2006,EMPRESAS EMISORAS,DIVERSOS,,Anual Individual,Anual,Soles,M todo Directo,568592,5043,563549,52516,45045,39390,-281,39109,3D01ST,3D0206,False,PRELIMINAR
CF0002,20100116392,CORPORACION FINANCIERA DE DESARROLLO S.A. - COFIDE,2006,EMPRESAS EMISORAS,FINANCIERAS,,Anual Individual,Anual,Soles,M todo Indirecto,3590341,2093348,1496993,207220,37029,5443,,,3F0501,,False,INCOMPLETO
OE1566,20501663256,CORPORACION FUNERARIA S.A.,2006,EMPRESAS EMISORAS,DIVERSOS,,Anual Individual,Anual,Soles,M todo Directo,10518,2611,7907,14779,1064,1067,-1326,-259,3D01ST,3D0206,True,PRELIMINAR
CI0010,20255322363,CORPORACION MISKI S.A.,2006,EMPRESAS EMISORAS,INDUSTRIALES,,Anual Individual,Anual,Soles,M todo Directo,27257,13430,13827,63289,2056,-262,-1326,-1588,3D01ST,3D0206,True,PRELIMINAR
B30060,20133530003,CREDITEX S.A.A.,2006,EMPRESAS EMISORAS,INDUSTRIALES,,Anual Individual,Anual,Soles,M todo Directo,369082,150786,218296,278760,16167,38215,-10900,27315,3D01ST,3D0206,False,PRELIMINAR
B60058,20308668780,CREDITO LEASING S.A.,2006,EMPRESAS EMISORAS,DIVERSOS,,Anual Individual,Anual,Soles,M todo Indirecto,814725,750281,64444,63169,13738,12407,,,3F0501,,True,INCOMPLETO
B80104,20100035392,EL PACIFICO PERUANO-SUIZA CIA DE SEGUROS Y REASEGUROS,2006,EMPRESAS EMISORAS,SEGUROS,,Anual Individual,Anual,Soles,M todo Indirecto,1028185,519729,508456,607159,153224,17502,-17584,-82,3E0301,3E0405,False,PRELIMINAR
B40013,20106156400,ELECTRO DUNAS S.A.A.,2006,EMPRESAS EMISORAS,SERVICIOS PUBLICOS,,Anual Individual,Anual,Soles,M todo Directo,247341,81658,165683,133679,1830,16219,0,16219,3D01ST,3D0206,True,PRELIMINAR
B40005,20116544289,ELECTRO SUR ESTE S.A.A.,2006,EMPRESAS EMISORAS,SERVICIOS PUBLICOS,,Anual Individual,Anual,Soles,M todo Directo,411676,28078,383598,125614,8106,21251,-11739,9512,3D01ST,3D0206,False,PRELIMINAR
B08359,20118792174,EMPRESA AGRARIA AZUCARERA ANDAHUASI S.A.A.,2006,EMPRESAS EMISORAS,AGRICOLAS,,Anual Individual,Anual,Soles,M todo Directo,351598,94855,256743,114157,1954,15937,-5998,9939,3D01ST,3D0206,False,PRELIMINAR
B11072,20131835621,EMPRESA AGRARIA CHIQUITOY S.A.,2006,EMPRESAS EMISORAS,AGRICOLAS,,Anual Individual,Anual,Soles,M todo Directo,89440,80630,8810,14112,9712,-886,-354,-1240,3D01ST,3D0206,False,PRELIMINAR
B11079,20132369331,EMPRESA AGRICOLA BARRAZA S.A.,2006,EMPRESAS EMISORAS,AGRICOLAS,,Anual Individual,Anual,Soles,M todo Directo,20345,2251,18094,7793,2610,3129,-50,3079,3D01ST,3D0206,False,PRELIMINAR
B11074,20103272964,EMPRESA AGRICOLA SAN JUAN S.A.,2006,EMPRESAS EMISORAS,AGRICOLAS,,Anual Individual,Anual,Soles,M todo Directo,71964,8938,63026,23491,5509,4866,-2751,2115,3D01ST,3D0206,False,PRELIMINAR
B08358,20133419749,EMPRESA AGRICOLA SINTUCO S.A.,2006,EMPRESAS EMISORAS,AGRICOLAS,,Anual Individual,Anual,Soles,M todo Directo,39197,5442,33755,12294,4578,1182,-621,561,3D01ST,3D0206,True,PRELIMINAR
B08360,20163898200,EMPRESA AGROINDUSTRIAL POMALCA S.A.A.,2006,EMPRESAS EMISORAS,AGRICOLAS,,Anual Individual,Anual,Soles,M todo Directo,800909,384544,416365,52598,-20870,1193,-833,360,3D01ST,3D0206,False,PRELIMINAR
B11078,20136009614,EMPRESA AGROINDUSTRIAL TUMAN S.A.A.,2006,EMPRESAS EMISORAS,AGRICOLAS,,Anual Individual,Anual,Soles,M todo Directo,693402,301919,391483,98011,-42633,-3333,-271,-3604,3D01ST,3D0206,True,PRELIMINAR
017070,20141723601,EMPRESA AZUCARERA EL INGENIO S.A.,2006,EMPRESAS EMISORAS,AGRICOLAS,,Anual Individual,Anual,Soles,M todo Directo,53549,13269,40280,9178,1048,1246,-3,1243,3D01ST,3D0206,False,PRELIMINAR
SP0001,20380383030,EMPRESA DE GENERACION ELECTRICA CAHUA S.A.,2006,EMPRESAS EMISORAS,SERVICIOS PUBLICOS,,Anual Individual,Anual,Soles,M todo Directo,323711,144050,179661,79775,9960,26970,-2014,24956,3D01ST,3D0206,True,PRELIMINAR
SP0009,20262221335,EMPRESA DE GENERACION ELECTRICA SAN GABAN S.A.,2006,EMPRESAS EMISORAS,SERVICIOS PUBLICOS,,Anual Individual,Anual,Soles,M todo Indirecto,534152,233089,301063,111844,19877,47612,-2866,44746,3D01ST,3D0206,False,PRELIMINAR
B30241,20143229816,EMPRESA EDITORA EL COMERCIO S.A.,2006,EMPRESAS EMISORAS,INDUSTRIALES,,Anual Individual,Anual,Soles,M todo Directo,284101,139704,144397,376160,40526,29493,-12018,17475,3D01ST,3D0206,False,PRELIMINAR
CD0022,20100027705,EMPRESA ELECTRICIDAD DEL PERU - ELECTROPERU S.A.,2006,EMPRESAS EMISORAS,SERVICIOS PUBLICOS,,Anual Individual,Anual,Soles,M todo Directo,3775501,1594081,2181420,1377965,245649,447540,-10140,437400,3D01ST,3D0206,False,PRELIMINAR
B40002,20132023540,EMPRESA REGIONAL DE SERVICIO PUBLICO DE ELECTRICIDAD ELECTRONORTE MEDIO S.A. - HIDRANDINA,2006,EMPRESAS EMISORAS,SERVICIOS PUBLICOS,,Anual Individual,Anual,Soles,M todo Directo,775475,121331,654144,301842,22396,42102,-49690,-7588,3D01ST,3D0206,False,PRELIMINAR
CM0003,20402885549,EMPRESA SIDERURGICA DEL PERU S.A.A. - SIDERPERU,2006,EMPRESAS EMISORAS,INDUSTRIALES,,Anual Individual,Anual,Soles,M todo Directo,1087975,554266,533709,866577,42366,33441,-19503,13938,3D01ST,3D0206,False,PRELIMINAR
003058,20270508163,ENEL GENERACION PIURA S.A.,2006,EMPRESAS EMISORAS,SERVICIOS PUBLICOS,,Anual Individual,Anual,Soles,M todo Directo,243898,126605,117293,229403,57665,84815,-17631,67184,3D01ST,3D0206,False,PRELIMINAR
002829,20333363900,ENGIE ENERGIA PERU S.A.A.,2006,EMPRESAS EMISORAS,SERVICIOS PUBLICOS,,Anual Individual,Anual,D lares,M todo Directo,443704,226185,217519,201919,41763,68388,-44898,23490,3D01ST,3D0206,False,PRELIMINAR
B30094,20100094135,EXSA S.A.,2006,EMPRESAS EMISORAS,INDUSTRIALES,,Anual Individual,Anual,Soles,M todo Indirecto,256808,103137,153671,255495,22594,8647,0,8647,3D01ST,3D0206,True,PRELIMINAR
B30042,20100020956,FABRICA DE HILADOS Y TEJIDOS SAN MIGUEL S.A. - EN LIQUIDACION,2006,EMPRESAS EMISORAS,INDUSTRIALES,,Anual Individual,Anual,Soles,M todo Directo,1124,1,1123,0,-29,2,0,2,3D01ST,3D0206,False,PRELIMINAR
B30211,20100165687,FABRICA NACIONAL DE ACUMULADORES ETNA S.A.,2006,EMPRESAS EMISORAS,INDUSTRIALES,,Anual Individual,Anual,Soles,M todo Directo,40990,11203,29787,53971,7506,3058,-448,2610,3D01ST,3D0206,False,PRELIMINAR
B30122,20100051240,FABRICA PERUANA ETERNIT S.A.,2006,EMPRESAS EMISORAS,INDUSTRIALES,,Anual Individual,Anual,Soles,M todo Directo,38573,9004,29569,67547,5434,9131,-2768,6363,3D01ST,3D0206,True,PRELIMINAR
B60001,20100027292,FERREYCORP S.A.A.,2006,EMPRESAS EMISORAS,DIVERSOS,,Anual Individual,Anual,Soles,M todo Directo,1005787,606625,399162,1274879,97562,61069,-13665,47404,3D01ST,3D0206,False,PRELIMINAR
B30083,20100083010,FILAMENTOS INDUSTRIALES S.A.,2006,EMPRESAS EMISORAS,DIVERSOS,,Anual Individual,Anual,Soles,M todo Directo,63052,19299,43753,76766,11292,-3998,-5717,-9715,3D01ST,3D0206,False,PRELIMINAR
017892,20196629000,FIMA S A,2006,EMPRESAS EMISORAS,INDUSTRIALES,,Anual Individual,Anual,D lares,M todo Indirecto,25175,14559,10616,33482,1678,7076,-217,6859,3D01ST,3D0206,True,PRELIMINAR
B80145,20337996834,FINANCIERA TFC S.A. EN LIQUIDACION,2006,EMPRESAS EMISORAS,FINANCIERAS,,Anual Individual,Anual,Soles,M todo Indirecto,51611,30889,20722,10077,454,6716,,,3F0501,,False,INCOMPLETO
022984,20297652274,GENERANDES PERU S.A.,2006,EMPRESAS EMISORAS,SERVICIOS PUBLICOS,,Anual Individual,Anual,Soles,M todo Directo,1240280,284,1239996,0,112109,100728,0,100728,3D01ST,3D0206,True,PRELIMINAR
B80002,20100126274,GESTIONES Y RECUPERACIONES DE ACTIVOS SOCIEDAD ANONIMA (RET),2006,EMPRESAS EMISORAS,DIVERSOS,,Anual Individual,Anual,Soles,M todo Indirecto,20065,551,19514,17435,-1136,23371,0,23371,3D01ST,3D0206,False,PRELIMINAR
CM0008,20507828915,GOLD FIELDS LA CIMA S.A.,2006,EMPRESAS EMISORAS,MINERAS,,Anual Individual,Anual,Soles,M todo Directo,484921,428515,56406,0,-1939,16606,-234905,-218299,3D01ST,3D0206,False,PRELIMINAR
B80049,20100116988,GR HOLDING S.A.,2006,EMPRESAS EMISORAS,DIVERSOS,,Anual Individual,Anual,Soles,M todo Directo,112521,22239,90282,4040,4307,2595,0,2595,3D01ST,3D0206,False,PRELIMINAR
BV0001,20100055661,GRUPO BVL S.A.A.,2006,EMPRESAS EMISORAS,DIVERSOS,,Anual Individual,Anual,Soles,M todo Directo,83801,7269,76532,36849,23970,15139,0,15139,3D01ST,3D0206,True,PRELIMINAR
B30140,20100171814,HIDROSTAL S.A.,2006,EMPRESAS EMISORAS,INDUSTRIALES,,Anual Individual,Anual,Soles,M todo Directo,55967,21937,34030,66895,2192,2959,-2660,299,3D01ST,3D0206,False,PRELIMINAR
006826,20100032709,I Q F DEL PERU SA,2006,EMPRESAS EMISORAS,INDUSTRIALES,,Anual Individual,Anual,Soles,M todo Directo,129899,61107,68792,82276,8246,13200,-5626,7574,3D01ST,3D0206,False,PRELIMINAR
B30236,20251293181,INDECO S.A.,2006,EMPRESAS EMISORAS,INDUSTRIALES,,Anual Individual,Anual,D lares,M todo Directo,82870,35756,47114,226133,16576,2063,-1907,156,3D01ST,3D0206,False,PRELIMINAR
B30050,20102728743,INDUSTRIA TEXTIL PIURA S.A.,2006,EMPRESAS EMISORAS,INDUSTRIALES,,Anual Individual,Anual,Soles,M todo Directo,134856,46418,88438,130163,6598,24646,0,24646,3D01ST,3D0206,False,PRELIMINAR
B30107,20100004322,INDUSTRIAS DEL ENVASE S.A.,2006,EMPRESAS EMISORAS,INDUSTRIALES,,Anual Individual,Anual,Soles,M todo Directo,97277,23153,74124,106108,-223,7459,-2107,5352,3D01ST,3D0206,False,PRELIMINAR
B30152,20100003512,INDUSTRIAS ELECTRO QUIMICAS S.A. IEQSA,2006,EMPRESAS EMISORAS,INDUSTRIALES,,Anual Individual,Anual,Soles,M todo Directo,279639,192040,87599,457959,10120,-59881,-2524,-62405,3D01ST,3D0206,False,PRELIMINAR
B30008,20100068649,INGREDION PERU S.A.,2006,EMPRESAS EMISORAS,INDUSTRIALES,,Anual Individual,Anual,Soles,M todo Directo,49972,24780,25192,69124,2784,1720,-697,1023,3D01ST,3D0206,False,PRELIMINAR
B30127,20100049938,INMOBILIARIA KANPU S.A.,2006,EMPRESAS EMISORAS,DIVERSOS,,Anual Individual,Anual,Soles,M todo Directo,154095,90166,63929,119153,10471,6977,-5826,1151,3D01ST,3D0206,False,PRELIMINAR
CN0002,20499141051,INMOBILIARIA MILENIA S.A.,2006,EMPRESAS EMISORAS,DIVERSOS,,Anual Individual,Anual,Soles,M todo Directo,41908,366,41542,7364,3117,2913,-51,2862,3D01ST,3D0206,False,PRELIMINAR
B30086,20100047722,INMOBILIARIA VENCEDOR S.A.,2006,EMPRESAS EMISORAS,INDUSTRIALES,,Anual Individual,Anual,Soles,M todo Directo,82335,36378,45957,87897,2257,2814,-1410,1404,3D01ST,3D0206,False,PRELIMINAR
OE1274,20423264617,INMUEBLES PANAMERICANA S.A.,2006,EMPRESAS EMISORAS,DIVERSOS,,Anual Individual,Anual,Soles,M todo Directo,153899,89812,64087,33417,10961,14292,-331,13961,3D01ST,3D0206,False,PRELIMINAR
B70009,20100017491,INTEGRATEL PERU S.A.A.,2006,EMPRESAS EMISORAS,SERVICIOS PUBLICOS,,Anual Individual,Anual,Soles,M todo Indirecto,8068395,5007750,3060645,4115375,176031,984505,-510823,473682,3D01ST,3D0206,False,PRELIMINAR
CD0010,0,INTERCORP PERU LTD.,2006,EMPRESAS EMISORAS,DIVERSOS,,Anual Individual,Anual,Soles,M todo Indirecto,1054127,204298,849829,232775,218468,-14902,,,3F0501,,False,INCOMPLETO
CS0002,20382748566,INTERSEGURO COMPAÑIA DE SEGUROS S.A.,2006,EMPRESAS EMISORAS,SEGUROS,,Anual Individual,Anual,Soles,M todo Directo,1464693,1312337,152356,87483,43291,190398,-1004,189394,3E0301,3E0405,False,PRELIMINAR
TI0002,20417378911,INTRADEVCO INDUSTRIAL S.A.,2006,EMPRESAS EMISORAS,INDUSTRIALES,,Anual Individual,Anual,Soles,M todo Directo,204346,100940,103406,207013,10282,-2820,-1669,-4489,3D01ST,3D0206,False,PRELIMINAR
B80057,20101099149,INVERSIONES ASPI S.A.,2006,EMPRESAS EMISORAS,DIVERSOS,,Anual Individual,Anual,Soles,M todo Directo,480548,77455,403093,62476,51855,25790,0,25790,3D01ST,3D0206,False,PRELIMINAR
B80077,20101045995,INVERSIONES CENTENARIO S.A.A.,2006,EMPRESAS EMISORAS,DIVERSOS,,Anual Individual,Anual,Soles,M todo Directo,357291,146531,210760,80360,25560,22957,-10470,12487,3D01ST,3D0206,True,PRELIMINAR
B60004,20104347691,INVERSIONES EN TURISMO S.A. INVERTUR,2006,EMPRESAS EMISORAS,DIVERSOS,,Anual Individual,Anual,Soles,M todo Directo,31105,4491,26614,11800,1574,2575,-1096,1479,3D01ST,3D0206,False,PRELIMINAR
B60005,20114803228,INVERSIONES NACIONALES DE TURISMO S.A. INTURSA,2006,EMPRESAS EMISORAS,DIVERSOS,,Anual Individual,Anual,Soles,M todo Directo,132157,40206,91951,50935,8335,14667,-5720,8947,3D01ST,3D0206,False,PRELIMINAR
A80069,20100210909,LA POSITIVA SEGUROS Y REASEGUROS S.A.,2006,EMPRESAS EMISORAS,SEGUROS,,Anual Individual,Anual,Soles,M todo Indirecto,244105,125164,118941,213576,19547,18355,-2406,15949,3E0301,3E0405,False,PRELIMINAR
OE2069,20454073143,LA POSITIVA VIDA SEGUROS Y REASEGUROS S.A.,2006,EMPRESAS EMISORAS,SEGUROS,,Anual Individual,Anual,Soles,M todo Directo,541613,474383,67230,29911,10280,26806,-357,26449,3E0301,3E0405,False,PRELIMINAR
CI0011,20100095450,LAIVE S.A.,2006,EMPRESAS EMISORAS,INDUSTRIALES,,Anual Individual,Anual,Soles,M todo Directo,145856,64000,81856,200707,2535,-858,-1368,-2226,3D01ST,3D0206,False,PRELIMINAR
B30230,20100190100,LAPICES Y CONEXOS S.A. LAYCONSA,2006,EMPRESAS EMISORAS,INDUSTRIALES,,Anual Individual,Anual,Soles,M todo Directo,63021,32335,30686,24657,1136,-2456,-7694,-10150,3D01ST,3D0206,False,PRELIMINAR
B80031,20100093759,LATINA HOLDING S.A.,2006,EMPRESAS EMISORAS,DIVERSOS,,Anual Individual,Anual,Soles,M todo Indirecto,51346,10454,40892,0,-522,775,0,775,3E0301,3E0405,False,PRELIMINAR
006166,20100190797,LECHE GLORIA S.A.,2006,EMPRESAS EMISORAS,INDUSTRIALES,,Anual Individual,Anual,Soles,M todo Directo,1605063,659568,945495,1511449,94394,173776,-56023,117753,3D01ST,3D0206,False,PRELIMINAR
B30099,20100182778,LIMA CAUCHO S.A. EN LIQUIDACION,2006,EMPRESAS EMISORAS,INDUSTRIALES,,Anual Individual,Anual,Soles,M todo Directo,66564,32918,33646,57015,-1,-766,-450,-1216,3D01ST,3D0206,False,PRELIMINAR
B70032,20301837896,LOS PORTALES S.A.,2006,EMPRESAS EMISORAS,DIVERSOS,,Anual Individual,Anual,Soles,M todo Directo,194395,137516,56879,42753,8051,4445,-1924,2521,3D01ST,3D0206,False,PRELIMINAR
B40008,20331898008,LUZ DEL SUR S.A.A.,2006,EMPRESAS EMISORAS,SERVICIOS PUBLICOS,,Anual Individual,Anual,Soles,M todo Directo,2095519,1265678,829841,1342068,164921,344108,-93237,250871,3D01ST,3D0206,False,PRELIMINAR
B30134,20100074371,MANUFACTURA DE METALES Y ALUMINIO RECORD S.A. EN LIQUIDACION,2006,EMPRESAS EMISORAS,INDUSTRIALES,,Anual Individual,Anual,Soles,M todo Directo,48794,14401,34393,37183,1517,1446,-1330,116,3D01ST,3D0206,False,PRELIMINAR
CS0004,20418896915,MAPFRE PERU COMPAÑIA DE SEGUROS Y REASEGUROS,2006,EMPRESAS EMISORAS,SEGUROS,,Anual Individual,Anual,Soles,M todo Indirecto,377934,335966,41968,65161,8068,54907,-757,54150,3E0301,3E0405,False,PRELIMINAR
B80135,20258980108,MAPFRE PERU COMPAÑIA DE SEGUROS Y REASEGUROS (RET),2006,EMPRESAS EMISORAS,SEGUROS,,Anual Individual,Anual,Soles,M todo Indirecto,114812,72022,42790,117166,-3785,1414,-1794,-380,3E0301,3E0405,False,PRELIMINAR
B80122,20202380621,MAPFRE PERU COMPAÑIA DE SEGUROS Y REASEGUROS (SOCIEDAD ABSORBIDA),2006,EMPRESAS EMISORAS,SEGUROS,,Anual Individual,Anual,Soles,M todo Indirecto,147179,92524,54655,151414,9624,-19289,-397,-19686,3E0301,3E0405,False,PRELIMINAR
002684,20160286068,MAQUINARIAS S.A.,2006,EMPRESAS EMISORAS,DIVERSOS,,Anual Individual,Anual,Soles,M todo Directo,181243,108143,73100,264799,9077,-2772,-4661,-7433,3D01ST,3D0206,True,PRELIMINAR
B20030,20100037841,MARMOLES Y GRANITOS S.A.,2006,EMPRESAS EMISORAS,MINERAS,,Anual Individual,Anual,Soles,M todo Directo,14381,9282,5099,15436,218,504,-170,334,3D01ST,3D0206,False,PRELIMINAR
001041,20100166811,METALPREN S A,2006,EMPRESAS EMISORAS,INDUSTRIALES,,Anual Individual,Anual,Soles,M todo Directo,75500,45732,29768,97842,6892,2551,-5151,-2600,3D01ST,3D0206,True,PRELIMINAR
CB0001,20382036655,MIBANCO BANCO DE LA MICROEMPRESA S.A.,2006,EMPRESAS EMISORAS,BANCOS,,Anual Individual,Anual,Soles,M todo Indirecto,1241243,1074479,166764,311121,51144,105892,,,3F0501,,True,INCOMPLETO
TI0003,20100192650,MICHELL Y CIA. S.A.,2006,EMPRESAS EMISORAS,INDUSTRIALES,,Anual Individual,Anual,Soles,M todo Directo,200361,119407,80954,136761,858,20031,-6953,13078,3D01ST,3D0206,False,PRELIMINAR
CM0002,20338426781,MINERA ANDINA DE EXPLORACIONES S.A.A.,2006,EMPRESAS EMISORAS,MINERAS,,Anual Individual,Anual,Soles,M todo Directo,5379,2183,3196,14413,953,673,-296,377,3D01ST,3D0206,True,PRELIMINAR
002728,20209133394,MINERA BARRICK MISQUICHILCA SA,2006,EMPRESAS EMISORAS,MINERAS,,Anual Individual,Anual,D lares,M todo Indirecto,1031225,456319,574906,960630,419648,603123,-61666,541457,3D01ST,3D0206,True,PRELIMINAR
OE1804,20137291313,MINERA YANACOCHA S.R.L.,2006,EMPRESAS EMISORAS,MINERAS,,Anual Individual,Anual,D lares,M todo Directo,1823480,622918,1200562,1636009,567659,632178,-194623,437555,3D01ST,3D0206,False,PRELIMINAR
A20032,20100136741,MINSUR S.A.,2006,EMPRESAS EMISORAS,MINERAS,,Anual Individual,Anual,Soles,M todo Directo,2092086,155991,1936095,1125994,537289,434982,-34783,400199,3D01ST,3D0206,False,PRELIMINAR
BF0001,20375361991,MITSUI AUTO FINANCE PERU S.A.,2006,EMPRESAS EMISORAS,FINANCIERAS,,Anual Individual,Anual,Soles,M todo Indirecto,32532,25176,7356,4096,903,-41,,,3F0501,,False,INCOMPLETO
TI0001,20417926632,MOTORES DIESEL ANDINOS S.A.,2006,EMPRESAS EMISORAS,INDUSTRIALES,,Anual Individual,Anual,Soles,M todo Directo,99091,52809,46282,108876,7099,445,0,445,3D01ST,3D0206,False,PRELIMINAR
B80136,20100007852,NEGOCIOS E INMUEBLES S.A.,2006,EMPRESAS EMISORAS,DIVERSOS,,Anual Individual,Anual,Soles,M todo Directo,151709,1638,150071,4744,17446,1525,-49,1476,3D01ST,3D0206,False,PRELIMINAR
CM0007,20100123500,NEXA RESOURCES ATACOCHA S.A.A.,2006,EMPRESAS EMISORAS,MINERAS,,Anual Individual,Anual,Soles,M todo Directo,838306,455003,383303,578743,211766,308732,-7600,301132,3D01ST,3D0206,True,PRELIMINAR
B20010,20100110513,NEXA RESOURCES PERU S.A.A.,2006,EMPRESAS EMISORAS,MINERAS,,Anual Individual,Anual,D lares,M todo Indirecto,287555,57538,230017,193929,96270,100305,-21630,78675,3D01ST,3D0206,True,PRELIMINAR
023154,20338646802,ORAZUL ENERGY EGENOR SOCIEDAD EN COMANDITA POR ACCIONES,2006,EMPRESAS EMISORAS,SERVICIOS PUBLICOS,,Anual Individual,Anual,Soles,M todo Directo,1326904,718013,608891,382879,59518,33097,-12238,20859,3D01ST,3D0206,True,PRELIMINAR
B40009,20330791412,ORYGEN PERU S.A.A.,2006,EMPRESAS EMISORAS,SERVICIOS PUBLICOS,,Anual Individual,Anual,Soles,M todo Directo,4921175,2684143,2237032,1028718,203342,313132,-169718,143414,3D01ST,3D0206,True,PRELIMINAR
B30118,20100011701,OWENS-ILLINOIS PERU S.A. (RET),2006,EMPRESAS EMISORAS,INDUSTRIALES,,Anual Individual,Anual,Soles,M todo Indirecto,330428,217762,112666,260430,19925,59754,-24156,35598,3D01ST,3D0206,False,PRELIMINAR
B60055,20332970411,PACIFICO COMPAÑIA DE SEGUROS Y REASEGUROS,2006,EMPRESAS EMISORAS,SEGUROS,,Anual Individual,Anual,Soles,M todo Indirecto,1790802,1586992,203810,223818,37491,145064,-6039,139025,3E0301,3E0405,False,PRELIMINAR
B50003,20118206208,PERU HOLDING DE TURISMO S.A.A.,2006,EMPRESAS EMISORAS,DIVERSOS,,Anual Individual,Anual,Soles,M todo Directo,202604,19926,182678,136,105,-26,0,-26,3D01ST,3D0206,False,PRELIMINAR
002927,20338352728,PERUANA DE ENERGIA S.A.A.,2006,EMPRESAS EMISORAS,SERVICIOS PUBLICOS,,Anual Individual,Anual,Soles,M todo Directo,31580,9075,22505,8877,3820,-708,-32,-740,3D01ST,3D0206,True,PRELIMINAR
B20023,20100136237,PERUBAR S.A.,2006,EMPRESAS EMISORAS,MINERAS,,Anual Individual,Anual,D lares,M todo Directo,74896,14237,60659,56374,27661,38739,-4254,34485,3D01ST,3D0206,True,PRELIMINAR
CI0012,20380336384,PESQUERA EXALMAR S.A.A.,2006,EMPRESAS EMISORAS,INDUSTRIALES,,Anual Individual,Anual,Soles,M todo Directo,447092,281496,165596,224477,8399,53725,-14146,39579,3D01ST,3D0206,False,PRELIMINAR
OE2008,20510889135,PLUSPETROL CAMISEA S.A.,2006,EMPRESAS EMISORAS,DIVERSOS,,Anual Individual,Anual,D lares,M todo Indirecto,364219,197870,166349,189195,63079,78878,-1204,77674,3D01ST,3D0206,False,PRELIMINAR
CI0008,20504311342,PLUSPETROL NORTE S.A.,2006,EMPRESAS EMISORAS,INDUSTRIALES,,Anual Individual,Anual,D lares,M todo Indirecto,820521,442919,377602,709645,175164,169083,-782,168301,3D01ST,3D0206,False,PRELIMINAR
B40010,20269985900,PLUZ ENERGIA PERU S.A.A.,2006,EMPRESAS EMISORAS,SERVICIOS PUBLICOS,,Anual Individual,Anual,Soles,M todo Directo,2205226,1326340,878886,1317664,98957,259040,-122363,136677,3D01ST,3D0206,False,PRELIMINAR
OE1928,20510398158,PRIMA AFP S.A.,2006,EMPRESAS EMISORAS,A.F.P.,,Anual Individual,Anual,Soles,M todo Directo,723964,353833,370131,72454,-69635,-83927,-37865,-121792,3D01ST,3D0206,False,PRELIMINAR
AFP004,20142829551,PROFUTURO AFP,2006,EMPRESAS EMISORAS,A.F.P.,,Anual Individual,Anual,Soles,M todo Indirecto,134312,71186,63126,106802,5363,-8619,-7353,-15972,3D01ST,3D0206,False,PRELIMINAR
B70031,20269231743,PROMOTORA CLUB EMPRESARIAL S.A.,2006,EMPRESAS EMISORAS,DIVERSOS,,Anual Individual,Anual,Soles,M todo Directo,27489,51983,-24494,6093,-604,-1064,-50,-1114,3D01ST,3D0206,True,PRELIMINAR
B20042,20330791501,QUIMPAC S.A.,2006,EMPRESAS EMISORAS,INDUSTRIALES,,Anual Individual,Anual,Soles,M todo Directo,594045,307714,286331,442343,39817,86098,-46846,39252,3D01ST,3D0206,False,PRELIMINAR
001672,20100039207,RANSA COMERCIAL S.A.C,2006,EMPRESAS EMISORAS,DIVERSOS,,Anual Individual,Anual,Soles,M todo Directo,683479,177782,505697,218460,64319,9934,-22201,-12267,3D01ST,3D0206,False,PRELIMINAR
B30084,20100026997,RAYON INDUSTRIAL S.A. EN LIQUIDACION,2006,EMPRESAS EMISORAS,INDUSTRIALES,,Anual Individual,Anual,Soles,M todo Directo,1592,1,1591,0,-3,-5,0,-5,3D01ST,3D0206,False,PRELIMINAR
B30220,20100005566,REACTIVOS NACIONALES S.A. RENASA,2006,EMPRESAS EMISORAS,INDUSTRIALES,,Anual Individual,Anual,Soles,M todo Directo,19212,5923,13289,23946,4214,4256,-1995,2261,3D01ST,3D0206,False,PRELIMINAR
B90002,20100298725,RED BICOLOR DE COMUNICACIONES S.A.A. - RBC TV S.A.A.,2006,EMPRESAS EMISORAS,DIVERSOS,,Anual Individual,Anual,Soles,M todo Directo,5539,453,5086,3004,170,-44,-76,-120,3D01ST,3D0206,False,PRELIMINAR
SP0008,20504645046,RED DE ENERGIA DEL PERU S.A.,2006,EMPRESAS EMISORAS,SERVICIOS PUBLICOS,,Anual Individual,Anual,D lares,M todo Directo,316000,157355,158645,60893,10885,31105,-1656,29449,3D01ST,3D0206,False,PRELIMINAR
002766,20259829594,REFINERIA LA PAMPILLA S.A.A.,2006,EMPRESAS EMISORAS,INDUSTRIALES,,Anual Individual,Anual,D lares,M todo Directo,658027,408270,249757,2376476,23565,36719,-13413,23306,3D01ST,3D0206,False,PRELIMINAR
B80037,20100041953,RIMAC SEGUROS Y REASEGUROS,2006,EMPRESAS EMISORAS,SEGUROS,,Anual Individual,Anual,Soles,M todo Indirecto,2346804,1919456,427348,1041184,81031,285610,-6823,278787,3E0301,3E0405,False,PRELIMINAR
014313,20100128056,SAGA FALABELLA S.A.,2006,EMPRESAS EMISORAS,DIVERSOS,,Anual Individual,Anual,Soles,M todo Directo,651096,441392,209704,1125548,42495,65672,-2301,63371,3D01ST,3D0206,False,PRELIMINAR
000717,20100154308,SAN FERNANDO S.A.,2006,EMPRESAS EMISORAS,INDUSTRIALES,,Anual Individual,Anual,Soles,M todo Directo,585428,287135,298293,902566,43523,160670,-23862,136808,3D01ST,3D0206,True,PRELIMINAR
B80134,20255993225,SANTANDER CONSUMER BANK S.A.,2006,EMPRESAS EMISORAS,BANCOS,,Anual Individual,Anual,Soles,M todo Indirecto,1337988,1218384,119604,446567,10475,129623,,,3F0501,,True,INCOMPLETO
B80012,20100043140,SCOTIABANK PERU S.A.A.,2006,EMPRESAS EMISORAS,BANCOS,,Anual Individual,Anual,Soles,M todo Indirecto,13507627,12223450,1284177,1207016,262344,830043,,,3F0501,,False,INCOMPLETO
CS0005,20463627488,SEGUROS SURA,2006,EMPRESAS EMISORAS,SEGUROS,,Anual Individual,Anual,Soles,M todo Indirecto,1656012,1501859,154153,102650,28304,268817,-765,268052,3E0301,3E0405,False,PRELIMINAR
SP0002,20325493811,SHOUGANG GENERACION ELECTRICA S.A.A.,2006,EMPRESAS EMISORAS,SERVICIOS PUBLICOS,,Anual Individual,Anual,Soles,M todo Directo,90076,33873,56203,135599,5574,12723,-3293,9430,3D01ST,3D0206,False,PRELIMINAR
CM0004,20100142989,SHOUGANG HIERRO PERU S.A.A.,2006,EMPRESAS EMISORAS,MINERAS,,Anual Individual,Anual,Soles,M todo Directo,724771,301244,423527,963942,236106,322562,-57643,264919,3D01ST,3D0206,False,PRELIMINAR
SP0010,20100188628,SOCIEDAD ELECTRICA DEL SUR OESTE S.A. - SEAL,2006,EMPRESAS EMISORAS,SERVICIOS PUBLICOS,,Anual Individual,Anual,Soles,M todo Indirecto,295722,77607,218115,181920,2951,22231,-23463,-1232,3D01ST,3D0206,False,PRELIMINAR
B30143,20100113539,SOCIEDAD INDUSTRIAL DE ARTICULOS DE METAL S.A.C. - SIAM EN LIQUIDACION,2006,EMPRESAS EMISORAS,INDUSTRIALES,,Anual Individual,Anual,Soles,M todo Directo,7752,2294,5458,11572,627,642,-55,587,3D01ST,3D0206,True,PRELIMINAR
CM0006,20170072465,SOCIEDAD MINERA CERRO VERDE S.A.A.,2006,EMPRESAS EMISORAS,MINERAS,,Anual Individual,Anual,D lares,M todo Indirecto,1651256,390199,1261057,667671,444621,375285,-560095,-184810,3D01ST,3D0206,False,PRELIMINAR
002597,20217427593,SOCIEDAD MINERA CORONA S.A.,2006,EMPRESAS EMISORAS,MINERAS,,Anual Individual,Anual,D lares,M todo Directo,40475,24301,16174,52175,13345,19065,-1191,17874,3D01ST,3D0206,False,PRELIMINAR
B20026,20100017572,SOCIEDAD MINERA EL BROCAL S.A.A.,2006,EMPRESAS EMISORAS,MINERAS,,Anual Individual,Anual,D lares,M todo Directo,202391,74472,127919,233615,109533,115373,-15362,100011,3D01ST,3D0206,False,PRELIMINAR
B80013,20100161771,SOLUCION EMPRESA ADMINISTRADORA HIPOTECARIA S.A.,2006,EMPRESAS EMISORAS,DIVERSOS,,Anual Individual,Anual,Soles,M todo Indirecto,91386,76834,14552,4594,509,2507,,,3F0501,,True,INCOMPLETO
CP0009,20292928841,SOUTHERN CONE POWER PERU S.A.,2006,EMPRESAS EMISORAS,DIVERSOS,,Anual Individual,Anual,D lares,M todo Directo,149203,40673,108530,0,9399,7811,0,7811,3D01ST,3D0206,False,PRELIMINAR
B20027,20100147514,"SOUTHERN PERU COPPER CORPORATION, SUCURSAL DEL PERU",2006,EMPRESAS EMISORAS,MINERAS,,Anual Individual,Anual,D lares,M todo Indirecto,2148036,689570,1458466,2855122,1273669,1267008,-253349,1013659,3D01ST,3D0206,False,PRELIMINAR
SP0007,20502597061,STATKRAFT PERU S.A. (ANTES SN POWER PERU S.A.),2006,EMPRESAS EMISORAS,SERVICIOS PUBLICOS,,Anual Individual,Anual,D lares,M todo Directo,294291,130305,163986,61251,17460,26751,-6008,20743,3D01ST,3D0206,False,PRELIMINAR
000432,20100070970,SUPERMERCADOS PERUANOS S.A.,2006,EMPRESAS EMISORAS,DIVERSOS,,Anual Individual,Anual,Soles,M todo Directo,599683,445242,154441,1078872,3506,46205,-77069,-30864,3D01ST,3D0206,True,PRELIMINAR
SP0004,20100177693,TC SIGLO 21 S.A.A.,2006,EMPRESAS EMISORAS,SERVICIOS PUBLICOS,,Anual Individual,Anual,Soles,M todo Directo,122495,45321,77174,2144,380,8295,-2569,5726,3D01ST,3D0206,False,PRELIMINAR
OE1181,20500805103,TELEFONICA MOVILES PERU HOLDING S.A.A.,2006,EMPRESAS EMISORAS,DIVERSOS,,Anual Individual,Anual,Soles,M todo Directo,829120,2405,826715,0,-41059,0,0,0,3D01ST,3D0206,False,PRELIMINAR
B70020,20100177774,TELEFONICA MOVILES S.A.,2006,EMPRESAS EMISORAS,SERVICIOS PUBLICOS,,Anual Individual,Anual,Soles,M todo Directo,2489726,1627116,862610,1837056,-42529,411665,-235661,176004,3D01ST,3D0206,False,PRELIMINAR
B30232,20100168350,TEXTIL SAN CRISTOBAL S.A. - EN LIQUIDACION,2006,EMPRESAS EMISORAS,INDUSTRIALES,,Anual Individual,Anual,Soles,M todo Directo,320333,292035,28298,155023,-3334,1108,-1794,-686,3D01ST,3D0206,False,PRELIMINAR
B30149,20100183588,TICINO DEL PERU S A,2006,EMPRESAS EMISORAS,INDUSTRIALES,,Anual Individual,Anual,Soles,M todo Directo,41692,5953,35739,42895,4461,4891,-124,4767,3D01ST,3D0206,False,PRELIMINAR
CF0001,20377892918,TOTAL SERVICIOS FINANCIEROS EMPRESA DE CREDITOS,2006,EMPRESAS EMISORAS,FINANCIERAS,,Anual Individual,Anual,Soles,M todo Indirecto,23999,13080,10919,2904,134,-2750,,,3F0501,,False,INCOMPLETO
CD0008,20138069347,TRANSACCIONES ESPECIALES S.A. (RET),2006,EMPRESAS EMISORAS,DIVERSOS,,Anual Individual,Anual,Soles,M todo Indirecto,54949,201,54748,1910,1497,3007,0,3007,3D01ST,3D0206,True,PRELIMINAR
CD0009,20468451451,TRANSACCIONES FINANCIERAS S.A.,2006,EMPRESAS EMISORAS,DIVERSOS,,Anual Individual,Anual,Soles,M todo Indirecto,20890,165,20725,5617,-464,103,0,103,3D01ST,3D0206,True,PRELIMINAR
CI0009,20499432021,TRANSPORTADORA DE GAS DEL PERU S.A.,2006,EMPRESAS EMISORAS,SERVICIOS PUBLICOS,,Anual Individual,Anual,D lares,M todo Directo,939006,718744,220262,181473,4467,47450,-18399,29051,3D01ST,3D0206,True,PRELIMINAR
B30121,20100137390,UNACEM CORP SOCIEDAD ANONIMA ABIERTA - UNACEM CORP S.A.A.,2006,EMPRESAS EMISORAS,DIVERSOS,,Anual Individual,Anual,Soles,M todo Directo,1068899,191008,877891,749801,136967,298177,-67358,230819,3D01ST,3D0206,True,PRELIMINAR
B30021,20100113610,UNION DE CERVECERIAS PERUANAS BACKUS Y JOHNSTON S.A.A.,2006,EMPRESAS EMISORAS,INDUSTRIALES,,Anual Individual,Anual,Soles,M todo Directo,2751135,552685,2198450,1612724,406988,468204,-151444,316760,3D01ST,3D0206,False,PRELIMINAR
OE0032,20138149022,UNIVERSIDAD DE SAN MARTIN DE PORRES,2006,EMPRESAS EMISORAS,DIVERSOS,,Anual Individual,Anual,Soles,M todo Directo,416808,98954,317854,259104,19490,34513,-29897,4616,3D01ST,3D0206,False,PRELIMINAR
CM0001,20383045267,VOLCAN COMPAÑIA MINERA S.A.A.,2006,EMPRESAS EMISORAS,MINERAS,,Anual Individual,Anual,Soles,M todo Directo,2658754,914269,1744485,1810106,911620,961994,-108989,853005,3D01ST,3D0206,True,PRELIMINAR
023490,20312372895,YURA S.A.,2006,EMPRESAS EMISORAS,INDUSTRIALES,,Anual Individual,Anual,Soles,M todo Directo,592803,157446,435357,293976,77654,94648,-37139,57509,3D01ST,3D0206,False,PRELIMINAR
B30150,20100022142,ABB S.A.,2007,EMPRESAS EMISORAS,INDUSTRIALES,,Anual Individual,Anual,Soles,M todo Directo,129503,82448,47055,169858,7951,4772,-5580,-808,3D01ST,3D0206,True,PRELIMINAR
020045,20260172035,ACTIVO INMOBILIARIO PERUANO S.A.A. (ANTES FALABELLA PERU S.A.A.),2007,EMPRESAS EMISORAS,DIVERSOS,,Anual Individual,Anual,Soles,M todo Directo,814645,4395,810250,25805,203393,96908,0,96908,3D01ST,3D0206,True,PRELIMINAR
B80018,20100047307,ADMINISTRADORA DEL COMERCIO S.A. EN LIQUIDACION,2007,EMPRESAS EMISORAS,DIVERSOS,,Anual Individual,Anual,Soles,M todo Directo,47923,21185,26738,7355,-1989,6378,-115,6263,3D01ST,3D0206,True,PRELIMINAR
023106,20332600592,AENZA S.A.A.,2007,EMPRESAS EMISORAS,DIVERSOS,,Anual Individual,Anual,Soles,M todo Directo,526255,78918,447337,28880,129900,48686,-13860,34826,3D01ST,3D0206,True,PRELIMINAR
AFP005,20143980821,AFP HORIZONTE S.A.,2007,EMPRESAS EMISORAS,A.F.P.,,Anual Individual,Anual,Soles,M todo Directo,225845,61864,163981,161752,42568,46473,-429,46044,3D01ST,3D0206,False,PRELIMINAR
AFP002,20157036794,AFP INTEGRA,2007,EMPRESAS EMISORAS,A.F.P.,,Anual Individual,Anual,Soles,M todo Indirecto,288732,43142,245590,197995,88798,46868,-1906,44962,3D01ST,3D0206,True,PRELIMINAR
B11073,20164042686,AGRICOLA CAYALTI SOCIEDAD ANONIMA ABIERTA,2007,EMPRESAS EMISORAS,AGRICOLAS,,Anual Individual,Anual,Soles,M todo Directo,24030,0,24030,24339,2675,0,0,0,3D01ST,3D0206,False,PRELIMINAR
B11067,20135948641,AGRO INDUSTRIAL PARAMONGA S.A.,2007,EMPRESAS EMISORAS,AGRICOLAS,,Anual Individual,Anual,Soles,M todo Directo,514722,228483,286239,157461,13673,36362,-16460,19902,3D01ST,3D0206,True,PRELIMINAR
B08363,20132377783,AGROINDUSTRIAL LAREDO S.A.A.,2007,EMPRESAS EMISORAS,AGRICOLAS,,Anual Individual,Anual,Soles,M todo Directo,427566,120609,306957,177558,49757,49407,-62091,-12684,3D01ST,3D0206,True,PRELIMINAR
B11068,20116225779,AGROINDUSTRIAS SAN JACINTO S.A.A.,2007,EMPRESAS EMISORAS,AGRICOLAS,,Anual Individual,Anual,Soles,M todo Directo,499535,136551,362984,81154,6100,1953,-9837,-7884,3D01ST,3D0206,True,PRELIMINAR
B30006,20100055237,ALICORP S.A.A.,2007,EMPRESAS EMISORAS,INDUSTRIALES,,Anual Individual,Anual,Soles,M todo Directo,2197312,890166,1307146,2505425,121015,5337,-10269,-4932,3D01ST,3D0206,False,PRELIMINAR
B60053,20265391886,AMERIKA FINANCIERA S.A. EN LIQUIDACION,2007,EMPRESAS EMISORAS,FINANCIERAS,,Anual Individual,Anual,Soles,M todo Indirecto,432434,374698,57736,41782,4987,-2208,,,3F0501,,True,INCOMPLETO
CI0006,20338054115,AUSTRAL GROUP S.A.A.,2007,EMPRESAS EMISORAS,INDUSTRIALES,,Anual Individual,Anual,Soles,M todo Directo,845652,505236,340416,583827,54155,57817,-77691,-19874,3D01ST,3D0206,True,PRELIMINAR
B80004,20100130204,BANCO BBVA PERU,2007,EMPRESAS EMISORAS,BANCOS,,Anual Individual,Anual,Soles,M todo Indirecto,24728087,22741388,1986699,1983622,593245,670472,,,3F0501,,True,INCOMPLETO
CF0004,20509507199,BANCO DE COMERCIO,2007,EMPRESAS EMISORAS,BANCOS,,Anual Individual,Anual,Soles,M todo Indirecto,818731,731938,86793,110108,13204,23965,,,3F0501,,False,INCOMPLETO
B80005,20100047218,BANCO DE CREDITO DEL PERU,2007,EMPRESAS EMISORAS,BANCOS,,Anual Individual,Anual,Soles,M todo Directo,41286745,38078910,3207835,3210508,883438,569534,,,3F0501,,True,INCOMPLETO
B80144,20330401991,BANCO FALABELLA PERU S.A.,2007,EMPRESAS EMISORAS,BANCOS,,Anual Individual,Anual,Soles,M todo Indirecto,1047671,835551,212120,335199,73939,137134,,,3F0501,,False,INCOMPLETO
OE2271,20513074370,BANCO GNB PERU S.A.,2007,EMPRESAS EMISORAS,BANCOS,,Anual Individual,Anual,Soles,M todo Indirecto,904202,869677,34525,21429,-41927,-67278,,,3F0501,,True,INCOMPLETO
B80123,20101036813,BANCO INTERAMERICANO DE FINANZAS,2007,EMPRESAS EMISORAS,BANCOS,,Anual Individual,Anual,Soles,M todo Indirecto,3069778,2877427,192351,250890,26602,42099,,,3F0501,,False,INCOMPLETO
B80020,20100053455,BANCO INTERNACIONAL DEL PERU S.A.A. - INTERBANK,2007,EMPRESAS EMISORAS,BANCOS,,Anual Individual,Anual,Soles,M todo Indirecto,10005660,9181674,823986,1012020,227792,381042,,,3F0501,,True,INCOMPLETO
B80009,20100105862,BANCO PICHINCHA,2007,EMPRESAS EMISORAS,BANCOS,,Anual Individual,Anual,Soles,M todo Indirecto,2259786,1979162,280624,272293,19351,82770,,,3F0501,,False,INCOMPLETO
B80141,20259702411,BANCO RIPLEY PERU S.A.,2007,EMPRESAS EMISORAS,BANCOS,,Anual Individual,Anual,Soles,M todo Indirecto,999962,834057,165905,305509,60391,92675,,,3F0501,,True,INCOMPLETO
OE3056,20516711559,BANCO SANTANDER PERU S.A.,2007,EMPRESAS EMISORAS,BANCOS,,Anual Individual,Anual,Soles,M todo Indirecto,176409,86330,90079,2279,-4721,-8288,,,3F0501,,False,INCOMPLETO
B30079,20100096341,BAYER S.A.,2007,EMPRESAS EMISORAS,DIVERSOS,,Anual Individual,Anual,Soles,M todo Directo,156751,65350,91401,253726,23112,5940,-4124,1816,3D01ST,3D0206,False,PRELIMINAR
B30031,20100124492,BRITISH AMERICAN TOBACCO DEL PERU HOLDINGS S.A.,2007,EMPRESAS EMISORAS,INDUSTRIALES,,Anual Individual,Anual,Soles,M todo Directo,114538,80767,33771,154452,20483,13794,-5,13789,3D01ST,3D0206,False,PRELIMINAR
CF0003,20197495929,CAJA RURAL DE AHORRO Y CREDITO DEL SUR S.A.A. (RET),2007,EMPRESAS EMISORAS,FINANCIERAS,,Anual Individual,Anual,Soles,M todo Indirecto,147019,125048,21971,27677,6116,-4253,,,3F0501,,False,INCOMPLETO
B11082,20131867744,CARTAVIO SOCIEDAD ANONIMA ABIERTA,2007,EMPRESAS EMISORAS,AGRICOLAS,,Anual Individual,Anual,Soles,M todo Directo,425726,79774,345952,186425,43617,46288,-3532,42756,3D01ST,3D0206,False,PRELIMINAR
B08361,20131823020,CASA GRANDE SOCIEDAD ANONIMA ABIERTA,2007,EMPRESAS EMISORAS,AGRICOLAS,,Anual Individual,Anual,Soles,M todo Directo,1164509,379738,784771,213770,25609,28531,-6571,21960,3D01ST,3D0206,False,PRELIMINAR
B20001,20100163048,CASTROVIRREYNA COMPAÑIA MINERA S.A. EN LIQUIDACION,2007,EMPRESAS EMISORAS,MINERAS,,Anual Individual,Anual,Soles,M todo Directo,46357,20596,25761,58126,9324,11373,-3790,7583,3D01ST,3D0206,False,PRELIMINAR
OE0524,20129497077,CEMENTO ANDINO S.A.,2007,EMPRESAS EMISORAS,INDUSTRIALES,,Anual Individual,Anual,Soles,M todo Directo,530337,99995,430342,365068,81397,140675,-7321,133354,3D01ST,3D0206,False,PRELIMINAR
CD0005,20419387658,CEMENTOS PACASMAYO S.A.A.,2007,EMPRESAS EMISORAS,INDUSTRIALES,,Anual Individual,Anual,Soles,M todo Directo,1090745,382410,708335,421547,23154,126960,-140158,-13198,3D01ST,3D0206,False,PRELIMINAR
019094,20129854953,CENTRAL AZUCARERA CHUCARAPI-PAMPA BLANCA S.A.,2007,EMPRESAS EMISORAS,AGRICOLAS,,Anual Individual,Anual,Soles,M todo Directo,63207,21419,41788,7170,786,4494,-53,4441,3D01ST,3D0206,False,PRELIMINAR
020899,20294751565,CENTROS COMERCIALES DEL PERU S.A.,2007,EMPRESAS EMISORAS,DIVERSOS,,Anual Individual,Anual,Soles,M todo Directo,16892,54480,-37588,100379,13881,10052,-496,9556,3D01ST,3D0206,False,PRELIMINAR
B30023,20128915711,CERVECERIA SAN JUAN S.A.,2007,EMPRESAS EMISORAS,INDUSTRIALES,,Anual Individual,Anual,Soles,M todo Directo,185936,50655,135281,227600,32996,60268,-30469,29799,3D01ST,3D0206,True,PRELIMINAR
CS0007,20109068498,CESCE PERU S.A. COMPAÑIA DE SEGUROS,2007,EMPRESAS EMISORAS,SEGUROS,,Anual Individual,Anual,Soles,M todo Indirecto,31802,5966,25836,19693,6020,4380,-314,4066,3E0301,3E0405,False,PRELIMINAR
CD0001,20390863871,CFI HOLDINGS S.A.,2007,EMPRESAS EMISORAS,DIVERSOS,,Anual Individual,Anual,Soles,M todo Directo,86788,1025,85763,114,29310,16096,-19,16077,3D01ST,3D0206,True,PRELIMINAR
CS0003,20390625007,CHUBB PERU S.A. COMPAÑIA DE SEGUROS Y REASEGUROS,2007,EMPRESAS EMISORAS,SEGUROS,,Anual Individual,Anual,Soles,M todo Indirecto,69293,30529,38764,37704,14222,19337,-22,19315,3E0301,3E0405,True,PRELIMINAR
CI0007,20385353406,CIA.INDUSTRIAL NUEVO MUNDO S.A.,2007,EMPRESAS EMISORAS,INDUSTRIALES DEL TRABAJO,,Anual Individual,Anual,Soles,M todo Directo,165019,93522,71497,148373,10404,5975,-3845,2130,3D01ST,3D0206,True,PRELIMINAR
CB0002,20100116635,CITIBANK DEL PERU S.A.,2007,EMPRESAS EMISORAS,BANCOS,,Anual Individual,Anual,Soles,M todo Indirecto,2917906,2369476,548430,420038,64619,227715,,,3F0501,,False,INCOMPLETO
B20003,20100079501,COMPAÑIA DE MINAS BUENAVENTURA S.A.A.,2007,EMPRESAS EMISORAS,MINERAS,,Anual Individual,Anual,D lares,M todo Directo,1735949,321347,1414602,471305,274761,78251,-53600,24651,3D01ST,3D0206,False,PRELIMINAR
B30098,20100012856,COMPAÑIA GOODYEAR DEL PERU S.A.,2007,EMPRESAS EMISORAS,INDUSTRIALES,,Anual Individual,Anual,Soles,M todo Directo,270137,71955,198182,369865,32496,52435,-5020,47415,3D01ST,3D0206,False,PRELIMINAR
CM0009,20507845500,COMPAÑIA MINERA ARGENTUM S.A.,2007,EMPRESAS EMISORAS,MINERAS,,Anual Individual,Anual,D lares,M todo Directo,71112,19547,51565,83310,23103,24721,-6062,18659,3D01ST,3D0206,False,PRELIMINAR
B20040,20100056802,COMPAÑIA MINERA CONDESTABLE S.A.,2007,EMPRESAS EMISORAS,MINERAS,,Anual Individual,Anual,D lares,M todo Indirecto,50646,23590,27056,131288,19620,17840,-14093,3747,3D01ST,3D0206,False,PRELIMINAR
B20041,20137025354,COMPAÑIA MINERA PODEROSA S.A.A.,2007,EMPRESAS EMISORAS,MINERAS,,Anual Individual,Anual,Soles,M todo Directo,261119,134533,126586,182166,23417,37470,-14398,23072,3D01ST,3D0206,False,PRELIMINAR
B20012,20100163552,COMPAÑIA MINERA RAURA S.A.,2007,EMPRESAS EMISORAS,MINERAS,,Anual Individual,Anual,Soles,M todo Indirecto,230202,55183,175019,288082,85188,87924,-10855,77069,3D01ST,3D0206,False,PRELIMINAR
B20013,20100177421,COMPAÑIA MINERA SAN IGNACIO DE MOROCOCHA S.A.A.,2007,EMPRESAS EMISORAS,MINERAS,,Anual Individual,Anual,Soles,M todo Directo,247728,68441,179287,227752,43048,98806,-48038,50768,3D01ST,3D0206,True,PRELIMINAR
B20016,20100120314,COMPAÑIA MINERA SANTA LUISA S.A.,2007,EMPRESAS EMISORAS,MINERAS,,Anual Individual,Anual,Soles,M todo Directo,333933,86014,247919,329565,75149,81517,-36657,44860,3D01ST,3D0206,False,PRELIMINAR
CI0005,20100562848,COMPAÑIA UNIVERSAL TEXTIL S.A. EN LIQUIDACION,2007,EMPRESAS EMISORAS,INDUSTRIALES,,Anual Individual,Anual,Soles,M todo Directo,192626,70860,121766,95062,2220,5397,-1516,3881,3D01ST,3D0206,False,PRELIMINAR
OE3212,20509093521,CONCESIONARIA TRASVASE OLMOS S.A.,2007,EMPRESAS EMISORAS,DIVERSOS,,Anual Individual,Anual,Soles,M todo Indirecto,412315,376140,36175,0,1661,-21031,-42,-21073,3D01ST,3D0206,True,PRELIMINAR
CD0020,20141189850,CONECTA RETAIL S.A.,2007,EMPRESAS EMISORAS,DIVERSOS,,Anual Individual,Anual,Soles,M todo Directo,94104,72551,21553,189218,8886,10671,-1914,8757,3D01ST,3D0206,False,PRELIMINAR
CD0012,20465261634,CONSORCIO AGUA AZUL S.A.,2007,EMPRESAS EMISORAS,SERVICIOS PUBLICOS,,Anual Individual,Anual,Soles,M todo Directo,166063,76628,89435,36667,9659,14046,-433,13613,3D01ST,3D0206,False,PRELIMINAR
000683,20100195080,CONSORCIO INDUSTRIAL DE AREQUIPA SA,2007,EMPRESAS EMISORAS,INDUSTRIALES,,Anual Individual,Anual,Soles,M todo Directo,29409,5386,24023,30638,3545,-48,-1147,-1195,3D01ST,3D0206,False,PRELIMINAR
CD0013,20383316473,CONSORCIO TRANSMANTARO S.A.,2007,EMPRESAS EMISORAS,SERVICIOS PUBLICOS,,Anual Individual,Anual,D lares,M todo Directo,142598,95811,46787,28094,10062,20240,-15,20225,3D01ST,3D0206,True,PRELIMINAR
B30144,20100019940,CONSTRUCCIONES ELECTROMECANICAS DELCROSA S.A.,2007,EMPRESAS EMISORAS,INDUSTRIALES,,Anual Individual,Anual,D lares,M todo Directo,16025,10060,5965,14162,284,-717,-573,-1290,3D01ST,3D0206,True,PRELIMINAR
CI0003,20370146994,CORPORACION ACEROS AREQUIPA S.A.,2007,EMPRESAS EMISORAS,INDUSTRIALES,,Anual Individual,Anual,Soles,M todo Directo,1359605,609176,750429,1336180,106900,205931,-54446,151485,3D01ST,3D0206,True,PRELIMINAR
019886,20161636780,CORPORACION CERAMICA S.A.,2007,EMPRESAS EMISORAS,INDUSTRIALES,,Anual Individual,Anual,Soles,M todo Directo,113311,42599,70712,124993,13946,21343,0,21343,3D01ST,3D0206,True,PRELIMINAR
B30207,20100228352,CORPORACION CERVESUR S.A.A.,2007,EMPRESAS EMISORAS,DIVERSOS,,Anual Individual,Anual,Soles,M todo Directo,718218,36895,681323,27732,20671,20818,-283,20535,3D01ST,3D0206,False,PRELIMINAR
OE3221,20193022023,CORPORACION DEL MAR S.A.,2007,EMPRESAS EMISORAS,INDUSTRIALES,,Anual Individual,Anual,Soles,M todo Directo,126701,84461,42240,103317,-21137,35865,-24376,11489,3D01ST,3D0206,True,PRELIMINAR
CF0002,20100116392,CORPORACION FINANCIERA DE DESARROLLO S.A. - COFIDE,2007,EMPRESAS EMISORAS,FINANCIERAS,,Anual Individual,Anual,Soles,M todo Indirecto,3972168,2324136,1648032,209588,45171,23170,,,3F0501,,False,INCOMPLETO
OE1566,20501663256,CORPORACION FUNERARIA S.A.,2007,EMPRESAS EMISORAS,DIVERSOS,,Anual Individual,Anual,Soles,M todo Directo,9485,1719,7766,16694,-141,577,-411,166,3D01ST,3D0206,False,PRELIMINAR
CI0010,20255322363,CORPORACION MISKI S.A.,2007,EMPRESAS EMISORAS,INDUSTRIALES,,Anual Individual,Anual,D lares,M todo Directo,17308,14391,2917,24817,-1577,-4845,-478,-5323,3D01ST,3D0206,False,PRELIMINAR
B30060,20133530003,CREDITEX S.A.A.,2007,EMPRESAS EMISORAS,INDUSTRIALES,,Anual Individual,Anual,Soles,M todo Directo,385780,152585,233195,281345,13816,-1481,-8115,-9596,3D01ST,3D0206,False,PRELIMINAR
B60058,20308668780,CREDITO LEASING S.A.,2007,EMPRESAS EMISORAS,DIVERSOS,,Anual Individual,Anual,Soles,M todo Indirecto,970524,899377,71147,76408,20441,3001,,,3F0501,,False,INCOMPLETO
OE2258,20509845167,DIVISO GRUPO FINANCIERO S.A.,2007,EMPRESAS EMISORAS,DIVERSOS,,Anual Individual,Anual,Soles,M todo Directo,229949,41144,188805,47966,68671,5072,0,5072,3D01ST,3D0206,True,PRELIMINAR
OE3108,20375312868,EDYFICAR PERU S.A.,2007,EMPRESAS EMISORAS,DIVERSOS,,Anual Individual,Anual,Soles,M todo Indirecto,457140,381214,75926,113567,20269,24305,,,3F0501,,False,INCOMPLETO
B80104,20100035392,EL PACIFICO PERUANO-SUIZA CIA DE SEGUROS Y REASEGUROS,2007,EMPRESAS EMISORAS,SEGUROS,,Anual Individual,Anual,Soles,M todo Indirecto,999093,622585,376508,648856,17108,-32913,-7075,-39988,3E0301,3E0405,False,PRELIMINAR
B40013,20106156400,ELECTRO DUNAS S.A.A.,2007,EMPRESAS EMISORAS,SERVICIOS PUBLICOS,,Anual Individual,Anual,Soles,M todo Directo,279450,108850,170600,133277,-1229,19919,-10086,9833,3D01ST,3D0206,False,PRELIMINAR
B40005,20116544289,ELECTRO SUR ESTE S.A.A.,2007,EMPRESAS EMISORAS,SERVICIOS PUBLICOS,,Anual Individual,Anual,Soles,M todo Directo,453770,52831,400939,137062,9843,47019,-48226,-1207,3D01ST,3D0206,True,PRELIMINAR
B08359,20118792174,EMPRESA AGRARIA AZUCARERA ANDAHUASI S.A.A.,2007,EMPRESAS EMISORAS,AGRICOLAS,,Anual Individual,Anual,Soles,M todo Directo,345692,93406,252286,96163,421,3772,-3802,-30,3D01ST,3D0206,False,PRELIMINAR
B11072,20131835621,EMPRESA AGRARIA CHIQUITOY S.A.,2007,EMPRESAS EMISORAS,AGRICOLAS,,Anual Individual,Anual,Soles,M todo Directo,98906,76717,22189,19506,13143,4608,-4261,347,3D01ST,3D0206,False,PRELIMINAR
B11079,20132369331,EMPRESA AGRICOLA BARRAZA S.A.,2007,EMPRESAS EMISORAS,AGRICOLAS,,Anual Individual,Anual,Soles,M todo Directo,20991,3114,17877,2660,284,-1067,-333,-1400,3D01ST,3D0206,False,PRELIMINAR
B11074,20103272964,EMPRESA AGRICOLA SAN JUAN S.A.,2007,EMPRESAS EMISORAS,AGRICOLAS,,Anual Individual,Anual,Soles,M todo Directo,95336,27940,67396,29605,6023,-4973,-11335,-16308,3D01ST,3D0206,False,PRELIMINAR
B08358,20133419749,EMPRESA AGRICOLA SINTUCO S.A.,2007,EMPRESAS EMISORAS,AGRICOLAS,,Anual Individual,Anual,Soles,M todo Directo,45442,6541,38901,9865,5145,932,0,932,3D01ST,3D0206,True,PRELIMINAR
B08360,20163898200,EMPRESA AGROINDUSTRIAL POMALCA S.A.A.,2007,EMPRESAS EMISORAS,AGRICOLAS,,Anual Individual,Anual,Soles,M todo Directo,810732,425971,384761,60080,-30557,1593,-1748,-155,3D01ST,3D0206,False,PRELIMINAR
B11078,20136009614,EMPRESA AGROINDUSTRIAL TUMAN S.A.A.,2007,EMPRESAS EMISORAS,AGRICOLAS,,Anual Individual,Anual,Soles,M todo Directo,695380,344101,351279,93051,-39932,310,-387,-77,3D01ST,3D0206,False,PRELIMINAR
017070,20141723601,EMPRESA AZUCARERA EL INGENIO S.A.,2007,EMPRESAS EMISORAS,AGRICOLAS,,Anual Individual,Anual,Soles,M todo Directo,54396,14341,40055,7008,-225,-586,-29,-615,3D01ST,3D0206,False,PRELIMINAR
SP0001,20380383030,EMPRESA DE GENERACION ELECTRICA CAHUA S.A.,2007,EMPRESAS EMISORAS,SERVICIOS PUBLICOS,,Anual Individual,Anual,Soles,M todo Directo,295644,128888,166756,85387,15616,39740,-5507,34233,3D01ST,3D0206,True,PRELIMINAR
SP0009,20262221335,EMPRESA DE GENERACION ELECTRICA SAN GABAN S.A.,2007,EMPRESAS EMISORAS,SERVICIOS PUBLICOS,,Anual Individual,Anual,Soles,M todo Indirecto,562683,234526,328157,105626,21409,45781,-1839,43942,3D01ST,3D0206,True,PRELIMINAR
B30241,20143229816,EMPRESA EDITORA EL COMERCIO S.A.,2007,EMPRESAS EMISORAS,INDUSTRIALES,,Anual Individual,Anual,Soles,M todo Directo,449910,280441,169469,448582,63422,107506,-21452,86054,3D01ST,3D0206,False,PRELIMINAR
CD0022,20100027705,EMPRESA ELECTRICIDAD DEL PERU - ELECTROPERU S.A.,2007,EMPRESAS EMISORAS,SERVICIOS PUBLICOS,,Anual Individual,Anual,Soles,M todo Directo,3407628,1310156,2097472,1180641,153854,81004,-12184,68820,3D01ST,3D0206,True,PRELIMINAR
B40002,20132023540,EMPRESA REGIONAL DE SERVICIO PUBLICO DE ELECTRICIDAD ELECTRONORTE MEDIO S.A. - HIDRANDINA,2007,EMPRESAS EMISORAS,SERVICIOS PUBLICOS,,Anual Individual,Anual,Soles,M todo Directo,885528,146330,739198,324853,32537,88090,-55137,32953,3D01ST,3D0206,False,PRELIMINAR
CM0003,20402885549,EMPRESA SIDERURGICA DEL PERU S.A.A. - SIDERPERU,2007,EMPRESAS EMISORAS,INDUSTRIALES,,Anual Individual,Anual,Soles,M todo Directo,1253031,647641,605390,1184558,75750,-68864,-46671,-115535,3D01ST,3D0206,True,PRELIMINAR
003058,20270508163,ENEL GENERACION PIURA S.A.,2007,EMPRESAS EMISORAS,SERVICIOS PUBLICOS,,Anual Individual,Anual,Soles,M todo Directo,272745,120043,152702,268762,73191,114596,-20753,93843,3D01ST,3D0206,True,PRELIMINAR
002829,20333363900,ENGIE ENERGIA PERU S.A.A.,2007,EMPRESAS EMISORAS,SERVICIOS PUBLICOS,,Anual Individual,Anual,D lares,M todo Directo,500700,310671,190029,274473,63093,89468,-9027,80441,3D01ST,3D0206,False,PRELIMINAR
B30094,20100094135,EXSA S.A.,2007,EMPRESAS EMISORAS,INDUSTRIALES,,Anual Individual,Anual,Soles,M todo Directo,252641,148608,104033,311407,27762,-8710,-18607,-27317,3D01ST,3D0206,False,PRELIMINAR
B30042,20100020956,FABRICA DE HILADOS Y TEJIDOS SAN MIGUEL S.A. - EN LIQUIDACION,2007,EMPRESAS EMISORAS,INDUSTRIALES,,Anual Individual,Anual,Soles,M todo Directo,1174,4,1170,0,47,0,0,0,3D01ST,3D0206,False,PRELIMINAR
B30211,20100165687,FABRICA NACIONAL DE ACUMULADORES ETNA S.A.,2007,EMPRESAS EMISORAS,INDUSTRIALES,,Anual Individual,Anual,Soles,M todo Directo,59635,17054,42581,78930,15215,7794,-1504,6290,3D01ST,3D0206,False,PRELIMINAR
B30122,20100051240,FABRICA PERUANA ETERNIT S.A.,2007,EMPRESAS EMISORAS,INDUSTRIALES,,Anual Individual,Anual,Soles,M todo Directo,55012,20115,34897,97688,9679,16428,-5172,11256,3D01ST,3D0206,True,PRELIMINAR
OE3185,20262996329,FARMINDUSTRIA S.A.,2007,EMPRESAS EMISORAS,INDUSTRIALES,,Anual Individual,Anual,Soles,M todo Directo,137622,59656,77966,154881,22721,22673,-2965,19708,3D01ST,3D0206,False,PRELIMINAR
B60001,20100027292,FERREYCORP S.A.A.,2007,EMPRESAS EMISORAS,DIVERSOS,,Anual Individual,Anual,Soles,M todo Directo,1302573,804780,497793,1651309,127051,-57836,-51221,-109057,3D01ST,3D0206,True,PRELIMINAR
B30083,20100083010,FILAMENTOS INDUSTRIALES S.A.,2007,EMPRESAS EMISORAS,DIVERSOS,,Anual Individual,Anual,Soles,M todo Directo,62854,13035,49819,83253,9793,14887,-1206,13681,3D01ST,3D0206,False,PRELIMINAR
017892,20196629000,FIMA S A,2007,EMPRESAS EMISORAS,INDUSTRIALES,,Anual Individual,Anual,D lares,M todo Directo,30681,18714,11967,24557,1602,6935,-656,6279,3D01ST,3D0206,False,PRELIMINAR
B80145,20337996834,FINANCIERA TFC S.A. EN LIQUIDACION,2007,EMPRESAS EMISORAS,FINANCIERAS,,Anual Individual,Anual,Soles,M todo Indirecto,70460,48061,22399,29996,1838,-693,,,3F0501,,False,INCOMPLETO
001152,20100094054,FUTURA CONSORCIO INMOBILIARIO S.A.,2007,EMPRESAS EMISORAS,DIVERSOS,,Anual Individual,Anual,Soles,M todo Directo,107195,23333,83862,52706,3078,11149,-6939,4210,3D01ST,3D0206,True,PRELIMINAR
022984,20297652274,GENERANDES PERU S.A.,2007,EMPRESAS EMISORAS,SERVICIOS PUBLICOS,,Anual Individual,Anual,Soles,M todo Directo,1250455,640,1249815,0,100983,103027,0,103027,3D01ST,3D0206,False,PRELIMINAR
B80002,20100126274,GESTIONES Y RECUPERACIONES DE ACTIVOS SOCIEDAD ANONIMA (RET),2007,EMPRESAS EMISORAS,DIVERSOS,,Anual Individual,Anual,Soles,M todo Indirecto,18983,155,18828,399,-686,-303,0,-303,3D01ST,3D0206,False,PRELIMINAR
CM0008,20507828915,GOLD FIELDS LA CIMA S.A.,2007,EMPRESAS EMISORAS,MINERAS,,Anual Individual,Anual,Soles,M todo Directo,1796523,1742649,53874,0,-2532,55051,-883005,-827954,3D01ST,3D0206,False,PRELIMINAR
B80049,20100116988,GR HOLDING S.A.,2007,EMPRESAS EMISORAS,DIVERSOS,,Anual Individual,Anual,Soles,M todo Directo,117145,20055,97090,10365,8536,2933,-12,2921,3D01ST,3D0206,False,PRELIMINAR
BV0001,20100055661,GRUPO BVL S.A.A.,2007,EMPRESAS EMISORAS,DIVERSOS,,Anual Individual,Anual,Soles,M todo Directo,95321,10633,84688,58451,38234,35683,-202,35481,3D01ST,3D0206,False,PRELIMINAR
B30140,20100171814,HIDROSTAL S.A.,2007,EMPRESAS EMISORAS,INDUSTRIALES,,Anual Individual,Anual,Soles,M todo Directo,72377,33305,39072,95303,5042,-889,-5975,-6864,3D01ST,3D0206,False,PRELIMINAR
006826,20100032709,I Q F DEL PERU SA,2007,EMPRESAS EMISORAS,INDUSTRIALES,,Anual Individual,Anual,Soles,M todo Directo,142205,64042,78163,88264,10900,13264,-8102,5162,3D01ST,3D0206,False,PRELIMINAR
006162,20100199743,INCA TOPS S.A.,2007,EMPRESAS EMISORAS,INDUSTRIALES,,Anual Individual,Anual,Soles,M todo Directo,107457,61855,45602,97006,4157,5860,-3844,2016,3D01ST,3D0206,False,PRELIMINAR
B30236,20251293181,INDECO S.A.,2007,EMPRESAS EMISORAS,INDUSTRIALES,,Anual Individual,Anual,D lares,M todo Directo,102391,45861,56530,253726,14056,384,-3481,-3097,3D01ST,3D0206,False,PRELIMINAR
B30050,20102728743,INDUSTRIA TEXTIL PIURA S.A.,2007,EMPRESAS EMISORAS,INDUSTRIALES,,Anual Individual,Anual,Soles,M todo Directo,135125,44052,91073,123970,8335,21867,0,21867,3D01ST,3D0206,True,PRELIMINAR
B30107,20100004322,INDUSTRIAS DEL ENVASE S.A.,2007,EMPRESAS EMISORAS,INDUSTRIALES,,Anual Individual,Anual,Soles,M todo Directo,104326,23688,80638,120785,6447,8327,-6078,2249,3D01ST,3D0206,False,PRELIMINAR
B30152,20100003512,INDUSTRIAS ELECTRO QUIMICAS S.A. IEQSA,2007,EMPRESAS EMISORAS,INDUSTRIALES,,Anual Individual,Anual,Soles,M todo Directo,218344,127297,91047,486912,3448,70989,-1152,69837,3D01ST,3D0206,False,PRELIMINAR
B30008,20100068649,INGREDION PERU S.A.,2007,EMPRESAS EMISORAS,INDUSTRIALES,,Anual Individual,Anual,Soles,M todo Directo,41858,11786,30072,84104,4880,15358,-2089,13269,3D01ST,3D0206,False,PRELIMINAR
B30127,20100049938,INMOBILIARIA KANPU S.A.,2007,EMPRESAS EMISORAS,DIVERSOS,,Anual Individual,Anual,Soles,M todo Directo,156029,89507,66522,117563,5002,6373,-7390,-1017,3D01ST,3D0206,True,PRELIMINAR
CN0002,20499141051,INMOBILIARIA MILENIA S.A.,2007,EMPRESAS EMISORAS,DIVERSOS,,Anual Individual,Anual,Soles,M todo Directo,42713,508,42205,7978,3468,3879,-32,3847,3D01ST,3D0206,False,PRELIMINAR
B30086,20100047722,INMOBILIARIA VENCEDOR S.A.,2007,EMPRESAS EMISORAS,INDUSTRIALES,,Anual Individual,Anual,Soles,M todo Directo,84781,37140,47641,93084,3669,8700,-1704,6996,3D01ST,3D0206,False,PRELIMINAR
OE1274,20423264617,INMUEBLES PANAMERICANA S.A.,2007,EMPRESAS EMISORAS,DIVERSOS,,Anual Individual,Anual,Soles,M todo Directo,183332,109607,73725,39822,12801,19093,-287,18806,3D01ST,3D0206,True,PRELIMINAR
B70009,20100017491,INTEGRATEL PERU S.A.A.,2007,EMPRESAS EMISORAS,SERVICIOS PUBLICOS,,Anual Individual,Anual,Soles,M todo Directo,8925857,5938670,2987187,3953672,-91316,979668,-531904,447764,3D01ST,3D0206,True,PRELIMINAR
OE2305,0,INTERCORP FINANCIAL SERVICES INC.,2007,EMPRESAS EMISORAS,DIVERSOS,,Anual Individual,Anual,Soles,M todo Indirecto,1314801,2431,1312370,308914,277278,-7555,,,3F0501,,True,INCOMPLETO
CD0010,0,INTERCORP PERU LTD.,2007,EMPRESAS EMISORAS,DIVERSOS,,Anual Individual,Anual,Soles,M todo Indirecto,1689362,173537,1515825,660910,613911,-255,,,3F0501,,False,INCOMPLETO
CS0002,20382748566,INTERSEGURO COMPAÑIA DE SEGUROS S.A.,2007,EMPRESAS EMISORAS,SEGUROS,,Anual Individual,Anual,Soles,M todo Directo,1667669,1455401,212268,106107,79046,163339,-513,162826,3E0301,3E0405,False,PRELIMINAR
TI0002,20417378911,INTRADEVCO INDUSTRIAL S.A.,2007,EMPRESAS EMISORAS,INDUSTRIALES,,Anual Individual,Anual,Soles,M todo Directo,231155,120053,111102,226534,7697,-7805,-8418,-16223,3D01ST,3D0206,False,PRELIMINAR
B80057,20101099149,INVERSIONES ASPI S.A.,2007,EMPRESAS EMISORAS,DIVERSOS,,Anual Individual,Anual,D lares,M todo Directo,490762,65324,425438,14852,7791,8597,0,8597,3D01ST,3D0206,False,PRELIMINAR
B80077,20101045995,INVERSIONES CENTENARIO S.A.A.,2007,EMPRESAS EMISORAS,DIVERSOS,,Anual Individual,Anual,Soles,M todo Directo,405851,174037,231814,65840,31046,-1978,-23471,-25449,3D01ST,3D0206,True,PRELIMINAR
B60004,20104347691,INVERSIONES EN TURISMO S.A. INVERTUR,2007,EMPRESAS EMISORAS,DIVERSOS,,Anual Individual,Anual,Soles,M todo Directo,34604,7321,27283,13349,1963,3318,-3624,-306,3D01ST,3D0206,False,PRELIMINAR
B60005,20114803228,INVERSIONES NACIONALES DE TURISMO S.A. INTURSA,2007,EMPRESAS EMISORAS,DIVERSOS,,Anual Individual,Anual,Soles,M todo Directo,229463,45912,183551,55286,12261,15863,-28179,-12316,3D01ST,3D0206,True,PRELIMINAR
A80069,20100210909,LA POSITIVA SEGUROS Y REASEGUROS S.A.,2007,EMPRESAS EMISORAS,SEGUROS,,Anual Individual,Anual,Soles,M todo Indirecto,334488,137714,196774,207210,77833,6608,-5423,1185,3E0301,3E0405,True,PRELIMINAR
OE2069,20454073143,LA POSITIVA VIDA SEGUROS Y REASEGUROS S.A.,2007,EMPRESAS EMISORAS,SEGUROS,,Anual Individual,Anual,Soles,M todo Directo,666119,522943,143176,22986,78365,29157,-936,28221,3E0301,3E0405,False,PRELIMINAR
CI0011,20100095450,LAIVE S.A.,2007,EMPRESAS EMISORAS,INDUSTRIALES,,Anual Individual,Anual,Soles,M todo Directo,151779,69444,82335,206924,1942,-795,-1684,-2479,3D01ST,3D0206,True,PRELIMINAR
B30230,20100190100,LAPICES Y CONEXOS S.A. LAYCONSA,2007,EMPRESAS EMISORAS,INDUSTRIALES,,Anual Individual,Anual,Soles,M todo Directo,55703,23429,32274,28040,1587,6761,-272,6489,3D01ST,3D0206,False,PRELIMINAR
B80031,20100093759,LATINA HOLDING S.A.,2007,EMPRESAS EMISORAS,DIVERSOS,,Anual Individual,Anual,Soles,M todo Indirecto,39872,4099,35773,1561,-5118,-40946,0,-40946,3D01ST,3D0206,False,PRELIMINAR
006166,20100190797,LECHE GLORIA S.A.,2007,EMPRESAS EMISORAS,INDUSTRIALES,,Anual Individual,Anual,Soles,M todo Directo,1824824,805641,1019183,1810418,181188,66700,-98079,-31379,3D01ST,3D0206,False,PRELIMINAR
B30099,20100182778,LIMA CAUCHO S.A. EN LIQUIDACION,2007,EMPRESAS EMISORAS,INDUSTRIALES,,Anual Individual,Anual,Soles,M todo Directo,67325,28002,39323,73900,5061,6047,-3228,2819,3D01ST,3D0206,False,PRELIMINAR
B70032,20301837896,LOS PORTALES S.A.,2007,EMPRESAS EMISORAS,DIVERSOS,,Anual Individual,Anual,Soles,M todo Directo,194211,125271,68940,49683,10075,11696,-670,11026,3D01ST,3D0206,False,PRELIMINAR
B40008,20331898008,LUZ DEL SUR S.A.A.,2007,EMPRESAS EMISORAS,SERVICIOS PUBLICOS,,Anual Individual,Anual,Soles,M todo Directo,2092108,1198357,893751,1368437,189112,193243,-98545,94698,3D01ST,3D0206,False,PRELIMINAR
B30134,20100074371,MANUFACTURA DE METALES Y ALUMINIO RECORD S.A. EN LIQUIDACION,2007,EMPRESAS EMISORAS,INDUSTRIALES,,Anual Individual,Anual,Soles,M todo Directo,54894,17771,37123,45096,2700,-2711,-681,-3392,3D01ST,3D0206,True,PRELIMINAR
CS0004,20418896915,MAPFRE PERU COMPAÑIA DE SEGUROS Y REASEGUROS,2007,EMPRESAS EMISORAS,SEGUROS,,Anual Individual,Anual,Soles,M todo Indirecto,416335,366897,49438,95359,13470,27774,-1965,25809,3E0301,3E0405,False,PRELIMINAR
B80135,20258980108,MAPFRE PERU COMPAÑIA DE SEGUROS Y REASEGUROS (RET),2007,EMPRESAS EMISORAS,SEGUROS,,Anual Individual,Anual,Soles,M todo Indirecto,134956,102488,32468,138937,-10322,10531,-2044,8487,3E0301,3E0405,False,PRELIMINAR
B80122,20202380621,MAPFRE PERU COMPAÑIA DE SEGUROS Y REASEGUROS (SOCIEDAD ABSORBIDA),2007,EMPRESAS EMISORAS,SEGUROS,,Anual Individual,Anual,Soles,M todo Indirecto,144633,89634,54999,125898,-5715,23031,-11147,11884,3E0301,3E0405,True,PRELIMINAR
002684,20160286068,MAQUINARIAS S.A.,2007,EMPRESAS EMISORAS,DIVERSOS,,Anual Individual,Anual,Soles,M todo Directo,221679,132998,88681,354322,20380,-7889,-2807,-10696,3D01ST,3D0206,True,PRELIMINAR
B20030,20100037841,MARMOLES Y GRANITOS S.A.,2007,EMPRESAS EMISORAS,MINERAS,,Anual Individual,Anual,Soles,M todo Directo,14741,9435,5306,13463,207,412,-37,375,3D01ST,3D0206,False,PRELIMINAR
001041,20100166811,METALPREN S A,2007,EMPRESAS EMISORAS,INDUSTRIALES,,Anual Individual,Anual,Soles,M todo Directo,91949,57728,34221,103206,4453,-11109,-11899,-23008,3D01ST,3D0206,False,PRELIMINAR
CB0001,20382036655,MIBANCO BANCO DE LA MICROEMPRESA S.A.,2007,EMPRESAS EMISORAS,BANCOS,,Anual Individual,Anual,Soles,M todo Indirecto,1796835,1599599,197236,404269,61158,-200733,,,3F0501,,False,INCOMPLETO
TI0003,20100192650,MICHELL Y CIA. S.A.,2007,EMPRESAS EMISORAS,INDUSTRIALES,,Anual Individual,Anual,Soles,M todo Directo,207984,117073,90911,158188,6175,7878,-5041,2837,3D01ST,3D0206,False,PRELIMINAR
CM0002,20338426781,MINERA ANDINA DE EXPLORACIONES S.A.A.,2007,EMPRESAS EMISORAS,MINERAS,,Anual Individual,Anual,Soles,M todo Indirecto,2900,303,2597,1772,-144,2156,0,2156,3D01ST,3D0206,False,PRELIMINAR
002728,20209133394,MINERA BARRICK MISQUICHILCA SA,2007,EMPRESAS EMISORAS,MINERAS,,Anual Individual,Anual,D lares,M todo Indirecto,1512607,447031,1065576,1100369,490670,491542,-54672,436870,3D01ST,3D0206,False,PRELIMINAR
OE1804,20137291313,MINERA YANACOCHA S.R.L.,2007,EMPRESAS EMISORAS,MINERAS,,Anual Individual,Anual,D lares,M todo Directo,1925125,571945,1353180,1148546,244192,271340,-222442,48898,3D01ST,3D0206,True,PRELIMINAR
A20032,20100136741,MINSUR S.A.,2007,EMPRESAS EMISORAS,MINERAS,,Anual Individual,Anual,Soles,M todo Directo,2909075,324480,2584595,1666730,842602,934102,-31346,902756,3D01ST,3D0206,False,PRELIMINAR
BF0001,20375361991,MITSUI AUTO FINANCE PERU S.A.,2007,EMPRESAS EMISORAS,FINANCIERAS,,Anual Individual,Anual,Soles,M todo Indirecto,43329,30347,12982,5241,881,-1905,,,3F0501,,False,INCOMPLETO
TI0001,20417926632,MOTORES DIESEL ANDINOS S.A.,2007,EMPRESAS EMISORAS,INDUSTRIALES,,Anual Individual,Anual,Soles,M todo Directo,120113,63063,57050,152782,13838,12247,-4829,7418,3D01ST,3D0206,False,PRELIMINAR
B11076,20113704463,NEGOCIACION AGRICOLA VISTA ALEGRE S.A.,2007,EMPRESAS EMISORAS,AGRICOLAS,,Anual Individual,Anual,Soles,M todo Directo,3055,2245,810,0,-280,-438,0,-438,3D01ST,3D0206,False,PRELIMINAR
B80136,20100007852,NEGOCIOS E INMUEBLES S.A.,2007,EMPRESAS EMISORAS,DIVERSOS,,Anual Individual,Anual,Soles,M todo Directo,162630,1497,161133,2921,14252,-908,-10,-918,3D01ST,3D0206,False,PRELIMINAR
CM0007,20100123500,NEXA RESOURCES ATACOCHA S.A.A.,2007,EMPRESAS EMISORAS,MINERAS,,Anual Individual,Anual,D lares,M todo Directo,400835,138838,261997,175949,65630,85910,-5377,80533,3D01ST,3D0206,True,PRELIMINAR
B20010,20100110513,NEXA RESOURCES PERU S.A.A.,2007,EMPRESAS EMISORAS,MINERAS,,Anual Individual,Anual,D lares,M todo Directo,369768,65110,304658,213196,94354,85220,-86671,-1451,3D01ST,3D0206,False,PRELIMINAR
023154,20338646802,ORAZUL ENERGY EGENOR SOCIEDAD EN COMANDITA POR ACCIONES,2007,EMPRESAS EMISORAS,SERVICIOS PUBLICOS,,Anual Individual,Anual,Soles,M todo Directo,1490029,733867,756162,450705,145267,224241,-6659,217582,3D01ST,3D0206,False,PRELIMINAR
B40009,20330791412,ORYGEN PERU S.A.A.,2007,EMPRESAS EMISORAS,SERVICIOS PUBLICOS,,Anual Individual,Anual,Soles,M todo Directo,4758459,2505269,2253190,1058106,183803,329282,-97517,231765,3D01ST,3D0206,True,PRELIMINAR
B30118,20100011701,OWENS-ILLINOIS PERU S.A. (RET),2007,EMPRESAS EMISORAS,INDUSTRIALES,,Anual Individual,Anual,Soles,M todo Indirecto,357200,218760,138440,291496,29417,81150,-4715,76435,3D01ST,3D0206,True,PRELIMINAR
B60055,20332970411,PACIFICO COMPAÑIA DE SEGUROS Y REASEGUROS,2007,EMPRESAS EMISORAS,SEGUROS,,Anual Individual,Anual,Soles,M todo Indirecto,1968016,1716991,251025,286953,63215,165472,-5079,160393,3E0301,3E0405,True,PRELIMINAR
B50003,20118206208,PERU HOLDING DE TURISMO S.A.A.,2007,EMPRESAS EMISORAS,DIVERSOS,,Anual Individual,Anual,Soles,M todo Directo,203900,21073,182827,93,149,558,0,558,3D01ST,3D0206,False,PRELIMINAR
002927,20338352728,PERUANA DE ENERGIA S.A.A.,2007,EMPRESAS EMISORAS,SERVICIOS PUBLICOS,,Anual Individual,Anual,Soles,M todo Indirecto,35930,4356,31574,12347,5888,4509,-36,4473,3D01ST,3D0206,False,PRELIMINAR
B20023,20100136237,PERUBAR S.A.,2007,EMPRESAS EMISORAS,MINERAS,,Anual Individual,Anual,D lares,M todo Directo,93994,20256,73738,48303,38079,17220,-5087,12133,3D01ST,3D0206,False,PRELIMINAR
OE2008,20510889135,PLUSPETROL CAMISEA S.A.,2007,EMPRESAS EMISORAS,DIVERSOS,,Anual Individual,Anual,D lares,M todo Indirecto,401472,207218,194254,234762,78088,64864,-13,64851,3D01ST,3D0206,True,PRELIMINAR
CI0008,20504311342,PLUSPETROL NORTE S.A.,2007,EMPRESAS EMISORAS,INDUSTRIALES,,Anual Individual,Anual,D lares,M todo Indirecto,996626,525264,471362,753650,116293,103542,-134,103408,3D01ST,3D0206,False,PRELIMINAR
B40010,20269985900,PLUZ ENERGIA PERU S.A.A.,2007,EMPRESAS EMISORAS,SERVICIOS PUBLICOS,,Anual Individual,Anual,Soles,M todo Directo,2233487,1420372,813115,1349470,121872,157692,-131040,26652,3D01ST,3D0206,True,PRELIMINAR
OE1928,20510398158,PRIMA AFP S.A.,2007,EMPRESAS EMISORAS,A.F.P.,,Anual Individual,Anual,Soles,M todo Directo,736740,343965,392775,172227,22644,94,-2816,-2722,3D01ST,3D0206,False,PRELIMINAR
AFP004,20142829551,PROFUTURO AFP,2007,EMPRESAS EMISORAS,A.F.P.,,Anual Individual,Anual,Soles,M todo Indirecto,153890,68759,85131,107035,10288,1160,-642,518,3D01ST,3D0206,False,PRELIMINAR
B70031,20269231743,PROMOTORA CLUB EMPRESARIAL S.A.,2007,EMPRESAS EMISORAS,DIVERSOS,,Anual Individual,Anual,Soles,M todo Directo,23478,49671,-26193,6410,-1380,578,0,578,3D01ST,3D0206,True,PRELIMINAR
B20042,20330791501,QUIMPAC S.A.,2007,EMPRESAS EMISORAS,INDUSTRIALES,,Anual Individual,Anual,Soles,M todo Directo,566087,254113,311974,355349,56940,93593,-53986,39607,3D01ST,3D0206,False,PRELIMINAR
001672,20100039207,RANSA COMERCIAL S.A.C,2007,EMPRESAS EMISORAS,DIVERSOS,,Anual Individual,Anual,Soles,M todo Directo,761238,154550,606688,247536,42312,10085,-32349,-22264,3D01ST,3D0206,True,PRELIMINAR
B30084,20100026997,RAYON INDUSTRIAL S.A. EN LIQUIDACION,2007,EMPRESAS EMISORAS,INDUSTRIALES,,Anual Individual,Anual,Soles,M todo Directo,1659,10,1649,0,58,1,0,1,3D01ST,3D0206,False,PRELIMINAR
B30220,20100005566,REACTIVOS NACIONALES S.A. RENASA,2007,EMPRESAS EMISORAS,INDUSTRIALES,,Anual Individual,Anual,Soles,M todo Directo,39267,10667,28600,29262,3311,-530,-12459,-12989,3D01ST,3D0206,False,PRELIMINAR
B90002,20100298725,RED BICOLOR DE COMUNICACIONES S.A.A. - RBC TV S.A.A.,2007,EMPRESAS EMISORAS,DIVERSOS,,Anual Individual,Anual,Soles,M todo Directo,6177,777,5400,4942,314,708,-911,-203,3D01ST,3D0206,False,PRELIMINAR
SP0008,20504645046,RED DE ENERGIA DEL PERU S.A.,2007,EMPRESAS EMISORAS,SERVICIOS PUBLICOS,,Anual Individual,Anual,D lares,M todo Directo,374733,214442,160291,70733,16717,36527,-2258,34269,3D01ST,3D0206,True,PRELIMINAR
002766,20259829594,REFINERIA LA PAMPILLA S.A.A.,2007,EMPRESAS EMISORAS,INDUSTRIALES,,Anual Individual,Anual,D lares,M todo Directo,928425,609774,318651,3122340,80677,-164135,-16747,-180882,3D01ST,3D0206,False,PRELIMINAR
B80037,20100041953,RIMAC SEGUROS Y REASEGUROS,2007,EMPRESAS EMISORAS,SEGUROS,,Anual Individual,Anual,Soles,M todo Indirecto,2680866,2213805,467061,1098972,73230,252568,-7497,245071,3E0301,3E0405,False,PRELIMINAR
014313,20100128056,SAGA FALABELLA S.A.,2007,EMPRESAS EMISORAS,DIVERSOS,,Anual Individual,Anual,Soles,M todo Directo,712397,448707,263690,1290180,77490,115234,-3789,111445,3D01ST,3D0206,True,PRELIMINAR
000717,20100154308,SAN FERNANDO S.A.,2007,EMPRESAS EMISORAS,INDUSTRIALES,,Anual Individual,Anual,Soles,M todo Directo,661178,365146,296032,1024651,12958,81661,-15088,66573,3D01ST,3D0206,False,PRELIMINAR
B80134,20255993225,SANTANDER CONSUMER BANK S.A.,2007,EMPRESAS EMISORAS,BANCOS,,Anual Individual,Anual,Soles,M todo Indirecto,1297510,1166806,130704,381318,-10976,84917,,,3F0501,,False,INCOMPLETO
B80012,20100043140,SCOTIABANK PERU S.A.A.,2007,EMPRESAS EMISORAS,BANCOS,,Anual Individual,Anual,Soles,M todo Indirecto,17564969,15837934,1727035,1510200,471559,649186,,,3F0501,,False,INCOMPLETO
CS0005,20463627488,SEGUROS SURA,2007,EMPRESAS EMISORAS,SEGUROS,,Anual Individual,Anual,Soles,M todo Indirecto,1833390,1652288,181102,114527,26948,203100,-34200,168900,3E0301,3E0405,False,PRELIMINAR
SP0012,20100152356,SERVICIO DE AGUA POTABLE Y ALCANTARILLADO - SEDAPAL,2007,EMPRESAS EMISORAS,SERVICIOS PUBLICOS,,Anual Individual,Anual,Soles,M todo Directo,5164247,1613713,3550534,866822,125807,368646,-296707,71939,3D01ST,3D0206,False,PRELIMINAR
SP0002,20325493811,SHOUGANG GENERACION ELECTRICA S.A.A.,2007,EMPRESAS EMISORAS,SERVICIOS PUBLICOS,,Anual Individual,Anual,Soles,M todo Indirecto,85954,22478,63476,96024,7272,12190,-510,11680,3D01ST,3D0206,False,PRELIMINAR
CM0004,20100142989,SHOUGANG HIERRO PERU S.A.A.,2007,EMPRESAS EMISORAS,MINERAS,,Anual Individual,Anual,Soles,M todo Directo,777336,309567,467769,1012699,277397,407073,-71104,335969,3D01ST,3D0206,False,PRELIMINAR
SP0010,20100188628,SOCIEDAD ELECTRICA DEL SUR OESTE S.A. - SEAL,2007,EMPRESAS EMISORAS,SERVICIOS PUBLICOS,,Anual Individual,Anual,Soles,M todo Directo,305087,82832,222255,185611,11158,30716,-6302,24414,3D01ST,3D0206,False,PRELIMINAR
B30143,20100113539,SOCIEDAD INDUSTRIAL DE ARTICULOS DE METAL S.A.C. - SIAM EN LIQUIDACION,2007,EMPRESAS EMISORAS,INDUSTRIALES,,Anual Individual,Anual,Soles,M todo Directo,11034,5284,5750,12367,375,88,0,88,3D01ST,3D0206,True,PRELIMINAR
CM0006,20170072465,SOCIEDAD MINERA CERRO VERDE S.A.A.,2007,EMPRESAS EMISORAS,MINERAS,,Anual Individual,Anual,D lares,M todo Indirecto,1985810,540068,1445742,1794559,804685,831419,-99961,731458,3D01ST,3D0206,False,PRELIMINAR
002597,20217427593,SOCIEDAD MINERA CORONA S.A.,2007,EMPRESAS EMISORAS,MINERAS,,Anual Individual,Anual,D lares,M todo Directo,52073,35439,16634,78372,29492,33700,-5855,27845,3D01ST,3D0206,True,PRELIMINAR
B20026,20100017572,SOCIEDAD MINERA EL BROCAL S.A.A.,2007,EMPRESAS EMISORAS,MINERAS,,Anual Individual,Anual,D lares,M todo Directo,298474,64328,234146,265271,125321,113384,-6577,106807,3D01ST,3D0206,False,PRELIMINAR
B80013,20100161771,SOLUCION EMPRESA ADMINISTRADORA HIPOTECARIA S.A.,2007,EMPRESAS EMISORAS,DIVERSOS,,Anual Individual,Anual,Soles,M todo Indirecto,121758,106425,15333,5862,1428,19783,,,3F0501,,False,INCOMPLETO
CP0009,20292928841,SOUTHERN CONE POWER PERU S.A.,2007,EMPRESAS EMISORAS,DIVERSOS,,Anual Individual,Anual,D lares,M todo Directo,159616,33556,126060,0,9123,9466,0,9466,3D01ST,3D0206,True,PRELIMINAR
B20027,20100147514,"SOUTHERN PERU COPPER CORPORATION, SUCURSAL DEL PERU",2007,EMPRESAS EMISORAS,MINERAS,,Anual Individual,Anual,D lares,M todo Directo,2446724,642848,1803876,3192818,1415473,1421436,-127175,1294261,3D01ST,3D0206,True,PRELIMINAR
SP0007,20502597061,STATKRAFT PERU S.A. (ANTES SN POWER PERU S.A.),2007,EMPRESAS EMISORAS,SERVICIOS PUBLICOS,,Anual Individual,Anual,D lares,M todo Directo,287866,128639,159227,54014,15383,21281,-4517,16764,3D01ST,3D0206,False,PRELIMINAR
000432,20100070970,SUPERMERCADOS PERUANOS S.A.,2007,EMPRESAS EMISORAS,DIVERSOS,,Anual Individual,Anual,Soles,M todo Directo,792754,559896,232858,1313389,11882,94346,-102340,-7994,3D01ST,3D0206,False,PRELIMINAR
OE1181,20500805103,TELEFONICA MOVILES PERU HOLDING S.A.A.,2007,EMPRESAS EMISORAS,DIVERSOS,,Anual Individual,Anual,Soles,M todo Directo,799640,2740,796900,0,99130,0,0,0,3D01ST,3D0206,False,PRELIMINAR
B70020,20100177774,TELEFONICA MOVILES S.A.,2007,EMPRESAS EMISORAS,SERVICIOS PUBLICOS,,Anual Individual,Anual,Soles,M todo Directo,2496579,1678721,817858,2580610,103720,356394,-468277,-111883,3D01ST,3D0206,False,PRELIMINAR
B30232,20100168350,TEXTIL SAN CRISTOBAL S.A. - EN LIQUIDACION,2007,EMPRESAS EMISORAS,INDUSTRIALES,,Anual Individual,Anual,Soles,M todo Directo,320575,296601,23974,150404,3144,3708,-1128,2580,3D01ST,3D0206,False,PRELIMINAR
B30149,20100183588,TICINO DEL PERU S A,2007,EMPRESAS EMISORAS,INDUSTRIALES,,Anual Individual,Anual,Soles,M todo Directo,54533,13504,41029,53361,7520,3665,-1750,1915,3D01ST,3D0206,False,PRELIMINAR
CF0001,20377892918,TOTAL SERVICIOS FINANCIEROS EMPRESA DE CREDITOS,2007,EMPRESAS EMISORAS,FINANCIERAS,,Anual Individual,Anual,Soles,M todo Indirecto,40557,29836,10721,6544,-77,-3587,,,3F0501,,False,INCOMPLETO
CD0008,20138069347,TRANSACCIONES ESPECIALES S.A. (RET),2007,EMPRESAS EMISORAS,DIVERSOS,,Anual Individual,Anual,Soles,M todo Indirecto,55120,0,55120,749,372,-20,0,-20,3D01ST,3D0206,True,PRELIMINAR
CD0009,20468451451,TRANSACCIONES FINANCIERAS S.A.,2007,EMPRESAS EMISORAS,DIVERSOS,,Anual Individual,Anual,Soles,M todo Indirecto,30742,163,30579,2546,561,-589,0,-589,3D01ST,3D0206,False,PRELIMINAR
CI0009,20499432021,TRANSPORTADORA DE GAS DEL PERU S.A.,2007,EMPRESAS EMISORAS,SERVICIOS PUBLICOS,,Anual Individual,Anual,D lares,M todo Directo,1035673,807674,227999,185553,7737,60055,-33741,26314,3D01ST,3D0206,False,PRELIMINAR
B30121,20100137390,UNACEM CORP SOCIEDAD ANONIMA ABIERTA - UNACEM CORP S.A.A.,2007,EMPRESAS EMISORAS,DIVERSOS,,Anual Individual,Anual,Soles,M todo Directo,1394892,446268,948624,864140,202079,261399,-8807,252592,3D01ST,3D0206,True,PRELIMINAR
B30021,20100113610,UNION DE CERVECERIAS PERUANAS BACKUS Y JOHNSTON S.A.A.,2007,EMPRESAS EMISORAS,INDUSTRIALES,,Anual Individual,Anual,Soles,M todo Directo,2887803,691094,2196709,2100910,310828,386543,-346762,39781,3D01ST,3D0206,False,PRELIMINAR
OE0032,20138149022,UNIVERSIDAD DE SAN MARTIN DE PORRES,2007,EMPRESAS EMISORAS,DIVERSOS,,Anual Individual,Anual,Soles,M todo Directo,439690,85445,354245,282267,36386,62514,-22363,40151,3D01ST,3D0206,True,PRELIMINAR
CM0001,20383045267,VOLCAN COMPAÑIA MINERA S.A.A.,2007,EMPRESAS EMISORAS,MINERAS,,Anual Individual,Anual,D lares,M todo Directo,1017005,242839,774166,811273,396688,271676,-66138,205538,3D01ST,3D0206,False,PRELIMINAR
000981,20100193117,YARA PERU S.R.L.,2007,EMPRESAS EMISORAS,INDUSTRIALES,,Anual Individual,Anual,Soles,M todo Directo,242736,181146,61590,440730,23972,-40980,-2784,-43764,3D01ST,3D0206,True,PRELIMINAR
023490,20312372895,YURA S.A.,2007,EMPRESAS EMISORAS,INDUSTRIALES,,Anual Individual,Anual,Soles,M todo Directo,596923,126477,470446,373200,95089,50065,-35983,14082,3D01ST,3D0206,False,PRELIMINAR
OE0220,20100015014,ZINC INDUSTRIAS NACIONALES S A,2007,EMPRESAS EMISORAS,MINERAS,,Anual Individual,Anual,Soles,M todo Directo,77145,36584,40561,355332,19363,19965,-1424,18541,3D01ST,3D0206,False,PRELIMINAR
B30150,20100022142,ABB S.A.,2008,EMPRESAS EMISORAS,INDUSTRIALES,,Anual Individual,Anual,Soles,M todo Directo,169670,110469,59201,251089,11869,9055,-7497,1558,3D01ST,3D0206,False,PRELIMINAR
020045,20260172035,ACTIVO INMOBILIARIO PERUANO S.A.A. (ANTES FALABELLA PERU S.A.A.),2008,EMPRESAS EMISORAS,DIVERSOS,,Anual Individual,Anual,Soles,M todo Directo,1042742,3329,1039413,22242,224387,158958,0,158958,3D01ST,3D0206,False,PRELIMINAR
B80018,20100047307,ADMINISTRADORA DEL COMERCIO S.A. EN LIQUIDACION,2008,EMPRESAS EMISORAS,DIVERSOS,,Anual Individual,Anual,Soles,M todo Directo,69076,43218,25858,9612,-880,-9267,-135,-9402,3D01ST,3D0206,True,PRELIMINAR
023106,20332600592,AENZA S.A.A.,2008,EMPRESAS EMISORAS,DIVERSOS,,Anual Individual,Anual,Soles,M todo Directo,684155,117967,566188,30932,147189,-25908,-5025,-30933,3D01ST,3D0206,False,PRELIMINAR
AFP005,20143980821,AFP HORIZONTE S.A.,2008,EMPRESAS EMISORAS,A.F.P.,,Anual Individual,Anual,Soles,M todo Directo,236329,75097,161232,187189,10225,46460,-1391,45069,3D01ST,3D0206,True,PRELIMINAR
AFP002,20157036794,AFP INTEGRA,2008,EMPRESAS EMISORAS,A.F.P.,,Anual Individual,Anual,Soles,M todo Directo,305326,51812,253514,230599,27924,39087,-208,38879,3D01ST,3D0206,False,PRELIMINAR
B11073,20164042686,AGRICOLA CAYALTI SOCIEDAD ANONIMA ABIERTA,2008,EMPRESAS EMISORAS,AGRICOLAS,,Anual Individual,Anual,Soles,M todo Directo,79172,0,79172,19976,-14181,0,0,0,3D01ST,3D0206,False,PRELIMINAR
B11067,20135948641,AGRO INDUSTRIAL PARAMONGA S.A.,2008,EMPRESAS EMISORAS,AGRICOLAS,,Anual Individual,Anual,Soles,M todo Directo,496849,234667,262182,129914,-8725,5851,-32124,-26273,3D01ST,3D0206,True,PRELIMINAR
B08363,20132377783,AGROINDUSTRIAL LAREDO S.A.A.,2008,EMPRESAS EMISORAS,AGRICOLAS,,Anual Individual,Anual,Soles,M todo Directo,448061,154441,293620,153436,14037,19842,-35898,-16056,3D01ST,3D0206,False,PRELIMINAR
B11068,20116225779,AGROINDUSTRIAS SAN JACINTO S.A.A.,2008,EMPRESAS EMISORAS,AGRICOLAS,,Anual Individual,Anual,Soles,M todo Directo,501726,169736,331990,64703,-9621,3608,-2435,1173,3D01ST,3D0206,True,PRELIMINAR
OE3203,20517476405,ALFIN BANCO S.A.,2008,EMPRESAS EMISORAS,BANCOS,,Anual Individual,Anual,Soles,M todo Indirecto,202035,162558,39477,44262,-8004,5434,,,3F0501,,False,INCOMPLETO
B30006,20100055237,ALICORP S.A.A.,2008,EMPRESAS EMISORAS,INDUSTRIALES,,Anual Individual,Anual,Soles,M todo Directo,2663589,1329740,1333849,3124150,87582,-52531,-8047,-60578,3D01ST,3D0206,False,PRELIMINAR
B60053,20265391886,AMERIKA FINANCIERA S.A. EN LIQUIDACION,2008,EMPRESAS EMISORAS,FINANCIERAS,,Anual Individual,Anual,Soles,M todo Indirecto,546579,470948,75631,48456,4946,-4746,,,3F0501,,True,INCOMPLETO
CI0006,20338054115,AUSTRAL GROUP S.A.A.,2008,EMPRESAS EMISORAS,INDUSTRIALES,,Anual Individual,Anual,Soles,M todo Directo,1033496,505368,528128,585823,45713,79525,-71287,8238,3D01ST,3D0206,False,PRELIMINAR
B80004,20100130204,BANCO BBVA PERU,2008,EMPRESAS EMISORAS,BANCOS,,Anual Individual,Anual,Soles,M todo Indirecto,33459530,31226692,2232838,2575872,724110,1074451,,,3F0501,,False,INCOMPLETO
CF0004,20509507199,BANCO DE COMERCIO,2008,EMPRESAS EMISORAS,BANCOS,,Anual Individual,Anual,Soles,M todo Indirecto,1025567,927023,98544,129509,13062,19646,,,3F0501,,True,INCOMPLETO
B80005,20100047218,BANCO DE CREDITO DEL PERU,2008,EMPRESAS EMISORAS,BANCOS,,Anual Individual,Anual,Soles,M todo Directo,52548933,48449001,4099932,4514583,1334546,1367771,,,3F0501,,True,INCOMPLETO
B80144,20330401991,BANCO FALABELLA PERU S.A.,2008,EMPRESAS EMISORAS,BANCOS,,Anual Individual,Anual,Soles,M todo Indirecto,1316152,1072328,243824,423114,84125,184401,,,3F0501,,False,INCOMPLETO
OE2271,20513074370,BANCO GNB PERU S.A.,2008,EMPRESAS EMISORAS,BANCOS,,Anual Individual,Anual,Soles,M todo Indirecto,1652065,1487630,164435,79934,-49804,-70483,,,3F0501,,False,INCOMPLETO
B80123,20101036813,BANCO INTERAMERICANO DE FINANZAS,2008,EMPRESAS EMISORAS,BANCOS,,Anual Individual,Anual,Soles,M todo Indirecto,4135518,3913825,221693,281133,38027,77132,,,3F0501,,False,INCOMPLETO
B80020,20100053455,BANCO INTERNACIONAL DEL PERU S.A.A. - INTERBANK,2008,EMPRESAS EMISORAS,BANCOS,,Anual Individual,Anual,Soles,M todo Indirecto,14555950,13619208,936742,1435561,270353,324980,,,3F0501,,True,INCOMPLETO
B80009,20100105862,BANCO PICHINCHA,2008,EMPRESAS EMISORAS,BANCOS,,Anual Individual,Anual,Soles,M todo Indirecto,2645458,2350784,294674,310382,31930,87391,,,3F0501,,False,INCOMPLETO
B80141,20259702411,BANCO RIPLEY PERU S.A.,2008,EMPRESAS EMISORAS,BANCOS,,Anual Individual,Anual,Soles,M todo Indirecto,1078787,888161,190626,379684,65141,151152,,,3F0501,,True,INCOMPLETO
OE3056,20516711559,BANCO SANTANDER PERU S.A.,2008,EMPRESAS EMISORAS,BANCOS,,Anual Individual,Anual,Soles,M todo Indirecto,1019538,941013,78525,44768,-11207,-501,,,3F0501,,True,INCOMPLETO
B30079,20100096341,BAYER S.A.,2008,EMPRESAS EMISORAS,DIVERSOS,,Anual Individual,Anual,Soles,M todo Directo,197819,77916,119903,301121,28502,5817,-2369,3448,3D01ST,3D0206,True,PRELIMINAR
B30031,20100124492,BRITISH AMERICAN TOBACCO DEL PERU HOLDINGS S.A.,2008,EMPRESAS EMISORAS,INDUSTRIALES,,Anual Individual,Anual,Soles,M todo Directo,103800,45632,58168,229481,44880,33213,-158,33055,3D01ST,3D0206,False,PRELIMINAR
B11082,20131867744,CARTAVIO SOCIEDAD ANONIMA ABIERTA,2008,EMPRESAS EMISORAS,AGRICOLAS,,Anual Individual,Anual,Soles,M todo Directo,455464,125663,329801,188096,24471,27583,-5137,22446,3D01ST,3D0206,True,PRELIMINAR
B08361,20131823020,CASA GRANDE SOCIEDAD ANONIMA ABIERTA,2008,EMPRESAS EMISORAS,AGRICOLAS,,Anual Individual,Anual,Soles,M todo Directo,1252938,579601,673337,247676,30757,40403,-11660,28743,3D01ST,3D0206,True,PRELIMINAR
B20001,20100163048,CASTROVIRREYNA COMPAÑIA MINERA S.A. EN LIQUIDACION,2008,EMPRESAS EMISORAS,MINERAS,,Anual Individual,Anual,Soles,M todo Directo,63328,32163,31165,66343,7014,18260,-2818,15442,3D01ST,3D0206,False,PRELIMINAR
OE0524,20129497077,CEMENTO ANDINO S.A.,2008,EMPRESAS EMISORAS,INDUSTRIALES,,Anual Individual,Anual,Soles,M todo Directo,565936,113228,452708,378928,76702,102299,-41881,60418,3D01ST,3D0206,False,PRELIMINAR
CD0005,20419387658,CEMENTOS PACASMAYO S.A.A.,2008,EMPRESAS EMISORAS,INDUSTRIALES,,Anual Individual,Anual,Soles,M todo Directo,866353,333129,533224,509242,73002,59678,-34945,24733,3D01ST,3D0206,False,PRELIMINAR
019094,20129854953,CENTRAL AZUCARERA CHUCARAPI-PAMPA BLANCA S.A.,2008,EMPRESAS EMISORAS,AGRICOLAS,,Anual Individual,Anual,Soles,M todo Directo,68479,27938,40541,5878,-349,1587,-1121,466,3D01ST,3D0206,False,PRELIMINAR
020899,20294751565,CENTROS COMERCIALES DEL PERU S.A.,2008,EMPRESAS EMISORAS,DIVERSOS,,Anual Individual,Anual,Soles,M todo Directo,16554,39610,-23056,107889,14532,14684,-1014,13670,3D01ST,3D0206,False,PRELIMINAR
B30023,20128915711,CERVECERIA SAN JUAN S.A.,2008,EMPRESAS EMISORAS,INDUSTRIALES,,Anual Individual,Anual,Soles,M todo Directo,180300,49408,130892,284207,28989,31234,-46849,-15615,3D01ST,3D0206,False,PRELIMINAR
CS0007,20109068498,CESCE PERU S.A. COMPAÑIA DE SEGUROS,2008,EMPRESAS EMISORAS,SEGUROS,,Anual Individual,Anual,Soles,M todo Indirecto,40599,10793,29806,28152,9510,12099,-85,12014,3E0301,3E0405,False,PRELIMINAR
CD0001,20390863871,CFI HOLDINGS S.A.,2008,EMPRESAS EMISORAS,DIVERSOS,,Anual Individual,Anual,Soles,M todo Directo,119452,2500,116952,424,35792,-179,-296,-475,3D01ST,3D0206,False,PRELIMINAR
CS0003,20390625007,CHUBB PERU S.A. COMPAÑIA DE SEGUROS Y REASEGUROS,2008,EMPRESAS EMISORAS,SEGUROS,,Anual Individual,Anual,Soles,M todo Indirecto,75926,36782,39144,48931,6780,7201,-6037,1164,3E0301,3E0405,True,PRELIMINAR
CI0007,20385353406,CIA.INDUSTRIAL NUEVO MUNDO S.A.,2008,EMPRESAS EMISORAS,INDUSTRIALES DEL TRABAJO,,Anual Individual,Anual,Soles,M todo Directo,178365,102566,75799,149180,4302,2762,-3310,-548,3D01ST,3D0206,False,PRELIMINAR
CB0002,20100116635,CITIBANK DEL PERU S.A.,2008,EMPRESAS EMISORAS,BANCOS,,Anual Individual,Anual,Soles,M todo Indirecto,4024592,3409407,615185,489212,137656,111840,,,3F0501,,True,INCOMPLETO
B20003,20100079501,COMPAÑIA DE MINAS BUENAVENTURA S.A.A.,2008,EMPRESAS EMISORAS,MINERAS,,Anual Individual,Anual,D lares,M todo Directo,1993491,461890,1531601,551142,153283,66708,-45509,21199,3D01ST,3D0206,True,PRELIMINAR
B30098,20100012856,COMPAÑIA GOODYEAR DEL PERU S.A.,2008,EMPRESAS EMISORAS,INDUSTRIALES,,Anual Individual,Anual,Soles,M todo Directo,295819,74090,221729,387870,34979,40069,-8731,31338,3D01ST,3D0206,False,PRELIMINAR
B20041,20137025354,COMPAÑIA MINERA PODEROSA S.A.A.,2008,EMPRESAS EMISORAS,MINERAS,,Anual Individual,Anual,Soles,M todo Directo,310841,140284,170557,261187,43971,86872,-29661,57211,3D01ST,3D0206,False,PRELIMINAR
B20012,20100163552,COMPAÑIA MINERA RAURA S.A.,2008,EMPRESAS EMISORAS,MINERAS,,Anual Individual,Anual,Soles,M todo Indirecto,173415,58480,114935,190668,20723,93259,-10542,82717,3D01ST,3D0206,False,PRELIMINAR
B20013,20100177421,COMPAÑIA MINERA SAN IGNACIO DE MOROCOCHA S.A.A.,2008,EMPRESAS EMISORAS,MINERAS,,Anual Individual,Anual,Soles,M todo Indirecto,264356,105123,159233,131900,-15211,37702,-28781,8921,3D01ST,3D0206,True,PRELIMINAR
B20016,20100120314,COMPAÑIA MINERA SANTA LUISA S.A.,2008,EMPRESAS EMISORAS,MINERAS,,Anual Individual,Anual,Soles,M todo Directo,255848,69905,185943,148679,-13532,15409,-32590,-17181,3D01ST,3D0206,False,PRELIMINAR
CI0005,20100562848,COMPAÑIA UNIVERSAL TEXTIL S.A. EN LIQUIDACION,2008,EMPRESAS EMISORAS,INDUSTRIALES,,Anual Individual,Anual,Soles,M todo Directo,190571,69666,120905,87305,383,-1593,-2301,-3894,3D01ST,3D0206,True,PRELIMINAR
OE3212,20509093521,CONCESIONARIA TRASVASE OLMOS S.A.,2008,EMPRESAS EMISORAS,DIVERSOS,,Anual Individual,Anual,Soles,M todo Indirecto,503305,464896,38409,0,-11009,-6896,0,-6896,3D01ST,3D0206,True,PRELIMINAR
CD0020,20141189850,CONECTA RETAIL S.A.,2008,EMPRESAS EMISORAS,DIVERSOS,,Anual Individual,Anual,Soles,M todo Directo,119696,91386,28310,251174,11710,12984,-2147,10837,3D01ST,3D0206,False,PRELIMINAR
OE3734,20491854481,CONSERVERA DE LAS AMERICAS S.A.,2008,EMPRESAS EMISORAS,INDUSTRIALES,,Anual Individual,Anual,Soles,M todo Directo,87795,51042,36753,7056,-1735,615,0,615,3D01ST,3D0206,True,PRELIMINAR
CD0012,20465261634,CONSORCIO AGUA AZUL S.A.,2008,EMPRESAS EMISORAS,SERVICIOS PUBLICOS,,Anual Individual,Anual,Soles,M todo Directo,157189,72217,84972,36773,4230,12642,-70,12572,3D01ST,3D0206,False,PRELIMINAR
OE3557,20518410858,CONSORCIO CEMENTERO DEL SUR S.A.,2008,EMPRESAS EMISORAS,DIVERSOS,,Anual Individual,Anual,Soles,M todo Directo,451161,182196,268965,0,37425,-698,0,-698,3D01ST,3D0206,False,PRELIMINAR
000683,20100195080,CONSORCIO INDUSTRIAL DE AREQUIPA SA,2008,EMPRESAS EMISORAS,INDUSTRIALES,,Anual Individual,Anual,Soles,M todo Directo,34408,6058,28350,43128,5060,3444,-1603,1841,3D01ST,3D0206,True,PRELIMINAR
CD0013,20383316473,CONSORCIO TRANSMANTARO S.A.,2008,EMPRESAS EMISORAS,SERVICIOS PUBLICOS,,Anual Individual,Anual,D lares,M todo Directo,153398,96866,56532,27963,9745,20699,-10256,10443,3D01ST,3D0206,True,PRELIMINAR
B30144,20100019940,CONSTRUCCIONES ELECTROMECANICAS DELCROSA S.A.,2008,EMPRESAS EMISORAS,INDUSTRIALES,,Anual Individual,Anual,Soles,M todo Directo,67575,48285,19290,53258,1441,-10369,0,-10369,3D01ST,3D0206,False,PRELIMINAR
CI0003,20370146994,CORPORACION ACEROS AREQUIPA S.A.,2008,EMPRESAS EMISORAS,INDUSTRIALES,,Anual Individual,Anual,Soles,M todo Directo,2241116,1413149,827967,2164437,112091,-489554,-57262,-546816,3D01ST,3D0206,False,PRELIMINAR
019886,20161636780,CORPORACION CERAMICA S.A.,2008,EMPRESAS EMISORAS,INDUSTRIALES,,Anual Individual,Anual,Soles,M todo Directo,147744,62172,85572,123272,5085,6360,-6151,209,3D01ST,3D0206,False,PRELIMINAR
B30207,20100228352,CORPORACION CERVESUR S.A.A.,2008,EMPRESAS EMISORAS,DIVERSOS,,Anual Individual,Anual,Soles,M todo Directo,493203,42974,450229,31086,12228,14262,-577,13685,3D01ST,3D0206,False,PRELIMINAR
OE3221,20193022023,CORPORACION DEL MAR S.A.,2008,EMPRESAS EMISORAS,INDUSTRIALES,,Anual Individual,Anual,Soles,M todo Directo,98480,64467,34013,53920,-8227,8202,-383,7819,3D01ST,3D0206,False,PRELIMINAR
CF0002,20100116392,CORPORACION FINANCIERA DE DESARROLLO S.A. - COFIDE,2008,EMPRESAS EMISORAS,FINANCIERAS,,Anual Individual,Anual,Soles,M todo Indirecto,4972433,3149043,1823390,274645,52855,-38328,,,3F0501,,False,INCOMPLETO
OE1566,20501663256,CORPORACION FUNERARIA S.A.,2008,EMPRESAS EMISORAS,DIVERSOS,,Anual Individual,Anual,Soles,M todo Directo,10388,619,9769,16374,3,-545,-1237,-1782,3D01ST,3D0206,False,PRELIMINAR
CI0010,20255322363,CORPORACION MISKI S.A.,2008,EMPRESAS EMISORAS,INDUSTRIALES,,Anual Individual,Anual,D lares,M todo Directo,16457,9976,6481,29356,1199,1740,-294,1446,3D01ST,3D0206,True,PRELIMINAR
B30060,20133530003,CREDITEX S.A.A.,2008,EMPRESAS EMISORAS,INDUSTRIALES,,Anual Individual,Anual,Soles,M todo Directo,372591,120636,251955,264569,18760,16794,-11007,5787,3D01ST,3D0206,False,PRELIMINAR
B60058,20308668780,CREDITO LEASING S.A.,2008,EMPRESAS EMISORAS,DIVERSOS,,Anual Individual,Anual,Soles,M todo Indirecto,772904,696993,75911,88839,9321,47169,,,3F0501,,False,INCOMPLETO
OE3694,20517406610,DEUTSCHE BANK (PERU) S.A. EN LIQUIDACION,2008,EMPRESAS EMISORAS,BANCOS,,Anual Individual,Anual,Soles,M todo Indirecto,351263,244827,106436,25639,2198,1101,,,3F0501,,False,INCOMPLETO
OE2258,20509845167,DIVISO GRUPO FINANCIERO S.A.,2008,EMPRESAS EMISORAS,DIVERSOS,,Anual Individual,Anual,Soles,M todo Directo,73542,7108,66434,72643,-118950,-3120,0,-3120,3D01ST,3D0206,False,PRELIMINAR
OE3108,20375312868,EDYFICAR PERU S.A.,2008,EMPRESAS EMISORAS,DIVERSOS,,Anual Individual,Anual,Soles,M todo Indirecto,714290,614851,99439,168041,28832,32280,,,3F0501,,True,INCOMPLETO
B80104,20100035392,EL PACIFICO PERUANO-SUIZA CIA DE SEGUROS Y REASEGUROS,2008,EMPRESAS EMISORAS,SEGUROS,,Anual Individual,Anual,Soles,M todo Indirecto,1250440,861002,389438,834950,-18836,39917,-2194,37723,3E0301,3E0405,False,PRELIMINAR
B40013,20106156400,ELECTRO DUNAS S.A.A.,2008,EMPRESAS EMISORAS,SERVICIOS PUBLICOS,,Anual Individual,Anual,Soles,M todo Directo,310945,114899,196046,153728,-35280,32317,-44029,-11712,3D01ST,3D0206,False,PRELIMINAR
B40005,20116544289,ELECTRO SUR ESTE S.A.A.,2008,EMPRESAS EMISORAS,SERVICIOS PUBLICOS,,Anual Individual,Anual,Soles,M todo Directo,471074,45172,425902,154847,8611,27267,-45026,-17759,3D01ST,3D0206,False,PRELIMINAR
B08359,20118792174,EMPRESA AGRARIA AZUCARERA ANDAHUASI S.A.A.,2008,EMPRESAS EMISORAS,AGRICOLAS,,Anual Individual,Anual,Soles,M todo Directo,350889,106883,244006,78356,-3850,10666,-3185,7481,3D01ST,3D0206,False,PRELIMINAR
B11072,20131835621,EMPRESA AGRARIA CHIQUITOY S.A.,2008,EMPRESAS EMISORAS,AGRICOLAS,,Anual Individual,Anual,Soles,M todo Directo,106799,84846,21953,16886,2623,-3656,-731,-4387,3D01ST,3D0206,False,PRELIMINAR
B11079,20132369331,EMPRESA AGRICOLA BARRAZA S.A.,2008,EMPRESAS EMISORAS,AGRICOLAS,,Anual Individual,Anual,Soles,M todo Directo,23009,5006,18003,3470,126,-1512,-98,-1610,3D01ST,3D0206,False,PRELIMINAR
B11074,20103272964,EMPRESA AGRICOLA SAN JUAN S.A.,2008,EMPRESAS EMISORAS,AGRICOLAS,,Anual Individual,Anual,Soles,M todo Directo,103499,36408,67091,25668,2038,3792,-10816,-7024,3D01ST,3D0206,False,PRELIMINAR
B08358,20133419749,EMPRESA AGRICOLA SINTUCO S.A.,2008,EMPRESAS EMISORAS,AGRICOLAS,,Anual Individual,Anual,Soles,M todo Directo,47397,8384,39013,9805,2911,-115,-135,-250,3D01ST,3D0206,False,PRELIMINAR
B08360,20163898200,EMPRESA AGROINDUSTRIAL POMALCA S.A.A.,2008,EMPRESAS EMISORAS,AGRICOLAS,,Anual Individual,Anual,Soles,M todo Directo,817468,462670,354798,71249,-29963,889,-402,487,3D01ST,3D0206,False,PRELIMINAR
B11078,20136009614,EMPRESA AGROINDUSTRIAL TUMAN S.A.A.,2008,EMPRESAS EMISORAS,AGRICOLAS,,Anual Individual,Anual,Soles,M todo Directo,710204,399284,310920,98419,-40358,3480,-215,3265,3D01ST,3D0206,False,PRELIMINAR
017070,20141723601,EMPRESA AZUCARERA EL INGENIO S.A.,2008,EMPRESAS EMISORAS,AGRICOLAS,,Anual Individual,Anual,Soles,M todo Directo,44465,5608,38857,5959,-1198,-2773,-248,-3021,3D01ST,3D0206,False,PRELIMINAR
SP0001,20380383030,EMPRESA DE GENERACION ELECTRICA CAHUA S.A.,2008,EMPRESAS EMISORAS,SERVICIOS PUBLICOS,,Anual Individual,Anual,D lares,M todo Directo,92927,41528,51399,34643,8436,4691,-3887,804,3D01ST,3D0206,False,PRELIMINAR
SP0009,20262221335,EMPRESA DE GENERACION ELECTRICA SAN GABAN S.A.,2008,EMPRESAS EMISORAS,SERVICIOS PUBLICOS,,Anual Individual,Anual,Soles,M todo Indirecto,574084,253249,320835,121443,5525,61342,-547,60795,3D01ST,3D0206,False,PRELIMINAR
B30241,20143229816,EMPRESA EDITORA EL COMERCIO S.A.,2008,EMPRESAS EMISORAS,INDUSTRIALES,,Anual Individual,Anual,Soles,M todo Directo,576727,390621,186106,526195,68101,70790,-64541,6249,3D01ST,3D0206,False,PRELIMINAR
CD0022,20100027705,EMPRESA ELECTRICIDAD DEL PERU - ELECTROPERU S.A.,2008,EMPRESAS EMISORAS,SERVICIOS PUBLICOS,,Anual Individual,Anual,Soles,M todo Directo,3438824,1309361,2129463,1217492,180017,400887,-13866,387021,3D01ST,3D0206,False,PRELIMINAR
SP0006,20405479592,EMPRESA REGIONAL DE SERVICIO PUBLICO DE ELECTRICIDAD DE PUNO S.A.A. - ELECTROPUNO,2008,EMPRESAS EMISORAS,SERVICIOS PUBLICOS,,Anual Individual,Anual,Soles,M todo Directo,245155,30246,214909,72008,5009,13927,-7152,6775,3D01ST,3D0206,False,PRELIMINAR
B40002,20132023540,EMPRESA REGIONAL DE SERVICIO PUBLICO DE ELECTRICIDAD ELECTRONORTE MEDIO S.A. - HIDRANDINA,2008,EMPRESAS EMISORAS,SERVICIOS PUBLICOS,,Anual Individual,Anual,Soles,M todo Directo,999359,175506,823853,364847,32133,75099,-84363,-9264,3D01ST,3D0206,False,PRELIMINAR
CM0003,20402885549,EMPRESA SIDERURGICA DEL PERU S.A.A. - SIDERPERU,2008,EMPRESAS EMISORAS,INDUSTRIALES,,Anual Individual,Anual,Soles,M todo Directo,2170422,1553465,616957,1694281,18314,-733706,-84890,-818596,3D01ST,3D0206,False,PRELIMINAR
003058,20270508163,ENEL GENERACION PIURA S.A.,2008,EMPRESAS EMISORAS,SERVICIOS PUBLICOS,,Anual Individual,Anual,Soles,M todo Directo,261197,91373,169824,246900,47326,34151,-12631,21520,3D01ST,3D0206,False,PRELIMINAR
002829,20333363900,ENGIE ENERGIA PERU S.A.A.,2008,EMPRESAS EMISORAS,SERVICIOS PUBLICOS,,Anual Individual,Anual,D lares,M todo Directo,570406,366241,204165,446138,93504,86365,-9742,76623,3D01ST,3D0206,False,PRELIMINAR
B30094,20100094135,EXSA S.A.,2008,EMPRESAS EMISORAS,INDUSTRIALES,,Anual Individual,Anual,Soles,M todo Directo,293041,164366,128675,444675,24642,28526,-25584,2942,3D01ST,3D0206,True,PRELIMINAR
B30042,20100020956,FABRICA DE HILADOS Y TEJIDOS SAN MIGUEL S.A. - EN LIQUIDACION,2008,EMPRESAS EMISORAS,INDUSTRIALES,,Anual Individual,Anual,Soles,M todo Directo,1218,9,1209,0,39,2,0,2,3D01ST,3D0206,False,PRELIMINAR
B30211,20100165687,FABRICA NACIONAL DE ACUMULADORES ETNA S.A.,2008,EMPRESAS EMISORAS,INDUSTRIALES,,Anual Individual,Anual,Soles,M todo Directo,83358,24957,58401,100188,20725,12149,-1021,11128,3D01ST,3D0206,False,PRELIMINAR
B30122,20100051240,FABRICA PERUANA ETERNIT S.A.,2008,EMPRESAS EMISORAS,INDUSTRIALES,,Anual Individual,Anual,Soles,M todo Directo,69241,33062,36179,124034,18143,17920,0,17920,3D01ST,3D0206,True,PRELIMINAR
J00120,20503388601,FARMACEUTICA DEL PACIFICO S.A.,2008,EMPRESAS EMISORAS,INDUSTRIALES,,Anual Individual,Anual,Soles,M todo Directo,23318,8612,14706,26694,6622,6320,-1032,5288,3D01ST,3D0206,False,PRELIMINAR
OE3185,20262996329,FARMINDUSTRIA S.A.,2008,EMPRESAS EMISORAS,INDUSTRIALES,,Anual Individual,Anual,Soles,M todo Directo,175033,83629,91404,213599,36575,35545,-3669,31876,3D01ST,3D0206,True,PRELIMINAR
B60001,20100027292,FERREYCORP S.A.A.,2008,EMPRESAS EMISORAS,DIVERSOS,,Anual Individual,Anual,Soles,M todo Directo,1877934,1340422,537512,1909367,80445,-331890,-18574,-350464,3D01ST,3D0206,True,PRELIMINAR
B30083,20100083010,FILAMENTOS INDUSTRIALES S.A.,2008,EMPRESAS EMISORAS,DIVERSOS,,Anual Individual,Anual,Soles,M todo Directo,59333,15270,44063,77620,7731,11674,-2807,8867,3D01ST,3D0206,True,PRELIMINAR
017892,20196629000,FIMA S A,2008,EMPRESAS EMISORAS,INDUSTRIALES,,Anual Individual,Anual,D lares,M todo Directo,39380,28180,11200,27933,1632,1825,-900,925,3D01ST,3D0206,False,PRELIMINAR
OE3205,20228319768,FINANCIERA CONFIANZA S.A.A.,2008,EMPRESAS EMISORAS,FINANCIERAS,,Anual Individual,Anual,Soles,M todo Indirecto,511930,445593,66337,97363,5904,197641,,,3F0501,,False,INCOMPLETO
B80145,20337996834,FINANCIERA TFC S.A. EN LIQUIDACION,2008,EMPRESAS EMISORAS,FINANCIERAS,,Anual Individual,Anual,Soles,M todo Indirecto,195875,170455,25420,50897,3287,73645,,,3F0501,,False,INCOMPLETO
001152,20100094054,FUTURA CONSORCIO INMOBILIARIO S.A.,2008,EMPRESAS EMISORAS,DIVERSOS,,Anual Individual,Anual,Soles,M todo Directo,526030,441089,84941,153172,4918,-50787,-13613,-64400,3D01ST,3D0206,False,PRELIMINAR
022984,20297652274,GENERANDES PERU S.A.,2008,EMPRESAS EMISORAS,SERVICIOS PUBLICOS,,Anual Individual,Anual,Soles,M todo Directo,1193468,103,1193365,0,60515,2403,0,2403,3D01ST,3D0206,False,PRELIMINAR
B80002,20100126274,GESTIONES Y RECUPERACIONES DE ACTIVOS SOCIEDAD ANONIMA (RET),2008,EMPRESAS EMISORAS,DIVERSOS,,Anual Individual,Anual,Soles,M todo Indirecto,19212,165,19047,371,219,389,0,389,3D01ST,3D0206,False,PRELIMINAR
CM0008,20507828915,GOLD FIELDS LA CIMA S.A.,2008,EMPRESAS EMISORAS,MINERAS,,Anual Individual,Anual,Soles,M todo Directo,2805856,1454862,1350994,0,-74952,-290338,-602626,-892964,3D01ST,3D0206,False,PRELIMINAR
B80049,20100116988,GR HOLDING S.A.,2008,EMPRESAS EMISORAS,DIVERSOS,,Anual Individual,Anual,Soles,M todo Directo,87756,7625,80131,3859,882,1856,-1,1855,3D01ST,3D0206,True,PRELIMINAR
BV0001,20100055661,GRUPO BVL S.A.A.,2008,EMPRESAS EMISORAS,DIVERSOS,,Anual Individual,Anual,Soles,M todo Directo,93333,8882,84451,49476,29482,26598,-352,26246,3D01ST,3D0206,False,PRELIMINAR
B30140,20100171814,HIDROSTAL S.A.,2008,EMPRESAS EMISORAS,INDUSTRIALES,,Anual Individual,Anual,Soles,M todo Directo,131306,73981,57325,107074,4453,-1761,-14747,-16508,3D01ST,3D0206,False,PRELIMINAR
006162,20100199743,INCA TOPS S.A.,2008,EMPRESAS EMISORAS,INDUSTRIALES,,Anual Individual,Anual,Soles,M todo Directo,107798,63143,44655,86285,-947,423,-3937,-3514,3D01ST,3D0206,False,PRELIMINAR
B30236,20251293181,INDECO S.A.,2008,EMPRESAS EMISORAS,INDUSTRIALES,,Anual Individual,Anual,D lares,M todo Directo,128124,30979,97145,280682,10981,27891,-6540,21351,3D01ST,3D0206,False,PRELIMINAR
B30050,20102728743,INDUSTRIA TEXTIL PIURA S.A.,2008,EMPRESAS EMISORAS,INDUSTRIALES,,Anual Individual,Anual,Soles,M todo Directo,182513,96576,85937,114982,1926,-27610,0,-27610,3D01ST,3D0206,True,PRELIMINAR
B30107,20100004322,INDUSTRIAS DEL ENVASE S.A.,2008,EMPRESAS EMISORAS,INDUSTRIALES,,Anual Individual,Anual,Soles,M todo Directo,115025,28799,86226,123164,5651,-5846,-1033,-6879,3D01ST,3D0206,False,PRELIMINAR
B30152,20100003512,INDUSTRIAS ELECTRO QUIMICAS S.A. IEQSA,2008,EMPRESAS EMISORAS,INDUSTRIALES,,Anual Individual,Anual,Soles,M todo Directo,155816,62457,93359,323401,2312,38666,-2831,35835,3D01ST,3D0206,False,PRELIMINAR
B30127,20100049938,INMOBILIARIA KANPU S.A.,2008,EMPRESAS EMISORAS,DIVERSOS,,Anual Individual,Anual,Soles,M todo Directo,177803,104008,73795,176960,6631,7122,-4904,2218,3D01ST,3D0206,False,PRELIMINAR
CN0002,20499141051,INMOBILIARIA MILENIA S.A.,2008,EMPRESAS EMISORAS,DIVERSOS,,Anual Individual,Anual,Soles,M todo Directo,44130,832,43298,8348,4196,4373,0,4373,3D01ST,3D0206,True,PRELIMINAR
B30086,20100047722,INMOBILIARIA VENCEDOR S.A.,2008,EMPRESAS EMISORAS,INDUSTRIALES,,Anual Individual,Anual,Soles,M todo Directo,87258,38802,48456,108407,2540,-3128,-2787,-5915,3D01ST,3D0206,False,PRELIMINAR
OE1274,20423264617,INMUEBLES PANAMERICANA S.A.,2008,EMPRESAS EMISORAS,DIVERSOS,,Anual Individual,Anual,Soles,M todo Directo,190130,110198,79932,49528,15207,27268,-284,26984,3D01ST,3D0206,False,PRELIMINAR
B70009,20100017491,INTEGRATEL PERU S.A.A.,2008,EMPRESAS EMISORAS,SERVICIOS PUBLICOS,,Anual Individual,Anual,Soles,M todo Directo,9469088,5513687,3955401,3756215,477140,277278,0,277278,3D01ST,3D0206,False,PRELIMINAR
OE2305,0,INTERCORP FINANCIAL SERVICES INC.,2008,EMPRESAS EMISORAS,DIVERSOS,,Anual Individual,Anual,Soles,M todo Indirecto,1422974,16077,1406897,290706,249538,238818,,,3F0501,,True,INCOMPLETO
CD0010,0,INTERCORP PERU LTD.,2008,EMPRESAS EMISORAS,DIVERSOS,,Anual Individual,Anual,Soles,M todo Indirecto,1746019,178657,1567362,185009,170043,20703,,,3F0501,,False,INCOMPLETO
CS0002,20382748566,INTERSEGURO COMPAÑIA DE SEGUROS S.A.,2008,EMPRESAS EMISORAS,SEGUROS,,Anual Individual,Anual,Soles,M todo Directo,1861557,1659773,201784,74651,6555,168036,-3835,164201,3E0301,3E0405,False,PRELIMINAR
TI0002,20417378911,INTRADEVCO INDUSTRIAL S.A.,2008,EMPRESAS EMISORAS,INDUSTRIALES,,Anual Individual,Anual,Soles,M todo Directo,296812,170101,126711,280806,15608,10133,-9353,780,3D01ST,3D0206,False,PRELIMINAR
B80057,20101099149,INVERSIONES ASPI S.A.,2008,EMPRESAS EMISORAS,DIVERSOS,,Anual Individual,Anual,Soles,M todo Directo,388499,51994,336505,46676,39020,133682,0,133682,3D01ST,3D0206,False,PRELIMINAR
B80077,20101045995,INVERSIONES CENTENARIO S.A.A.,2008,EMPRESAS EMISORAS,DIVERSOS,,Anual Individual,Anual,Soles,M todo Directo,481533,229000,252533,78419,31709,-6902,-5268,-12170,3D01ST,3D0206,True,PRELIMINAR
B60004,20104347691,INVERSIONES EN TURISMO S.A. INVERTUR,2008,EMPRESAS EMISORAS,DIVERSOS,,Anual Individual,Anual,Soles,M todo Directo,35796,7679,28117,16026,2062,3635,-1698,1937,3D01ST,3D0206,False,PRELIMINAR
003512,20334766714,INVERSIONES LA RIOJA S.A.,2008,EMPRESAS EMISORAS,DIVERSOS,,Anual Individual,Anual,Soles,M todo Directo,222924,79723,143201,80389,10359,22050,-7175,14875,3D01ST,3D0206,True,PRELIMINAR
B60005,20114803228,INVERSIONES NACIONALES DE TURISMO S.A. INTURSA,2008,EMPRESAS EMISORAS,DIVERSOS,,Anual Individual,Anual,Soles,M todo Directo,394093,115652,278441,57136,9820,17985,-152921,-134936,3D01ST,3D0206,False,PRELIMINAR
003517,20293380512,INVERSIONES Y SERVICIOS FINANCIEROS S.A.,2008,EMPRESAS EMISORAS,DIVERSOS,,Anual Individual,Anual,Soles,M todo Directo,50252,21496,28756,38564,5374,6516,0,6516,3D01ST,3D0206,False,PRELIMINAR
A80069,20100210909,LA POSITIVA SEGUROS Y REASEGUROS S.A.,2008,EMPRESAS EMISORAS,SEGUROS,,Anual Individual,Anual,Soles,M todo Indirecto,364681,187405,177276,234672,-19497,7791,-22913,-15122,3E0301,3E0405,True,PRELIMINAR
OE2069,20454073143,LA POSITIVA VIDA SEGUROS Y REASEGUROS S.A.,2008,EMPRESAS EMISORAS,SEGUROS,,Anual Individual,Anual,Soles,M todo Directo,773566,651484,122082,71430,-18652,83787,-13220,70567,3E0301,3E0405,True,PRELIMINAR
CI0011,20100095450,LAIVE S.A.,2008,EMPRESAS EMISORAS,INDUSTRIALES,,Anual Individual,Anual,Soles,M todo Directo,176450,94092,82358,259775,23,-5423,-9676,-15099,3D01ST,3D0206,True,PRELIMINAR
B30230,20100190100,LAPICES Y CONEXOS S.A. LAYCONSA,2008,EMPRESAS EMISORAS,INDUSTRIALES,,Anual Individual,Anual,Soles,M todo Directo,57956,25720,32236,25663,124,36,-802,-766,3D01ST,3D0206,False,PRELIMINAR
B80031,20100093759,LATINA HOLDING S.A.,2008,EMPRESAS EMISORAS,DIVERSOS,,Anual Individual,Anual,Soles,M todo Indirecto,36618,4270,32348,0,-3426,21,-4,17,3D01ST,3D0206,False,PRELIMINAR
006166,20100190797,LECHE GLORIA S.A.,2008,EMPRESAS EMISORAS,INDUSTRIALES,,Anual Individual,Anual,Soles,M todo Directo,1716613,774321,942292,2047739,292810,3596,-76693,-73097,3D01ST,3D0206,False,PRELIMINAR
B30099,20100182778,LIMA CAUCHO S.A. EN LIQUIDACION,2008,EMPRESAS EMISORAS,INDUSTRIALES,,Anual Individual,Anual,Soles,M todo Directo,75219,34230,40989,86299,1666,2800,-4142,-1342,3D01ST,3D0206,True,PRELIMINAR
J00121,20100007348,LIMA GAS S.A.,2008,EMPRESAS EMISORAS,DIVERSOS,,Anual Individual,Anual,Soles,M todo Directo,70916,27013,43903,177602,6367,4225,-9944,-5719,3D01ST,3D0206,False,PRELIMINAR
B70032,20301837896,LOS PORTALES S.A.,2008,EMPRESAS EMISORAS,DIVERSOS,,Anual Individual,Anual,Soles,M todo Directo,220808,146149,74659,58100,5709,4766,-3132,1634,3D01ST,3D0206,True,PRELIMINAR
B40008,20331898008,LUZ DEL SUR S.A.A.,2008,EMPRESAS EMISORAS,SERVICIOS PUBLICOS,,Anual Individual,Anual,Soles,M todo Directo,2169479,1208158,961321,1446912,219434,269330,-144153,125177,3D01ST,3D0206,False,PRELIMINAR
B30134,20100074371,MANUFACTURA DE METALES Y ALUMINIO RECORD S.A. EN LIQUIDACION,2008,EMPRESAS EMISORAS,INDUSTRIALES,,Anual Individual,Anual,Soles,M todo Directo,66348,26625,39723,50646,2600,-1993,0,-1993,3D01ST,3D0206,False,PRELIMINAR
CS0004,20418896915,MAPFRE PERU COMPAÑIA DE SEGUROS Y REASEGUROS,2008,EMPRESAS EMISORAS,SEGUROS,,Anual Individual,Anual,Soles,M todo Indirecto,482088,431691,50397,112491,6959,48504,-1231,47273,3E0301,3E0405,False,PRELIMINAR
B80122,20202380621,MAPFRE PERU COMPAÑIA DE SEGUROS Y REASEGUROS (SOCIEDAD ABSORBIDA),2008,EMPRESAS EMISORAS,SEGUROS,,Anual Individual,Anual,Soles,M todo Indirecto,338561,256279,82282,289227,8767,-1078,-3584,-4662,3E0301,3E0405,False,PRELIMINAR
002684,20160286068,MAQUINARIAS S.A.,2008,EMPRESAS EMISORAS,DIVERSOS,,Anual Individual,Anual,Soles,M todo Directo,329108,232138,96970,498645,16889,19207,-2378,16829,3D01ST,3D0206,False,PRELIMINAR
B20030,20100037841,MARMOLES Y GRANITOS S.A.,2008,EMPRESAS EMISORAS,MINERAS,,Anual Individual,Anual,Soles,M todo Directo,14878,8966,5912,10424,7,-1039,-45,-1084,3D01ST,3D0206,True,PRELIMINAR
CB0001,20382036655,MIBANCO BANCO DE LA MICROEMPRESA S.A.,2008,EMPRESAS EMISORAS,BANCOS,,Anual Individual,Anual,Soles,M todo Indirecto,3010465,2755745,254720,588723,85005,-285191,,,3F0501,,False,INCOMPLETO
TI0003,20100192650,MICHELL Y CIA. S.A.,2008,EMPRESAS EMISORAS,INDUSTRIALES,,Anual Individual,Anual,Soles,M todo Directo,190299,100403,89896,141508,-5073,12610,-8178,4432,3D01ST,3D0206,False,PRELIMINAR
CM0002,20338426781,MINERA ANDINA DE EXPLORACIONES S.A.A.,2008,EMPRESAS EMISORAS,MINERAS,,Anual Individual,Anual,Soles,M todo Directo,4602,960,3642,3152,1045,1589,-92,1497,3D01ST,3D0206,False,PRELIMINAR
002728,20209133394,MINERA BARRICK MISQUICHILCA SA,2008,EMPRESAS EMISORAS,MINERAS,,Anual Individual,Anual,D lares,M todo Indirecto,2179711,456453,1723258,1365228,659081,668920,-11188,657732,3D01ST,3D0206,False,PRELIMINAR
OE1804,20137291313,MINERA YANACOCHA S.R.L.,2008,EMPRESAS EMISORAS,MINERAS,,Anual Individual,Anual,D lares,M todo Directo,1911583,684589,1226994,1641301,463814,735427,-160989,574438,3D01ST,3D0206,True,PRELIMINAR
A20032,20100136741,MINSUR S.A.,2008,EMPRESAS EMISORAS,MINERAS,,Anual Individual,Anual,Soles,M todo Directo,3668190,354348,3313842,2204455,921451,1066386,-34852,1031534,3D01ST,3D0206,False,PRELIMINAR
BF0001,20375361991,MITSUI AUTO FINANCE PERU S.A.,2008,EMPRESAS EMISORAS,FINANCIERAS,,Anual Individual,Anual,Soles,M todo Indirecto,66833,52002,14831,7472,1849,-1711,,,3F0501,,False,INCOMPLETO
TI0001,20417926632,MOTORES DIESEL ANDINOS S.A.,2008,EMPRESAS EMISORAS,INDUSTRIALES,,Anual Individual,Anual,Soles,M todo Directo,187236,118337,68899,196101,16543,-37357,-12129,-49486,3D01ST,3D0206,True,PRELIMINAR
B11076,20113704463,NEGOCIACION AGRICOLA VISTA ALEGRE S.A.,2008,EMPRESAS EMISORAS,AGRICOLAS,,Anual Individual,Anual,Soles,M todo Directo,3054,2535,519,0,-290,15,0,15,3D01ST,3D0206,False,PRELIMINAR
B80136,20100007852,NEGOCIOS E INMUEBLES S.A.,2008,EMPRESAS EMISORAS,DIVERSOS,,Anual Individual,Anual,Soles,M todo Directo,171771,675,171096,2731,21753,4726,0,4726,3D01ST,3D0206,False,PRELIMINAR
CM0007,20100123500,NEXA RESOURCES ATACOCHA S.A.A.,2008,EMPRESAS EMISORAS,MINERAS,,Anual Individual,Anual,D lares,M todo Directo,349316,206209,143107,98826,-54998,-35051,-26213,-61264,3D01ST,3D0206,True,PRELIMINAR
B20010,20100110513,NEXA RESOURCES PERU S.A.A.,2008,EMPRESAS EMISORAS,MINERAS,,Anual Individual,Anual,D lares,M todo Directo,537304,211466,325838,230611,30808,95102,-41772,53330,3D01ST,3D0206,False,PRELIMINAR
023154,20338646802,ORAZUL ENERGY EGENOR SOCIEDAD EN COMANDITA POR ACCIONES,2008,EMPRESAS EMISORAS,SERVICIOS PUBLICOS,,Anual Individual,Anual,Soles,M todo Directo,1427931,840111,587820,397234,-1715,-79296,-7477,-86773,3D01ST,3D0206,False,PRELIMINAR
B40009,20330791412,ORYGEN PERU S.A.A.,2008,EMPRESAS EMISORAS,SERVICIOS PUBLICOS,,Anual Individual,Anual,Soles,M todo Directo,4910769,2711848,2198921,1148716,112345,207385,-24767,182618,3D01ST,3D0206,True,PRELIMINAR
B30118,20100011701,OWENS-ILLINOIS PERU S.A. (RET),2008,EMPRESAS EMISORAS,INDUSTRIALES,,Anual Individual,Anual,Soles,M todo Indirecto,392465,201303,191162,308256,56082,81592,-16287,65305,3D01ST,3D0206,False,PRELIMINAR
B60055,20332970411,PACIFICO COMPAÑIA DE SEGUROS Y REASEGUROS,2008,EMPRESAS EMISORAS,SEGUROS,,Anual Individual,Anual,Soles,M todo Indirecto,2273231,2012852,260379,354254,50354,384919,-24136,360783,3E0301,3E0405,True,PRELIMINAR
B50003,20118206208,PERU HOLDING DE TURISMO S.A.A.,2008,EMPRESAS EMISORAS,DIVERSOS,,Anual Individual,Anual,Soles,M todo Directo,203942,21952,181990,71,106,-1173,0,-1173,3D01ST,3D0206,False,PRELIMINAR
002927,20338352728,PERUANA DE ENERGIA S.A.A.,2008,EMPRESAS EMISORAS,SERVICIOS PUBLICOS,,Anual Individual,Anual,Soles,M todo Directo,32311,1108,31203,0,-371,2209,-133,2076,3D01ST,3D0206,True,PRELIMINAR
B20023,20100136237,PERUBAR S.A.,2008,EMPRESAS EMISORAS,MINERAS,,Anual Individual,Anual,D lares,M todo Directo,77251,20748,56503,27649,-4235,-8815,-2527,-11342,3D01ST,3D0206,False,PRELIMINAR
OE2008,20510889135,PLUSPETROL CAMISEA S.A.,2008,EMPRESAS EMISORAS,DIVERSOS,,Anual Individual,Anual,D lares,M todo Indirecto,480971,246038,234933,268481,90676,110189,-26,110163,3D01ST,3D0206,False,PRELIMINAR
B40010,20269985900,PLUZ ENERGIA PERU S.A.A.,2008,EMPRESAS EMISORAS,SERVICIOS PUBLICOS,,Anual Individual,Anual,Soles,M todo Directo,2386018,1544694,841324,1439021,154387,241634,-201328,40306,3D01ST,3D0206,False,PRELIMINAR
OE1928,20510398158,PRIMA AFP S.A.,2008,EMPRESAS EMISORAS,A.F.P.,,Anual Individual,Anual,Soles,M todo Directo,655291,282212,373079,209660,-17577,73594,-2557,71037,3D01ST,3D0206,False,PRELIMINAR
AFP004,20142829551,PROFUTURO AFP,2008,EMPRESAS EMISORAS,A.F.P.,,Anual Individual,Anual,Soles,M todo Indirecto,136300,67482,68818,121534,-16173,16829,-1158,15671,3D01ST,3D0206,False,PRELIMINAR
B70031,20269231743,PROMOTORA CLUB EMPRESARIAL S.A.,2008,EMPRESAS EMISORAS,DIVERSOS,,Anual Individual,Anual,Soles,M todo Directo,21286,54399,-33113,10211,-6892,-18,-92,-110,3D01ST,3D0206,False,PRELIMINAR
OE3191,20517207331,PROTECTA S.A. COMPAÑIA DE SEGUROS Y REASEGUROS,2008,EMPRESAS EMISORAS,SEGUROS,,Anual Individual,Anual,Soles,M todo Indirecto,17244,5196,12048,7608,-3600,2759,-286,2473,3E0301,3E0405,False,PRELIMINAR
B20042,20330791501,QUIMPAC S.A.,2008,EMPRESAS EMISORAS,INDUSTRIALES,,Anual Individual,Anual,Soles,M todo Directo,777278,354187,423091,592494,180266,184365,-36448,147917,3D01ST,3D0206,True,PRELIMINAR
001672,20100039207,RANSA COMERCIAL S.A.C,2008,EMPRESAS EMISORAS,DIVERSOS,,Anual Individual,Anual,Soles,M todo Directo,756223,223437,532786,343816,58059,40529,-60089,-19560,3D01ST,3D0206,False,PRELIMINAR
B30084,20100026997,RAYON INDUSTRIAL S.A. EN LIQUIDACION,2008,EMPRESAS EMISORAS,INDUSTRIALES,,Anual Individual,Anual,Soles,M todo Directo,1721,31,1690,0,41,2,0,2,3D01ST,3D0206,False,PRELIMINAR
B30220,20100005566,REACTIVOS NACIONALES S.A. RENASA,2008,EMPRESAS EMISORAS,INDUSTRIALES,,Anual Individual,Anual,Soles,M todo Directo,53458,15384,38074,52608,9474,3209,-2867,342,3D01ST,3D0206,False,PRELIMINAR
B90002,20100298725,RED BICOLOR DE COMUNICACIONES S.A.A. - RBC TV S.A.A.,2008,EMPRESAS EMISORAS,DIVERSOS,,Anual Individual,Anual,Soles,M todo Directo,6527,894,5633,5965,224,338,-233,105,3D01ST,3D0206,False,PRELIMINAR
SP0008,20504645046,RED DE ENERGIA DEL PERU S.A.,2008,EMPRESAS EMISORAS,SERVICIOS PUBLICOS,,Anual Individual,Anual,D lares,M todo Directo,397663,219174,178489,77127,18198,43748,-6766,36982,3D01ST,3D0206,True,PRELIMINAR
OE3927,20505377142,RED VIAL 5 S.A.,2008,EMPRESAS EMISORAS,DIVERSOS,,Anual Individual,Anual,Soles,M todo Directo,219793,121252,98541,62192,15775,26956,-182,26774,3D01ST,3D0206,False,PRELIMINAR
002766,20259829594,REFINERIA LA PAMPILLA S.A.A.,2008,EMPRESAS EMISORAS,INDUSTRIALES,,Anual Individual,Anual,D lares,M todo Directo,798850,599861,198989,3924731,-79324,22932,-11246,11686,3D01ST,3D0206,True,PRELIMINAR
B80037,20100041953,RIMAC SEGUROS Y REASEGUROS,2008,EMPRESAS EMISORAS,SEGUROS,,Anual Individual,Anual,Soles,M todo Indirecto,3167338,2647158,520180,1265889,66282,288214,-8096,280118,3E0301,3E0405,False,PRELIMINAR
014313,20100128056,SAGA FALABELLA S.A.,2008,EMPRESAS EMISORAS,DIVERSOS,,Anual Individual,Anual,Soles,M todo Directo,856260,596556,259704,1536872,92919,88562,-1964,86598,3D01ST,3D0206,True,PRELIMINAR
000717,20100154308,SAN FERNANDO S.A.,2008,EMPRESAS EMISORAS,INDUSTRIALES,,Anual Individual,Anual,Soles,M todo Directo,807832,525013,282819,1292919,-9813,19037,-30124,-11087,3D01ST,3D0206,True,PRELIMINAR
B80134,20255993225,SANTANDER CONSUMER BANK S.A.,2008,EMPRESAS EMISORAS,BANCOS,,Anual Individual,Anual,Soles,M todo Indirecto,1388187,1254992,133195,427648,2492,158219,,,3F0501,,False,INCOMPLETO
B80012,20100043140,SCOTIABANK PERU S.A.A.,2008,EMPRESAS EMISORAS,BANCOS,,Anual Individual,Anual,Soles,M todo Indirecto,24550883,22070631,2480252,1985932,598648,805525,,,3F0501,,False,INCOMPLETO
CS0005,20463627488,SEGUROS SURA,2008,EMPRESAS EMISORAS,SEGUROS,,Anual Individual,Anual,Soles,M todo Indirecto,2089073,1906288,182785,114389,7482,292096,-581,291515,3E0301,3E0405,False,PRELIMINAR
SP0012,20100152356,SERVICIO DE AGUA POTABLE Y ALCANTARILLADO - SEDAPAL,2008,EMPRESAS EMISORAS,SERVICIOS PUBLICOS,,Anual Individual,Anual,Soles,M todo Directo,5477732,1790430,3687302,1003083,4094,292528,-236315,56213,3D01ST,3D0206,False,PRELIMINAR
SP0002,20325493811,SHOUGANG GENERACION ELECTRICA S.A.A.,2008,EMPRESAS EMISORAS,SERVICIOS PUBLICOS,,Anual Individual,Anual,Soles,M todo Directo,91343,19241,72102,158900,8626,1538,-103,1435,3D01ST,3D0206,False,PRELIMINAR
CM0004,20100142989,SHOUGANG HIERRO PERU S.A.A.,2008,EMPRESAS EMISORAS,MINERAS,,Anual Individual,Anual,Soles,M todo Indirecto,1039584,435723,603861,1355853,416440,451012,-54603,396409,3D01ST,3D0206,False,PRELIMINAR
SP0010,20100188628,SOCIEDAD ELECTRICA DEL SUR OESTE S.A. - SEAL,2008,EMPRESAS EMISORAS,SERVICIOS PUBLICOS,,Anual Individual,Anual,Soles,M todo Indirecto,323217,92873,230344,203599,17590,33313,-11847,21466,3D01ST,3D0206,False,PRELIMINAR
B30143,20100113539,SOCIEDAD INDUSTRIAL DE ARTICULOS DE METAL S.A.C. - SIAM EN LIQUIDACION,2008,EMPRESAS EMISORAS,INDUSTRIALES,,Anual Individual,Anual,Soles,M todo Directo,15102,8487,6615,17834,909,310,-80,230,3D01ST,3D0206,True,PRELIMINAR
CM0006,20170072465,SOCIEDAD MINERA CERRO VERDE S.A.A.,2008,EMPRESAS EMISORAS,MINERAS,,Anual Individual,Anual,D lares,M todo Indirecto,1983572,659397,1324175,1835911,718433,1071045,-133779,937266,3D01ST,3D0206,False,PRELIMINAR
002597,20217427593,SOCIEDAD MINERA CORONA S.A.,2008,EMPRESAS EMISORAS,MINERAS,,Anual Individual,Anual,D lares,M todo Directo,53241,30622,22619,93123,27189,27012,-3515,23497,3D01ST,3D0206,True,PRELIMINAR
B20026,20100017572,SOCIEDAD MINERA EL BROCAL S.A.A.,2008,EMPRESAS EMISORAS,MINERAS,,Anual Individual,Anual,D lares,M todo Directo,383899,80249,303650,197227,61992,88151,-11612,76539,3D01ST,3D0206,False,PRELIMINAR
B80013,20100161771,SOLUCION EMPRESA ADMINISTRADORA HIPOTECARIA S.A.,2008,EMPRESAS EMISORAS,DIVERSOS,,Anual Individual,Anual,Soles,M todo Indirecto,112060,86853,25207,8752,1379,15789,,,3F0501,,False,INCOMPLETO
CP0009,20292928841,SOUTHERN CONE POWER PERU S.A.,2008,EMPRESAS EMISORAS,DIVERSOS,,Anual Individual,Anual,Soles,M todo Directo,148543,29933,118610,0,7288,8116,0,8116,3D01ST,3D0206,False,PRELIMINAR
B20027,20100147514,"SOUTHERN PERU COPPER CORPORATION, SUCURSAL DEL PERU",2008,EMPRESAS EMISORAS,MINERAS,,Anual Individual,Anual,D lares,M todo Indirecto,1950235,558884,1391351,2711468,1092359,1306414,-300120,1006294,3D01ST,3D0206,False,PRELIMINAR
SP0007,20502597061,STATKRAFT PERU S.A. (ANTES SN POWER PERU S.A.),2008,EMPRESAS EMISORAS,SERVICIOS PUBLICOS,,Anual Individual,Anual,D lares,M todo Directo,301947,122297,179650,86147,24360,19289,-4270,15019,3D01ST,3D0206,False,PRELIMINAR
000432,20100070970,SUPERMERCADOS PERUANOS S.A.,2008,EMPRESAS EMISORAS,DIVERSOS,,Anual Individual,Anual,Soles,M todo Directo,948613,682670,265943,1762317,20757,102808,-142135,-39327,3D01ST,3D0206,False,PRELIMINAR
OE3721,20101292658,TEKNOQUIMICA S.A.,2008,EMPRESAS EMISORAS,INDUSTRIALES,,Anual Individual,Anual,Soles,M todo Directo,128644,66109,62535,138050,-2236,1855,-7639,-5784,3D01ST,3D0206,False,PRELIMINAR
B70020,20100177774,TELEFONICA MOVILES S.A.,2008,EMPRESAS EMISORAS,SERVICIOS PUBLICOS,,Anual Individual,Anual,Soles,M todo Directo,3073116,1974029,1099087,3312756,519769,701077,-635685,65392,3D01ST,3D0206,False,PRELIMINAR
B30232,20100168350,TEXTIL SAN CRISTOBAL S.A. - EN LIQUIDACION,2008,EMPRESAS EMISORAS,INDUSTRIALES,,Anual Individual,Anual,Soles,M todo Directo,333922,323078,10844,134298,-22690,15279,-3461,11818,3D01ST,3D0206,False,PRELIMINAR
B30149,20100183588,TICINO DEL PERU S A,2008,EMPRESAS EMISORAS,INDUSTRIALES,,Anual Individual,Anual,Soles,M todo Directo,57245,10878,46367,65534,7218,3387,-169,3218,3D01ST,3D0206,True,PRELIMINAR
OE3895,20112273922,TIENDAS DEL MEJORAMIENTO DEL HOGAR S.A.,2008,EMPRESAS EMISORAS,DIVERSOS,,Anual Individual,Anual,Soles,M todo Indirecto,281397,201388,80009,575060,13665,5692,-62848,-57156,3D01ST,3D0206,False,PRELIMINAR
OE2701,20331429601,TOTAL ARTEFACTOS S.A.,2008,EMPRESAS EMISORAS,DIVERSOS,,Anual Individual,Anual,Soles,M todo Directo,200160,156794,43366,414639,12898,-988,-30514,-31502,3D01ST,3D0206,False,PRELIMINAR
CF0001,20377892918,TOTAL SERVICIOS FINANCIEROS EMPRESA DE CREDITOS,2008,EMPRESAS EMISORAS,FINANCIERAS,,Anual Individual,Anual,Soles,M todo Indirecto,58399,47119,11280,23616,559,-154,,,3F0501,,False,INCOMPLETO
CD0008,20138069347,TRANSACCIONES ESPECIALES S.A. (RET),2008,EMPRESAS EMISORAS,DIVERSOS,,Anual Individual,Anual,Soles,M todo Indirecto,42519,130,42389,0,933,2867,0,2867,3D01ST,3D0206,False,PRELIMINAR
CD0009,20468451451,TRANSACCIONES FINANCIERAS S.A.,2008,EMPRESAS EMISORAS,DIVERSOS,,Anual Individual,Anual,Soles,M todo Indirecto,26625,39,26586,1402,-3011,-1208,0,-1208,3D01ST,3D0206,True,PRELIMINAR
CI0009,20499432021,TRANSPORTADORA DE GAS DEL PERU S.A.,2008,EMPRESAS EMISORAS,SERVICIOS PUBLICOS,,Anual Individual,Anual,D lares,M todo Directo,1135905,892263,243642,195466,15643,110657,-122243,-11586,3D01ST,3D0206,False,PRELIMINAR
B30121,20100137390,UNACEM CORP SOCIEDAD ANONIMA ABIERTA - UNACEM CORP S.A.A.,2008,EMPRESAS EMISORAS,DIVERSOS,,Anual Individual,Anual,Soles,M todo Directo,1773160,758436,1014724,969731,187933,186942,-10424,176518,3D01ST,3D0206,True,PRELIMINAR
B30021,20100113610,UNION DE CERVECERIAS PERUANAS BACKUS Y JOHNSTON S.A.A.,2008,EMPRESAS EMISORAS,INDUSTRIALES,,Anual Individual,Anual,Soles,M todo Directo,2969961,1001143,1968818,2359909,404878,684203,-401331,282872,3D01ST,3D0206,False,PRELIMINAR
OE0032,20138149022,UNIVERSIDAD DE SAN MARTIN DE PORRES,2008,EMPRESAS EMISORAS,DIVERSOS,,Anual Individual,Anual,Soles,M todo Indirecto,506044,114043,392001,311300,37747,70686,-63550,7136,3D01ST,3D0206,False,PRELIMINAR
CM0001,20383045267,VOLCAN COMPAÑIA MINERA S.A.A.,2008,EMPRESAS EMISORAS,MINERAS,,Anual Individual,Anual,D lares,M todo Directo,1446713,557606,889107,469815,176557,168310,-80455,87855,3D01ST,3D0206,False,PRELIMINAR
000981,20100193117,YARA PERU S.R.L.,2008,EMPRESAS EMISORAS,INDUSTRIALES,,Anual Individual,Anual,Soles,M todo Indirecto,291761,206728,85033,555447,30444,-18207,-7317,-25524,3D01ST,3D0206,False,PRELIMINAR
023490,20312372895,YURA S.A.,2008,EMPRESAS EMISORAS,INDUSTRIALES,,Anual Individual,Anual,Soles,M todo Directo,781491,293722,487769,448399,136660,146295,-129049,17246,3D01ST,3D0206,False,PRELIMINAR
B30150,20100022142,ABB S.A.,2009,EMPRESAS EMISORAS,INDUSTRIALES,,Anual Individual,Anual,Soles,M todo Directo,128932,69125,59807,245539,11206,17821,-6122,11699,3D01ST,3D0206,False,PRELIMINAR
020045,20260172035,ACTIVO INMOBILIARIO PERUANO S.A.A. (ANTES FALABELLA PERU S.A.A.),2009,EMPRESAS EMISORAS,DIVERSOS,,Anual Individual,Anual,Soles,M todo Directo,1347664,4465,1343199,0,210817,67504,0,67504,3D01ST,3D0206,False,PRELIMINAR
B80018,20100047307,ADMINISTRADORA DEL COMERCIO S.A. EN LIQUIDACION,2009,EMPRESAS EMISORAS,DIVERSOS,,Anual Individual,Anual,Soles,M todo Directo,65399,45127,20272,11240,-5586,1355,-109,1246,3D01ST,3D0206,True,PRELIMINAR
023106,20332600592,AENZA S.A.A.,2009,EMPRESAS EMISORAS,DIVERSOS,,Anual Individual,Anual,Soles,M todo Directo,794872,129478,665394,33458,134399,59608,-1457,58151,3D01ST,3D0206,False,PRELIMINAR
AFP005,20143980821,AFP HORIZONTE S.A.,2009,EMPRESAS EMISORAS,A.F.P.,,Anual Individual,Anual,Soles,M todo Directo,242698,59639,183059,194305,84113,42207,-1578,40629,3D01ST,3D0206,False,PRELIMINAR
AFP002,20157036794,AFP INTEGRA,2009,EMPRESAS EMISORAS,A.F.P.,,Anual Individual,Anual,Soles,M todo Directo,414382,53185,361197,229838,135683,140880,-1844,139036,3D01ST,3D0206,False,PRELIMINAR
B11073,20164042686,AGRICOLA CAYALTI SOCIEDAD ANONIMA ABIERTA,2009,EMPRESAS EMISORAS,AGRICOLAS,,Anual Individual,Anual,Soles,M todo Directo,44540,0,44540,23079,-23772,0,0,0,3D01ST,3D0206,True,PRELIMINAR
B11067,20135948641,AGRO INDUSTRIAL PARAMONGA S.A.,2009,EMPRESAS EMISORAS,AGRICOLAS,,Anual Individual,Anual,Soles,M todo Directo,526104,225692,300412,187104,36680,52073,-33456,18617,3D01ST,3D0206,True,PRELIMINAR
B08363,20132377783,AGROINDUSTRIAL LAREDO S.A.A.,2009,EMPRESAS EMISORAS,AGRICOLAS,,Anual Individual,Anual,Soles,M todo Directo,461298,153363,307935,184411,29443,57315,-18562,38753,3D01ST,3D0206,True,PRELIMINAR
OE4115,20104420282,AGROINDUSTRIAS AIB S.A.,2009,EMPRESAS EMISORAS,INDUSTRIALES,,Anual Individual,Anual,Soles,M todo Directo,144201,48697,95504,98091,8602,23220,-857,22363,3D01ST,3D0206,True,PRELIMINAR
B11068,20116225779,AGROINDUSTRIAS SAN JACINTO S.A.A.,2009,EMPRESAS EMISORAS,AGRICOLAS,,Anual Individual,Anual,Soles,M todo Directo,361807,198782,163025,79162,-25109,-6792,-1380,-8172,3D01ST,3D0206,False,PRELIMINAR
OE3203,20517476405,ALFIN BANCO S.A.,2009,EMPRESAS EMISORAS,BANCOS,,Anual Individual,Anual,Soles,M todo Indirecto,307830,266405,41425,154810,1948,68605,,,3F0501,,False,INCOMPLETO
B30006,20100055237,ALICORP S.A.A.,2009,EMPRESAS EMISORAS,INDUSTRIALES,,Anual Individual,Anual,Soles,M todo Directo,2519498,1044502,1474996,3033743,222760,378591,10976,,3D01ST,3D0206,True,REVISAR_CAPEX_POSITIVO
OE4262,20118475284,AMERAL S.A. (ANTES AMERAL S.A.A.),2009,EMPRESAS EMISORAS,INDUSTRIALES,,Anual Individual,Anual,Soles,M todo Directo,75502,14135,61367,52844,467,6584,-7317,-733,3D01ST,3D0206,False,PRELIMINAR
B60053,20265391886,AMERIKA FINANCIERA S.A. EN LIQUIDACION,2009,EMPRESAS EMISORAS,FINANCIERAS,,Anual Individual,Anual,Soles,M todo Indirecto,469811,388604,81207,50966,4145,17721,,,3F0501,,False,INCOMPLETO
CI0006,20338054115,AUSTRAL GROUP S.A.A.,2009,EMPRESAS EMISORAS,INDUSTRIALES,,Anual Individual,Anual,Soles,M todo Directo,1152486,545261,607225,659031,76561,129058,-16221,112837,3D01ST,3D0206,True,PRELIMINAR
B80004,20100130204,BANCO BBVA PERU,2009,EMPRESAS EMISORAS,BANCOS,,Anual Individual,Anual,Soles,M todo Indirecto,30047143,27159467,2887676,2761024,927511,1384255,,,3F0501,,True,INCOMPLETO
CF0004,20509507199,BANCO DE COMERCIO,2009,EMPRESAS EMISORAS,BANCOS,,Anual Individual,Anual,Soles,M todo Indirecto,1191444,1078874,112570,150005,14659,18315,,,3F0501,,True,INCOMPLETO
B80005,20100047218,BANCO DE CREDITO DEL PERU,2009,EMPRESAS EMISORAS,BANCOS,,Anual Individual,Anual,Soles,M todo Indirecto,51956926,47127650,4829276,3922043,924501,1004918,,,3F0501,,True,INCOMPLETO
B80144,20330401991,BANCO FALABELLA PERU S.A.,2009,EMPRESAS EMISORAS,BANCOS,,Anual Individual,Anual,Soles,M todo Indirecto,1248766,936529,312237,483458,82548,214694,,,3F0501,,False,INCOMPLETO
OE2271,20513074370,BANCO GNB PERU S.A.,2009,EMPRESAS EMISORAS,BANCOS,,Anual Individual,Anual,Soles,M todo Indirecto,2109520,1943097,166423,149045,-43132,-26925,,,3F0501,,False,INCOMPLETO
B80123,20101036813,BANCO INTERAMERICANO DE FINANZAS,2009,EMPRESAS EMISORAS,BANCOS,,Anual Individual,Anual,Soles,M todo Indirecto,4107356,3824843,282513,297574,50474,107001,,,3F0501,,False,INCOMPLETO
B80020,20100053455,BANCO INTERNACIONAL DEL PERU S.A.A. - INTERBANK,2009,EMPRESAS EMISORAS,BANCOS,,Anual Individual,Anual,Soles,M todo Indirecto,16173057,14751447,1421610,1818550,429366,712278,,,3F0501,,False,INCOMPLETO
B80009,20100105862,BANCO PICHINCHA,2009,EMPRESAS EMISORAS,BANCOS,,Anual Individual,Anual,Soles,M todo Indirecto,2818273,2499994,318279,342591,17734,28972,,,3F0501,,True,INCOMPLETO
B80141,20259702411,BANCO RIPLEY PERU S.A.,2009,EMPRESAS EMISORAS,BANCOS,,Anual Individual,Anual,Soles,M todo Indirecto,920269,725315,194954,355606,49468,190737,,,3F0501,,True,INCOMPLETO
OE3056,20516711559,BANCO SANTANDER PERU S.A.,2009,EMPRESAS EMISORAS,BANCOS,,Anual Individual,Anual,Soles,M todo Indirecto,1059948,982835,77113,55046,-1759,-33487,,,3F0501,,False,INCOMPLETO
B30079,20100096341,BAYER S.A.,2009,EMPRESAS EMISORAS,DIVERSOS,,Anual Individual,Anual,Soles,M todo Directo,202976,57363,145613,315539,27266,28240,-1649,26591,3D01ST,3D0206,False,PRELIMINAR
B30031,20100124492,BRITISH AMERICAN TOBACCO DEL PERU HOLDINGS S.A.,2009,EMPRESAS EMISORAS,INDUSTRIALES,,Anual Individual,Anual,Soles,M todo Directo,90634,31297,59337,258457,46049,47572,-13661,33911,3D01ST,3D0206,False,PRELIMINAR
J00124,20100209641,CAJA MUNICIPAL DE AHORRO Y CREDITO DE AREQUIPA S.A.,2009,EMPRESAS EMISORAS,FINANCIERAS,,Anual Individual,Anual,Soles,M todo Indirecto,1412138,1192143,219995,299944,50155,73698,,,3F0501,,True,INCOMPLETO
B11082,20131867744,CARTAVIO SOCIEDAD ANONIMA ABIERTA,2009,EMPRESAS EMISORAS,AGRICOLAS,,Anual Individual,Anual,Soles,M todo Directo,590813,222618,368195,274792,56858,48302,-15729,32573,3D01ST,3D0206,False,PRELIMINAR
B08361,20131823020,CASA GRANDE SOCIEDAD ANONIMA ABIERTA,2009,EMPRESAS EMISORAS,AGRICOLAS,,Anual Individual,Anual,Soles,M todo Directo,1339717,568122,771595,348122,98528,90470,-53795,36675,3D01ST,3D0206,True,PRELIMINAR
B20001,20100163048,CASTROVIRREYNA COMPAÑIA MINERA S.A. EN LIQUIDACION,2009,EMPRESAS EMISORAS,MINERAS,,Anual Individual,Anual,Soles,M todo Directo,78970,49029,29941,62088,841,10819,-7969,2850,3D01ST,3D0206,False,PRELIMINAR
OE0524,20129497077,CEMENTO ANDINO S.A.,2009,EMPRESAS EMISORAS,INDUSTRIALES,,Anual Individual,Anual,Soles,M todo Directo,688359,181279,507080,378783,72373,107898,-11072,96826,3D01ST,3D0206,False,PRELIMINAR
CD0005,20419387658,CEMENTOS PACASMAYO S.A.A.,2009,EMPRESAS EMISORAS,INDUSTRIALES,,Anual Individual,Anual,Soles,M todo Directo,1048169,416104,632065,550849,122948,146849,-28992,117857,3D01ST,3D0206,True,PRELIMINAR
OE4206,20517905454,CENCOSUD PERU S.A.,2009,EMPRESAS EMISORAS,DIVERSOS,,Anual Individual,Anual,Soles,M todo Directo,1997643,351484,1646159,81925,166538,-17538,-386,-17924,3D01ST,3D0206,False,PRELIMINAR
019094,20129854953,CENTRAL AZUCARERA CHUCARAPI-PAMPA BLANCA S.A.,2009,EMPRESAS EMISORAS,AGRICOLAS,,Anual Individual,Anual,Soles,M todo Directo,68836,30473,38363,5176,-2117,765,0,765,3D01ST,3D0206,False,PRELIMINAR
020899,20294751565,CENTROS COMERCIALES DEL PERU S.A.,2009,EMPRESAS EMISORAS,DIVERSOS,,Anual Individual,Anual,Soles,M todo Directo,17950,29109,-11159,108988,11897,9504,-1301,8203,3D01ST,3D0206,False,PRELIMINAR
B30023,20128915711,CERVECERIA SAN JUAN S.A.,2009,EMPRESAS EMISORAS,INDUSTRIALES,,Anual Individual,Anual,Soles,M todo Directo,209214,66770,142444,282661,32553,86138,-25865,60273,3D01ST,3D0206,False,PRELIMINAR
CS0007,20109068498,CESCE PERU S.A. COMPAÑIA DE SEGUROS,2009,EMPRESAS EMISORAS,SEGUROS,,Anual Individual,Anual,Soles,M todo Indirecto,41955,10524,31431,29859,10476,7614,-219,7395,3E0301,3E0405,False,PRELIMINAR
CD0001,20390863871,CFI HOLDINGS S.A.,2009,EMPRESAS EMISORAS,DIVERSOS,,Anual Individual,Anual,Soles,M todo Directo,129637,894,128743,216,16821,931,-49,882,3D01ST,3D0206,True,PRELIMINAR
CS0003,20390625007,CHUBB PERU S.A. COMPAÑIA DE SEGUROS Y REASEGUROS,2009,EMPRESAS EMISORAS,SEGUROS,,Anual Individual,Anual,Soles,M todo Indirecto,76003,29312,46691,60483,6978,1415,-27547,-26132,3E0301,3E0405,True,PRELIMINAR
CI0007,20385353406,CIA.INDUSTRIAL NUEVO MUNDO S.A.,2009,EMPRESAS EMISORAS,INDUSTRIALES DEL TRABAJO,,Anual Individual,Anual,Soles,M todo Directo,153273,80017,73256,127935,-2513,16068,-1997,14071,3D01ST,3D0206,False,PRELIMINAR
CB0002,20100116635,CITIBANK DEL PERU S.A.,2009,EMPRESAS EMISORAS,BANCOS,,Anual Individual,Anual,Soles,M todo Indirecto,3819467,3151167,668300,413228,43290,97652,,,3F0501,,True,INCOMPLETO
B20003,20100079501,COMPAÑIA DE MINAS BUENAVENTURA S.A.A.,2009,EMPRESAS EMISORAS,MINERAS,,Anual Individual,Anual,D lares,M todo Directo,2481437,417182,2064255,598961,593561,425696,-44859,380837,3D01ST,3D0206,True,PRELIMINAR
B30098,20100012856,COMPAÑIA GOODYEAR DEL PERU S.A.,2009,EMPRESAS EMISORAS,INDUSTRIALES,,Anual Individual,Anual,Soles,M todo Directo,312603,72656,239947,349113,41782,79324,-3757,75567,3D01ST,3D0206,False,PRELIMINAR
B20041,20137025354,COMPAÑIA MINERA PODEROSA S.A.A.,2009,EMPRESAS EMISORAS,MINERAS,,Anual Individual,Anual,Soles,M todo Directo,339119,137485,201634,319313,61611,117006,-24530,92476,3D01ST,3D0206,False,PRELIMINAR
B20012,20100163552,COMPAÑIA MINERA RAURA S.A.,2009,EMPRESAS EMISORAS,MINERAS,,Anual Individual,Anual,Soles,M todo Indirecto,166222,52329,113893,169321,19727,37667,-5879,31788,3D01ST,3D0206,False,PRELIMINAR
B20013,20100177421,COMPAÑIA MINERA SAN IGNACIO DE MOROCOCHA S.A.A.,2009,EMPRESAS EMISORAS,MINERAS,,Anual Individual,Anual,Soles,M todo Directo,224999,104008,120991,77778,-38431,7899,-3057,4842,3D01ST,3D0206,True,PRELIMINAR
B20016,20100120314,COMPAÑIA MINERA SANTA LUISA S.A.,2009,EMPRESAS EMISORAS,MINERAS,,Anual Individual,Anual,Soles,M todo Directo,270075,76865,193210,200308,8310,66858,-8987,57871,3D01ST,3D0206,False,PRELIMINAR
CI0005,20100562848,COMPAÑIA UNIVERSAL TEXTIL S.A. EN LIQUIDACION,2009,EMPRESAS EMISORAS,INDUSTRIALES,,Anual Individual,Anual,Soles,M todo Directo,170667,50683,119984,62880,-1212,17561,-270,17291,3D01ST,3D0206,False,PRELIMINAR
OE3212,20509093521,CONCESIONARIA TRASVASE OLMOS S.A.,2009,EMPRESAS EMISORAS,DIVERSOS,,Anual Individual,Anual,Soles,M todo Indirecto,492117,433993,58124,0,8347,4130,-7,4123,3D01ST,3D0206,True,PRELIMINAR
CD0020,20141189850,CONECTA RETAIL S.A.,2009,EMPRESAS EMISORAS,DIVERSOS,,Anual Individual,Anual,Soles,M todo Indirecto,99090,65215,33875,263487,11415,18193,-3638,14555,3D01ST,3D0206,False,PRELIMINAR
OE3734,20491854481,CONSERVERA DE LAS AMERICAS S.A.,2009,EMPRESAS EMISORAS,INDUSTRIALES,,Anual Individual,Anual,Soles,M todo Directo,97280,55077,42203,33918,5450,90,0,90,3D01ST,3D0206,True,PRELIMINAR
CD0012,20465261634,CONSORCIO AGUA AZUL S.A.,2009,EMPRESAS EMISORAS,SERVICIOS PUBLICOS,,Anual Individual,Anual,Soles,M todo Directo,154576,60939,93637,37631,13116,16008,-453,15555,3D01ST,3D0206,True,PRELIMINAR
OE3557,20518410858,CONSORCIO CEMENTERO DEL SUR S.A.,2009,EMPRESAS EMISORAS,DIVERSOS,,Anual Individual,Anual,Soles,M todo Directo,455599,197659,257940,0,-11025,-165,0,-165,3D01ST,3D0206,False,PRELIMINAR
000683,20100195080,CONSORCIO INDUSTRIAL DE AREQUIPA SA,2009,EMPRESAS EMISORAS,INDUSTRIALES,,Anual Individual,Anual,Soles,M todo Directo,38707,7269,31438,45486,4281,7860,-392,7468,3D01ST,3D0206,False,PRELIMINAR
CD0013,20383316473,CONSORCIO TRANSMANTARO S.A.,2009,EMPRESAS EMISORAS,SERVICIOS PUBLICOS,,Anual Individual,Anual,D lares,M todo Directo,205721,137881,67840,30480,12246,18310,-3,18307,3D01ST,3D0206,True,PRELIMINAR
B30144,20100019940,CONSTRUCCIONES ELECTROMECANICAS DELCROSA S.A.,2009,EMPRESAS EMISORAS,INDUSTRIALES,,Anual Individual,Anual,Soles,M todo Directo,72935,51817,21118,55977,1828,290,-3779,-3489,3D01ST,3D0206,False,PRELIMINAR
CI0003,20370146994,CORPORACION ACEROS AREQUIPA S.A.,2009,EMPRESAS EMISORAS,INDUSTRIALES,,Anual Individual,Anual,Soles,M todo Directo,1818184,1023247,794937,1659635,-35587,487885,-56871,431014,3D01ST,3D0206,False,PRELIMINAR
019886,20161636780,CORPORACION CERAMICA S.A.,2009,EMPRESAS EMISORAS,INDUSTRIALES,,Anual Individual,Anual,Soles,M todo Directo,143768,60301,83467,113727,183,2948,-2161,787,3D01ST,3D0206,False,PRELIMINAR
B30207,20100228352,CORPORACION CERVESUR S.A.A.,2009,EMPRESAS EMISORAS,DIVERSOS,,Anual Individual,Anual,Soles,M todo Directo,477427,12853,464574,21013,9184,15074,-723,14351,3D01ST,3D0206,True,PRELIMINAR
OE3221,20193022023,CORPORACION DEL MAR S.A.,2009,EMPRESAS EMISORAS,INDUSTRIALES,,Anual Individual,Anual,Soles,M todo Directo,18449,9529,8920,12679,6635,7602,-2228,5374,3D01ST,3D0206,False,PRELIMINAR
CF0002,20100116392,CORPORACION FINANCIERA DE DESARROLLO S.A. - COFIDE,2009,EMPRESAS EMISORAS,FINANCIERAS,,Anual Individual,Anual,Soles,M todo Indirecto,4851280,3017066,1834214,248650,53633,59425,,,3F0501,,False,INCOMPLETO
OE1566,20501663256,CORPORACION FUNERARIA S.A.,2009,EMPRESAS EMISORAS,DIVERSOS,,Anual Individual,Anual,Soles,M todo Directo,12850,427,12423,16377,-646,-2170,-1029,-3199,3D01ST,3D0206,False,PRELIMINAR
CI0010,20255322363,CORPORACION MISKI S.A.,2009,EMPRESAS EMISORAS,INDUSTRIALES,,Anual Individual,Anual,D lares,M todo Directo,12088,6698,5390,12069,-1906,434,-328,106,3D01ST,3D0206,True,PRELIMINAR
B30060,20133530003,CREDITEX S.A.A.,2009,EMPRESAS EMISORAS,INDUSTRIALES,,Anual Individual,Anual,Soles,M todo Directo,335400,73880,261520,212206,19565,44514,-14253,30261,3D01ST,3D0206,True,PRELIMINAR
OE3694,20517406610,DEUTSCHE BANK (PERU) S.A. EN LIQUIDACION,2009,EMPRESAS EMISORAS,BANCOS,,Anual Individual,Anual,Soles,M todo Indirecto,882911,760654,122257,44909,15821,25502,,,3F0501,,False,INCOMPLETO
OE2258,20509845167,DIVISO GRUPO FINANCIERO S.A.,2009,EMPRESAS EMISORAS,DIVERSOS,,Anual Individual,Anual,Soles,M todo Directo,92876,10774,82102,31829,23021,12317,0,12317,3D01ST,3D0206,False,PRELIMINAR
OE3108,20375312868,EDYFICAR PERU S.A.,2009,EMPRESAS EMISORAS,DIVERSOS,,Anual Individual,Anual,Soles,M todo Directo,800374,682664,117710,219361,23576,56799,,,3F0501,,True,INCOMPLETO
B80104,20100035392,EL PACIFICO PERUANO-SUIZA CIA DE SEGUROS Y REASEGUROS,2009,EMPRESAS EMISORAS,SEGUROS,,Anual Individual,Anual,Soles,M todo Indirecto,1319667,758439,561228,925059,109482,4699,-9899,-5200,3E0301,3E0405,False,PRELIMINAR
B40013,20106156400,ELECTRO DUNAS S.A.A.,2009,EMPRESAS EMISORAS,SERVICIOS PUBLICOS,,Anual Individual,Anual,Soles,M todo Directo,355853,117465,238388,171589,18865,35318,-43818,-8500,3D01ST,3D0206,True,PRELIMINAR
B40005,20116544289,ELECTRO SUR ESTE S.A.A.,2009,EMPRESAS EMISORAS,SERVICIOS PUBLICOS,,Anual Individual,Anual,Soles,M todo Directo,537123,64230,472893,167096,11821,33977,-21872,12105,3D01ST,3D0206,False,PRELIMINAR
B11072,20131835621,EMPRESA AGRARIA CHIQUITOY S.A.,2009,EMPRESAS EMISORAS,AGRICOLAS,,Anual Individual,Anual,Soles,M todo Directo,103933,81859,22074,25035,8272,6928,-765,6163,3D01ST,3D0206,False,PRELIMINAR
B11079,20132369331,EMPRESA AGRICOLA BARRAZA S.A.,2009,EMPRESAS EMISORAS,AGRICOLAS,,Anual Individual,Anual,Soles,M todo Directo,1222,75,1147,2540,1066,-1725,-326,-2051,3D01ST,3D0206,False,PRELIMINAR
B11074,20103272964,EMPRESA AGRICOLA SAN JUAN S.A.,2009,EMPRESAS EMISORAS,AGRICOLAS,,Anual Individual,Anual,Soles,M todo Directo,106824,36923,69901,41810,4154,13138,-1038,12100,3D01ST,3D0206,True,PRELIMINAR
B08358,20133419749,EMPRESA AGRICOLA SINTUCO S.A.,2009,EMPRESAS EMISORAS,AGRICOLAS,,Anual Individual,Anual,Soles,M todo Directo,48800,9433,39367,9727,359,147,-177,-30,3D01ST,3D0206,False,PRELIMINAR
B08360,20163898200,EMPRESA AGROINDUSTRIAL POMALCA S.A.A.,2009,EMPRESAS EMISORAS,AGRICOLAS,,Anual Individual,Anual,Soles,M todo Directo,836769,514041,322728,106955,-13422,11004,-288,10716,3D01ST,3D0206,False,PRELIMINAR
B11078,20136009614,EMPRESA AGROINDUSTRIAL TUMAN S.A.A.,2009,EMPRESAS EMISORAS,AGRICOLAS,,Anual Individual,Anual,Soles,M todo Directo,689081,441536,247545,113018,-24106,-3377,0,-3377,3D01ST,3D0206,False,PRELIMINAR
017070,20141723601,EMPRESA AZUCARERA EL INGENIO S.A.,2009,EMPRESAS EMISORAS,AGRICOLAS,,Anual Individual,Anual,Soles,M todo Directo,45241,5023,40218,7657,1361,293,-35,258,3D01ST,3D0206,False,PRELIMINAR
SP0009,20262221335,EMPRESA DE GENERACION ELECTRICA SAN GABAN S.A.,2009,EMPRESAS EMISORAS,SERVICIOS PUBLICOS,,Anual Individual,Anual,Soles,M todo Indirecto,535154,187871,347283,105359,31103,48047,-571,47476,3D01ST,3D0206,False,PRELIMINAR
B30241,20143229816,EMPRESA EDITORA EL COMERCIO S.A.,2009,EMPRESAS EMISORAS,INDUSTRIALES,,Anual Individual,Anual,Soles,M todo Directo,535694,297999,237695,550476,87054,155701,-5722,149979,3D01ST,3D0206,False,PRELIMINAR
CD0022,20100027705,EMPRESA ELECTRICIDAD DEL PERU - ELECTROPERU S.A.,2009,EMPRESAS EMISORAS,SERVICIOS PUBLICOS,,Anual Individual,Anual,Soles,M todo Directo,3394139,1167404,2226735,1210340,269224,389215,-7726,381489,3D01ST,3D0206,False,PRELIMINAR
SP0006,20405479592,EMPRESA REGIONAL DE SERVICIO PUBLICO DE ELECTRICIDAD DE PUNO S.A.A. - ELECTROPUNO,2009,EMPRESAS EMISORAS,SERVICIOS PUBLICOS,,Anual Individual,Anual,Soles,M todo Directo,287675,47561,240114,80530,5535,17873,-9886,7987,3D01ST,3D0206,False,PRELIMINAR
B40002,20132023540,EMPRESA REGIONAL DE SERVICIO PUBLICO DE ELECTRICIDAD ELECTRONORTE MEDIO S.A. - HIDRANDINA,2009,EMPRESAS EMISORAS,SERVICIOS PUBLICOS,,Anual Individual,Anual,Soles,M todo Directo,1110890,248615,862275,403768,40497,76837,-93058,-16221,3D01ST,3D0206,False,PRELIMINAR
CM0003,20402885549,EMPRESA SIDERURGICA DEL PERU S.A.A. - SIDERPERU,2009,EMPRESAS EMISORAS,INDUSTRIALES,,Anual Individual,Anual,Soles,M todo Directo,1474815,548407,926408,1157486,-109057,548824,-90084,458740,3D01ST,3D0206,False,PRELIMINAR
003058,20270508163,ENEL GENERACION PIURA S.A.,2009,EMPRESAS EMISORAS,SERVICIOS PUBLICOS,,Anual Individual,Anual,Soles,M todo Directo,230150,107600,122550,241317,34015,28493,-8893,19600,3D01ST,3D0206,False,PRELIMINAR
002829,20333363900,ENGIE ENERGIA PERU S.A.A.,2009,EMPRESAS EMISORAS,SERVICIOS PUBLICOS,,Anual Individual,Anual,D lares,M todo Directo,592165,377853,214312,372257,65622,84600,-37217,47383,3D01ST,3D0206,True,PRELIMINAR
B30094,20100094135,EXSA S.A.,2009,EMPRESAS EMISORAS,INDUSTRIALES,,Anual Individual,Anual,Soles,M todo Directo,219595,94671,124924,250671,1959,69415,-10208,59207,3D01ST,3D0206,False,PRELIMINAR
B30042,20100020956,FABRICA DE HILADOS Y TEJIDOS SAN MIGUEL S.A. - EN LIQUIDACION,2009,EMPRESAS EMISORAS,INDUSTRIALES,,Anual Individual,Anual,Soles,M todo Directo,1257,9,1248,0,39,0,0,0,3D01ST,3D0206,False,PRELIMINAR
B30211,20100165687,FABRICA NACIONAL DE ACUMULADORES ETNA S.A.,2009,EMPRESAS EMISORAS,INDUSTRIALES,,Anual Individual,Anual,Soles,M todo Directo,89127,21066,68061,88408,17040,17355,-2784,14571,3D01ST,3D0206,False,PRELIMINAR
B30122,20100051240,FABRICA PERUANA ETERNIT S.A.,2009,EMPRESAS EMISORAS,INDUSTRIALES,,Anual Individual,Anual,Soles,M todo Directo,107149,63659,43490,122793,14946,19900,-4682,15218,3D01ST,3D0206,True,PRELIMINAR
OE3185,20262996329,FARMINDUSTRIA S.A.,2009,EMPRESAS EMISORAS,INDUSTRIALES,,Anual Individual,Anual,Soles,M todo Directo,176915,67210,109705,222454,35303,21545,-4231,17314,3D01ST,3D0206,False,PRELIMINAR
B60001,20100027292,FERREYCORP S.A.A.,2009,EMPRESAS EMISORAS,DIVERSOS,,Anual Individual,Anual,Soles,M todo Directo,1529880,896180,633700,1851527,100503,560350,-14471,545879,3D01ST,3D0206,True,PRELIMINAR
B30083,20100083010,FILAMENTOS INDUSTRIALES S.A.,2009,EMPRESAS EMISORAS,DIVERSOS,,Anual Individual,Anual,Soles,M todo Directo,62480,18068,44412,63198,6035,8802,-1084,7718,3D01ST,3D0206,False,PRELIMINAR
017892,20196629000,FIMA S A,2009,EMPRESAS EMISORAS,INDUSTRIALES,,Anual Individual,Anual,D lares,M todo Directo,26534,13338,13196,39127,2493,7413,-1515,5898,3D01ST,3D0206,False,PRELIMINAR
OE3205,20228319768,FINANCIERA CONFIANZA S.A.A.,2009,EMPRESAS EMISORAS,FINANCIERAS,,Anual Individual,Anual,Soles,M todo Indirecto,693746,595285,98461,126145,10074,130542,,,3F0501,,True,INCOMPLETO
OE4241,20521308321,FINANCIERA QAPAQ S.A.,2009,EMPRESAS EMISORAS,FINANCIERAS,,Anual Individual,Anual,Soles,M todo Indirecto,59095,350,58745,935,-3814,-6093,,,3F0501,,False,INCOMPLETO
B80145,20337996834,FINANCIERA TFC S.A. EN LIQUIDACION,2009,EMPRESAS EMISORAS,FINANCIERAS,,Anual Individual,Anual,Soles,M todo Indirecto,233686,204574,29112,70663,3692,20239,,,3F0501,,False,INCOMPLETO
OE4159,20523108574,FOSFATOS DEL PACIFICO S.A.,2009,EMPRESAS EMISORAS,MINERAS,,Anual Individual,Anual,Soles,M todo Directo,16178,3262,12916,0,-1235,-821,-379,-1200,3D01ST,3D0206,True,PRELIMINAR
001152,20100094054,FUTURA CONSORCIO INMOBILIARIO S.A.,2009,EMPRESAS EMISORAS,DIVERSOS,,Anual Individual,Anual,Soles,M todo Directo,494614,199643,294971,130696,13832,51394,-7975,43419,3D01ST,3D0206,False,PRELIMINAR
022984,20297652274,GENERANDES PERU S.A.,2009,EMPRESAS EMISORAS,SERVICIOS PUBLICOS,,Anual Individual,Anual,Soles,M todo Directo,1145950,175,1145775,0,104883,2091,0,2091,3D01ST,3D0206,False,PRELIMINAR
CM0008,20507828915,GOLD FIELDS LA CIMA S.A.,2009,EMPRESAS EMISORAS,MINERAS,,Anual Individual,Anual,Soles,M todo Indirecto,3035014,1391425,1643589,1031492,292595,513834,-261457,252377,3D01ST,3D0206,False,PRELIMINAR
B80049,20100116988,GR HOLDING S.A.,2009,EMPRESAS EMISORAS,DIVERSOS,,Anual Individual,Anual,Soles,M todo Directo,109377,7261,102116,500,17189,-3247,-5,-3252,3D01ST,3D0206,False,PRELIMINAR
BV0001,20100055661,GRUPO BVL S.A.A.,2009,EMPRESAS EMISORAS,DIVERSOS,,Anual Individual,Anual,Soles,M todo Directo,89261,4746,84515,43572,21448,15910,-227,15683,3D01ST,3D0206,False,PRELIMINAR
B30140,20100171814,HIDROSTAL S.A.,2009,EMPRESAS EMISORAS,INDUSTRIALES,,Anual Individual,Anual,Soles,M todo Directo,107962,43490,64472,107905,7147,9990,-5084,4906,3D01ST,3D0206,False,PRELIMINAR
OE3986,20518201426,HIPOTECARIA SURA EMPRESA ADMINISTRADORA HIPOTECARIA S.A. - EN LIQUIDACION,2009,EMPRESAS EMISORAS,DIVERSOS,,Anual Individual,Anual,Soles,M todo Indirecto,14784,5408,9376,332,-1692,2935,,,3F0501,,True,INCOMPLETO
006162,20100199743,INCA TOPS S.A.,2009,EMPRESAS EMISORAS,INDUSTRIALES,,Anual Individual,Anual,Soles,M todo Directo,99759,51732,48027,79999,6388,12587,-468,12119,3D01ST,3D0206,False,PRELIMINAR
B30236,20251293181,INDECO S.A.,2009,EMPRESAS EMISORAS,INDUSTRIALES,,Anual Individual,Anual,D lares,M todo Directo,106826,25530,81296,176846,17862,34511,-6840,27671,3D01ST,3D0206,False,PRELIMINAR
B30050,20102728743,INDUSTRIA TEXTIL PIURA S.A.,2009,EMPRESAS EMISORAS,INDUSTRIALES,,Anual Individual,Anual,Soles,M todo Directo,169038,87053,81985,77874,-3949,19931,-865,19066,3D01ST,3D0206,False,PRELIMINAR
B30107,20100004322,INDUSTRIAS DEL ENVASE S.A.,2009,EMPRESAS EMISORAS,INDUSTRIALES,,Anual Individual,Anual,Soles,M todo Directo,111491,20968,90523,112794,4428,20412,-1823,18589,3D01ST,3D0206,False,PRELIMINAR
B30152,20100003512,INDUSTRIAS ELECTRO QUIMICAS S.A. IEQSA,2009,EMPRESAS EMISORAS,INDUSTRIALES,,Anual Individual,Anual,Soles,M todo Directo,157394,56130,101264,215889,7905,18779,-1734,17045,3D01ST,3D0206,False,PRELIMINAR
OE4256,20522291201,INFINANCE XP S.A. (ANTES FINANCIERA OH! S.A.),2009,EMPRESAS EMISORAS,FINANCIERAS,,Anual Individual,Anual,Soles,M todo Indirecto,12601,258,12343,75,-229,-212,,,3F0501,,False,INCOMPLETO
B30127,20100049938,INMOBILIARIA KANPU S.A.,2009,EMPRESAS EMISORAS,DIVERSOS,,Anual Individual,Anual,Soles,M todo Directo,165683,85119,80564,184927,10497,24394,-8259,16135,3D01ST,3D0206,False,PRELIMINAR
CN0002,20499141051,INMOBILIARIA MILENIA S.A.,2009,EMPRESAS EMISORAS,DIVERSOS,,Anual Individual,Anual,Soles,M todo Directo,33450,4059,29391,8924,103,4764,0,4764,3D01ST,3D0206,False,PRELIMINAR
B30086,20100047722,INMOBILIARIA VENCEDOR S.A.,2009,EMPRESAS EMISORAS,INDUSTRIALES,,Anual Individual,Anual,Soles,M todo Directo,89771,40559,49212,111124,2336,14932,-1666,13266,3D01ST,3D0206,True,PRELIMINAR
OE1274,20423264617,INMUEBLES PANAMERICANA S.A.,2009,EMPRESAS EMISORAS,DIVERSOS,,Anual Individual,Anual,Soles,M todo Directo,192620,104288,88332,54317,18400,24253,-282,23971,3D01ST,3D0206,False,PRELIMINAR
OE4150,20492497721,INSUR S.A. COMPAÑIA DE SEGUROS,2009,EMPRESAS EMISORAS,SEGUROS,,Anual Individual,Anual,Soles,M todo Indirecto,7249,1257,5992,0,-960,-1188,-51,-1239,3E0301,3E0405,False,PRELIMINAR
B70009,20100017491,INTEGRATEL PERU S.A.A.,2009,EMPRESAS EMISORAS,SERVICIOS PUBLICOS,,Anual Individual,Anual,Soles,M todo Directo,8958121,5407475,3550646,3921752,811650,929845,0,929845,3D01ST,3D0206,False,PRELIMINAR
OE2305,0,INTERCORP FINANCIAL SERVICES INC.,2009,EMPRESAS EMISORAS,DIVERSOS,,Anual Individual,Anual,Soles,M todo Indirecto,1818775,10244,1808531,526992,505707,22356,,,3F0501,,False,INCOMPLETO
CD0010,0,INTERCORP PERU LTD.,2009,EMPRESAS EMISORAS,DIVERSOS,,Anual Individual,Anual,Soles,M todo Indirecto,2553514,532677,2020837,473322,448654,-36551,,,3F0501,,False,INCOMPLETO
CS0002,20382748566,INTERSEGURO COMPAÑIA DE SEGUROS S.A.,2009,EMPRESAS EMISORAS,SEGUROS,,Anual Individual,Anual,Soles,M todo Directo,1975847,1701586,274261,93521,76070,123513,394,,3E0301,3E0405,False,REVISAR_CAPEX_POSITIVO
TI0002,20417378911,INTRADEVCO INDUSTRIAL S.A.,2009,EMPRESAS EMISORAS,INDUSTRIALES,,Anual Individual,Anual,Soles,M todo Directo,295884,145496,150388,331869,22090,29535,-7649,21886,3D01ST,3D0206,False,PRELIMINAR
B80057,20101099149,INVERSIONES ASPI S.A.,2009,EMPRESAS EMISORAS,DIVERSOS,,Anual Individual,Anual,Soles,M todo Directo,448810,42787,406023,78585,69315,20137,0,20137,3D01ST,3D0206,True,PRELIMINAR
B80077,20101045995,INVERSIONES CENTENARIO S.A.A.,2009,EMPRESAS EMISORAS,DIVERSOS,,Anual Individual,Anual,Soles,M todo Directo,587584,282922,304662,150363,61195,45669,-21866,23803,3D01ST,3D0206,False,PRELIMINAR
B60004,20104347691,INVERSIONES EN TURISMO S.A. INVERTUR,2009,EMPRESAS EMISORAS,DIVERSOS,,Anual Individual,Anual,Soles,M todo Directo,35590,6434,29156,16004,1470,2238,-1269,969,3D01ST,3D0206,False,PRELIMINAR
003512,20334766714,INVERSIONES LA RIOJA S.A.,2009,EMPRESAS EMISORAS,DIVERSOS,,Anual Individual,Anual,Soles,M todo Directo,271352,81000,190352,71401,10968,21248,-17972,3276,3D01ST,3D0206,True,PRELIMINAR
B60005,20114803228,INVERSIONES NACIONALES DE TURISMO S.A. INTURSA,2009,EMPRESAS EMISORAS,DIVERSOS,,Anual Individual,Anual,Soles,M todo Directo,835555,366274,469281,45868,6708,18255,-342456,-324201,3D01ST,3D0206,True,PRELIMINAR
OE4189,20510992904,KALLPA GENERACION S.A.,2009,EMPRESAS EMISORAS,SERVICIOS PUBLICOS,,Anual Individual,Anual,D lares,M todo Directo,372141,240375,131766,109815,7689,9533,0,9533,3D01ST,3D0206,False,PRELIMINAR
A80069,20100210909,LA POSITIVA SEGUROS Y REASEGUROS S.A.,2009,EMPRESAS EMISORAS,SEGUROS,,Anual Individual,Anual,Soles,M todo Indirecto,436107,226276,209831,331652,25984,69721,-10585,59136,3E0301,3E0405,True,PRELIMINAR
OE2069,20454073143,LA POSITIVA VIDA SEGUROS Y REASEGUROS S.A.,2009,EMPRESAS EMISORAS,SEGUROS,,Anual Individual,Anual,Soles,M todo Directo,908673,780447,128226,127394,1027,139160,-1056,138104,3E0301,3E0405,True,PRELIMINAR
CI0011,20100095450,LAIVE S.A.,2009,EMPRESAS EMISORAS,INDUSTRIALES,,Anual Individual,Anual,Soles,M todo Directo,166893,79855,87038,286010,4680,18584,-1832,16752,3D01ST,3D0206,False,PRELIMINAR
B30230,20100190100,LAPICES Y CONEXOS S.A. LAYCONSA,2009,EMPRESAS EMISORAS,INDUSTRIALES,,Anual Individual,Anual,Soles,M todo Directo,61707,28736,32971,27990,734,6557,-2718,3839,3D01ST,3D0206,False,PRELIMINAR
B80031,20100093759,LATINA HOLDING S.A.,2009,EMPRESAS EMISORAS,DIVERSOS,,Anual Individual,Anual,Soles,M todo Directo,34470,4677,29793,0,-2655,-2422,0,-2422,3D01ST,3D0206,False,PRELIMINAR
006166,20100190797,LECHE GLORIA S.A.,2009,EMPRESAS EMISORAS,INDUSTRIALES,,Anual Individual,Anual,Soles,M todo Directo,1985552,814617,1170935,2006165,181631,248203,-57068,191135,3D01ST,3D0206,False,PRELIMINAR
B30099,20100182778,LIMA CAUCHO S.A. EN LIQUIDACION,2009,EMPRESAS EMISORAS,INDUSTRIALES,,Anual Individual,Anual,Soles,M todo Directo,207517,55609,151908,96050,9945,6973,-3803,3170,3D01ST,3D0206,True,PRELIMINAR
J00121,20100007348,LIMA GAS S.A.,2009,EMPRESAS EMISORAS,DIVERSOS,,Anual Individual,Anual,Soles,M todo Directo,74150,35258,38892,178898,10172,28990,-8888,20102,3D01ST,3D0206,False,PRELIMINAR
B70032,20301837896,LOS PORTALES S.A.,2009,EMPRESAS EMISORAS,DIVERSOS,,Anual Individual,Anual,Soles,M todo Directo,326669,231305,95364,75124,13736,-6089,-5332,-11421,3D01ST,3D0206,False,PRELIMINAR
B40008,20331898008,LUZ DEL SUR S.A.A.,2009,EMPRESAS EMISORAS,SERVICIOS PUBLICOS,,Anual Individual,Anual,Soles,M todo Directo,2276154,1214516,1061638,1639047,279942,355232,-137440,217792,3D01ST,3D0206,False,PRELIMINAR
B30134,20100074371,MANUFACTURA DE METALES Y ALUMINIO RECORD S.A. EN LIQUIDACION,2009,EMPRESAS EMISORAS,INDUSTRIALES,,Anual Individual,Anual,Soles,M todo Directo,57170,19029,38141,51411,583,7771,0,7771,3D01ST,3D0206,True,PRELIMINAR
CS0004,20418896915,MAPFRE PERU COMPAÑIA DE SEGUROS Y REASEGUROS,2009,EMPRESAS EMISORAS,SEGUROS,,Anual Individual,Anual,Soles,M todo Indirecto,509643,449300,60343,125852,10772,55088,-566,54522,3E0301,3E0405,False,PRELIMINAR
B80122,20202380621,MAPFRE PERU COMPAÑIA DE SEGUROS Y REASEGUROS (SOCIEDAD ABSORBIDA),2009,EMPRESAS EMISORAS,SEGUROS,,Anual Individual,Anual,Soles,M todo Indirecto,486827,374309,112518,382652,15029,69367,-10755,58612,3E0301,3E0405,True,PRELIMINAR
002684,20160286068,MAQUINARIAS S.A.,2009,EMPRESAS EMISORAS,DIVERSOS,,Anual Individual,Anual,Soles,M todo Directo,206551,105990,100561,490587,11253,38739,-2052,36687,3D01ST,3D0206,False,PRELIMINAR
B20030,20100037841,MARMOLES Y GRANITOS S.A.,2009,EMPRESAS EMISORAS,MINERAS,,Anual Individual,Anual,Soles,M todo Directo,15827,9820,6007,5483,96,-505,0,-505,3D01ST,3D0206,False,PRELIMINAR
CB0001,20382036655,MIBANCO BANCO DE LA MICROEMPRESA S.A.,2009,EMPRESAS EMISORAS,BANCOS,,Anual Individual,Anual,Soles,M todo Indirecto,3695505,3372999,322506,841783,97089,-346426,,,3F0501,,False,INCOMPLETO
TI0003,20100192650,MICHELL Y CIA. S.A.,2009,EMPRESAS EMISORAS,INDUSTRIALES,,Anual Individual,Anual,Soles,M todo Directo,183294,79357,103937,138693,5611,21847,-1626,20221,3D01ST,3D0206,False,PRELIMINAR
CM0002,20338426781,MINERA ANDINA DE EXPLORACIONES S.A.A.,2009,EMPRESAS EMISORAS,MINERAS,,Anual Individual,Anual,Soles,M todo Directo,3566,205,3361,2697,180,-161,-13,-174,3D01ST,3D0206,False,PRELIMINAR
002728,20209133394,MINERA BARRICK MISQUICHILCA SA,2009,EMPRESAS EMISORAS,MINERAS,,Anual Individual,Anual,D lares,M todo Indirecto,2793301,444100,2349201,1269925,625943,883708,-17257,866451,3D01ST,3D0206,False,PRELIMINAR
OE1804,20137291313,MINERA YANACOCHA S.R.L.,2009,EMPRESAS EMISORAS,MINERAS,,Anual Individual,Anual,D lares,M todo Directo,2456235,745184,1711051,2089119,712818,986491,-97775,888716,3D01ST,3D0206,False,PRELIMINAR
A20032,20100136741,MINSUR S.A.,2009,EMPRESAS EMISORAS,MINERAS,,Anual Individual,Anual,Soles,M todo Directo,4266058,265022,4001036,1424467,715114,571352,-41745,529607,3D01ST,3D0206,True,PRELIMINAR
BF0001,20375361991,MITSUI AUTO FINANCE PERU S.A.,2009,EMPRESAS EMISORAS,FINANCIERAS,,Anual Individual,Anual,Soles,M todo Indirecto,55159,39107,16052,7554,1221,3725,,,3F0501,,False,INCOMPLETO
TI0001,20417926632,MOTORES DIESEL ANDINOS S.A.,2009,EMPRESAS EMISORAS,INDUSTRIALES,,Anual Individual,Anual,Soles,M todo Directo,432436,351688,80748,194357,11849,56871,-6518,50353,3D01ST,3D0206,False,PRELIMINAR
B11076,20113704463,NEGOCIACION AGRICOLA VISTA ALEGRE S.A.,2009,EMPRESAS EMISORAS,AGRICOLAS,,Anual Individual,Anual,Soles,M todo Directo,2293,1424,869,0,350,-1799,0,-1799,3D01ST,3D0206,True,PRELIMINAR
B80136,20100007852,NEGOCIOS E INMUEBLES S.A.,2009,EMPRESAS EMISORAS,DIVERSOS,,Anual Individual,Anual,Soles,M todo Directo,204447,463,203984,2585,19801,219,0,219,3D01ST,3D0206,True,PRELIMINAR
CM0007,20100123500,NEXA RESOURCES ATACOCHA S.A.A.,2009,EMPRESAS EMISORAS,MINERAS,,Anual Individual,Anual,D lares,M todo Directo,332013,152265,179748,89986,-21264,12058,-9879,2179,3D01ST,3D0206,False,PRELIMINAR
B20010,20100110513,NEXA RESOURCES PERU S.A.A.,2009,EMPRESAS EMISORAS,MINERAS,,Anual Individual,Anual,D lares,M todo Directo,646578,216012,430566,260341,61200,73968,-21168,52800,3D01ST,3D0206,False,PRELIMINAR
023154,20338646802,ORAZUL ENERGY EGENOR SOCIEDAD EN COMANDITA POR ACCIONES,2009,EMPRESAS EMISORAS,SERVICIOS PUBLICOS,,Anual Individual,Anual,Soles,M todo Directo,1502602,822616,679986,348619,90202,162007,-24943,137064,3D01ST,3D0206,False,PRELIMINAR
B40009,20330791412,ORYGEN PERU S.A.A.,2009,EMPRESAS EMISORAS,SERVICIOS PUBLICOS,,Anual Individual,Anual,Soles,M todo Directo,4433129,2124718,2308411,1058737,233329,431446,-72482,358964,3D01ST,3D0206,True,PRELIMINAR
B60055,20332970411,PACIFICO COMPAÑIA DE SEGUROS Y REASEGUROS,2009,EMPRESAS EMISORAS,SEGUROS,,Anual Individual,Anual,Soles,M todo Indirecto,2427470,2086546,340924,388749,77235,123404,-8131,115273,3E0301,3E0405,False,PRELIMINAR
B50003,20118206208,PERU HOLDING DE TURISMO S.A.A.,2009,EMPRESAS EMISORAS,DIVERSOS,,Anual Individual,Anual,Soles,M todo Directo,201184,19091,182093,95,103,-414,0,-414,3D01ST,3D0206,False,PRELIMINAR
OE4139,20506342563,PERU LNG S.R.L.,2009,EMPRESAS EMISORAS,DIVERSOS,,Anual Individual,Anual,D lares,M todo Directo,3491462,3306214,185248,0,-45151,-16534,0,-16534,3D01ST,3D0206,False,PRELIMINAR
002927,20338352728,PERUANA DE ENERGIA S.A.A.,2009,EMPRESAS EMISORAS,SERVICIOS PUBLICOS,,Anual Individual,Anual,Soles,M todo Directo,45905,3969,41936,168,10733,1469,-13,1456,3D01ST,3D0206,False,PRELIMINAR
B20023,20100136237,PERUBAR S.A.,2009,EMPRESAS EMISORAS,MINERAS,,Anual Individual,Anual,D lares,M todo Directo,69827,16396,53431,8265,-3072,-411,-367,-778,3D01ST,3D0206,False,PRELIMINAR
J00171,20100128218,PETROLEOS DEL PERU - PETROPERU S.A.,2009,EMPRESAS EMISORAS,INDUSTRIALES,,Anual Individual,Anual,Soles,M todo Directo,3861247,2766570,1094677,7304303,267526,676314,-99821,576493,3D01ST,3D0206,False,PRELIMINAR
OE2008,20510889135,PLUSPETROL CAMISEA S.A.,2009,EMPRESAS EMISORAS,DIVERSOS,,Anual Individual,Anual,D lares,M todo Indirecto,483012,337254,145758,215689,71019,84902,-1,84901,3D01ST,3D0206,False,PRELIMINAR
B40010,20269985900,PLUZ ENERGIA PERU S.A.A.,2009,EMPRESAS EMISORAS,SERVICIOS PUBLICOS,,Anual Individual,Anual,Soles,M todo Directo,2451059,1595917,855142,1630665,172618,287904,-189256,98648,3D01ST,3D0206,False,PRELIMINAR
OE1928,20510398158,PRIMA AFP S.A.,2009,EMPRESAS EMISORAS,A.F.P.,,Anual Individual,Anual,Soles,M todo Directo,716657,233978,482679,240192,117928,128854,-2089,126765,3D01ST,3D0206,False,PRELIMINAR
AFP004,20142829551,PROFUTURO AFP,2009,EMPRESAS EMISORAS,A.F.P.,,Anual Individual,Anual,Soles,M todo Indirecto,167750,59535,108215,132818,39397,30454,-2341,28113,3D01ST,3D0206,False,PRELIMINAR
B70031,20269231743,PROMOTORA CLUB EMPRESARIAL S.A.,2009,EMPRESAS EMISORAS,DIVERSOS,,Anual Individual,Anual,Soles,M todo Directo,20068,53596,-33528,6932,-465,109,-28,81,3D01ST,3D0206,False,PRELIMINAR
OE3191,20517207331,PROTECTA S.A. COMPAÑIA DE SEGUROS Y REASEGUROS,2009,EMPRESAS EMISORAS,SEGUROS,,Anual Individual,Anual,Soles,M todo Indirecto,31890,16004,15886,26261,-2933,7736,-195,7541,3E0301,3E0405,True,PRELIMINAR
B20042,20330791501,QUIMPAC S.A.,2009,EMPRESAS EMISORAS,INDUSTRIALES,,Anual Individual,Anual,Soles,M todo Directo,821150,395089,426061,398415,37455,49209,-21547,27662,3D01ST,3D0206,False,PRELIMINAR
001672,20100039207,RANSA COMERCIAL S.A.C,2009,EMPRESAS EMISORAS,DIVERSOS,,Anual Individual,Anual,Soles,M todo Directo,931683,210518,721165,353036,67357,22631,-44257,-21626,3D01ST,3D0206,False,PRELIMINAR
J00123,20378890161,RASH PERU S.A.C.,2009,EMPRESAS EMISORAS,DIVERSOS,,Anual Individual,Anual,Soles,M todo Directo,39826,24820,15006,78288,4416,4938,-3495,1443,3D01ST,3D0206,False,PRELIMINAR
B30084,20100026997,RAYON INDUSTRIAL S.A. EN LIQUIDACION,2009,EMPRESAS EMISORAS,INDUSTRIALES,,Anual Individual,Anual,Soles,M todo Directo,1552,161,1391,0,-299,10,0,10,3D01ST,3D0206,False,PRELIMINAR
B30220,20100005566,REACTIVOS NACIONALES S.A. RENASA,2009,EMPRESAS EMISORAS,INDUSTRIALES,,Anual Individual,Anual,Soles,M todo Directo,55807,7819,47988,43436,9914,9082,-718,8364,3D01ST,3D0206,True,PRELIMINAR
B90002,20100298725,RED BICOLOR DE COMUNICACIONES S.A.A. - RBC TV S.A.A.,2009,EMPRESAS EMISORAS,DIVERSOS,,Anual Individual,Anual,Soles,M todo Directo,6489,1036,5453,4453,-180,219,-186,33,3D01ST,3D0206,False,PRELIMINAR
SP0008,20504645046,RED DE ENERGIA DEL PERU S.A.,2009,EMPRESAS EMISORAS,SERVICIOS PUBLICOS,,Anual Individual,Anual,D lares,M todo Directo,424058,240495,183563,87279,12988,43218,-1783,41435,3D01ST,3D0206,True,PRELIMINAR
OE3927,20505377142,RED VIAL 5 S.A.,2009,EMPRESAS EMISORAS,DIVERSOS,,Anual Individual,Anual,Soles,M todo Directo,183635,97852,85783,63539,12478,38497,-362,38135,3D01ST,3D0206,False,PRELIMINAR
002766,20259829594,REFINERIA LA PAMPILLA S.A.A.,2009,EMPRESAS EMISORAS,INDUSTRIALES,,Anual Individual,Anual,D lares,M todo Directo,822465,577184,245281,2537002,46292,44467,-366,44101,3D01ST,3D0206,False,PRELIMINAR
B80037,20100041953,RIMAC SEGUROS Y REASEGUROS,2009,EMPRESAS EMISORAS,SEGUROS,,Anual Individual,Anual,Soles,M todo Indirecto,3640628,2896074,744554,1598834,140178,401134,-4950,396184,3E0301,3E0405,True,PRELIMINAR
014313,20100128056,SAGA FALABELLA S.A.,2009,EMPRESAS EMISORAS,DIVERSOS,,Anual Individual,Anual,Soles,M todo Directo,802908,483270,319638,1623959,88629,149113,-12882,136231,3D01ST,3D0206,False,PRELIMINAR
000717,20100154308,SAN FERNANDO S.A.,2009,EMPRESAS EMISORAS,INDUSTRIALES,,Anual Individual,Anual,Soles,M todo Directo,663754,340701,323053,1319328,40234,160247,-10461,149786,3D01ST,3D0206,False,PRELIMINAR
B80134,20255993225,SANTANDER CONSUMER BANK S.A.,2009,EMPRESAS EMISORAS,BANCOS,,Anual Individual,Anual,Soles,M todo Indirecto,2018431,1755492,262939,571061,-6794,270921,,,3F0501,,False,INCOMPLETO
B80012,20100043140,SCOTIABANK PERU S.A.A.,2009,EMPRESAS EMISORAS,BANCOS,,Anual Individual,Anual,Soles,M todo Indirecto,22969395,20008823,2960572,1895002,637053,834997,,,3F0501,,True,INCOMPLETO
CS0005,20463627488,SEGUROS SURA,2009,EMPRESAS EMISORAS,SEGUROS,,Anual Individual,Anual,Soles,M todo Indirecto,2227389,1978316,249073,139797,32527,87946,-659,87287,3E0301,3E0405,False,PRELIMINAR
SP0012,20100152356,SERVICIO DE AGUA POTABLE Y ALCANTARILLADO - SEDAPAL,2009,EMPRESAS EMISORAS,SERVICIOS PUBLICOS,,Anual Individual,Anual,Soles,M todo Directo,6046666,2353960,3692706,1108674,224857,378127,-259080,119047,3D01ST,3D0206,False,PRELIMINAR
SP0002,20325493811,SHOUGANG GENERACION ELECTRICA S.A.A.,2009,EMPRESAS EMISORAS,SERVICIOS PUBLICOS,,Anual Individual,Anual,Soles,M todo Directo,103861,22879,80982,93555,8880,16856,-424,16432,3D01ST,3D0206,True,PRELIMINAR
CM0004,20100142989,SHOUGANG HIERRO PERU S.A.A.,2009,EMPRESAS EMISORAS,MINERAS,,Anual Individual,Anual,Soles,M todo Directo,1135989,800059,335930,901247,148509,51056,-171899,-120843,3D01ST,3D0206,False,PRELIMINAR
SP0010,20100188628,SOCIEDAD ELECTRICA DEL SUR OESTE S.A. - SEAL,2009,EMPRESAS EMISORAS,SERVICIOS PUBLICOS,,Anual Individual,Anual,Soles,M todo Directo,334593,84154,250439,233483,18543,39879,-22040,17839,3D01ST,3D0206,False,PRELIMINAR
B30143,20100113539,SOCIEDAD INDUSTRIAL DE ARTICULOS DE METAL S.A.C. - SIAM EN LIQUIDACION,2009,EMPRESAS EMISORAS,INDUSTRIALES,,Anual Individual,Anual,Soles,M todo Directo,9415,2147,7268,15012,828,302,-47,255,3D01ST,3D0206,False,PRELIMINAR
CM0006,20170072465,SOCIEDAD MINERA CERRO VERDE S.A.A.,2009,EMPRESAS EMISORAS,MINERAS,,Anual Individual,Anual,D lares,M todo Indirecto,1913164,467071,1446093,1757510,708528,659907,-91559,568348,3D01ST,3D0206,False,PRELIMINAR
002597,20217427593,SOCIEDAD MINERA CORONA S.A.,2009,EMPRESAS EMISORAS,MINERAS,,Anual Individual,Anual,D lares,M todo Directo,67245,33124,34121,93906,27945,31381,-2712,28669,3D01ST,3D0206,True,PRELIMINAR
B20026,20100017572,SOCIEDAD MINERA EL BROCAL S.A.A.,2009,EMPRESAS EMISORAS,MINERAS,,Anual Individual,Anual,D lares,M todo Directo,371153,63778,307375,220728,80228,74298,-15032,59266,3D01ST,3D0206,False,PRELIMINAR
B80013,20100161771,SOLUCION EMPRESA ADMINISTRADORA HIPOTECARIA S.A.,2009,EMPRESAS EMISORAS,DIVERSOS,,Anual Individual,Anual,Soles,M todo Indirecto,173994,145826,28168,12259,2961,27627,,,3F0501,,False,INCOMPLETO
CP0009,20292928841,SOUTHERN CONE POWER PERU S.A.,2009,EMPRESAS EMISORAS,DIVERSOS,,Anual Individual,Anual,D lares,M todo Directo,170972,22883,148089,0,15899,13789,0,13789,3D01ST,3D0206,True,PRELIMINAR
B20027,20100147514,"SOUTHERN PERU COPPER CORPORATION, SUCURSAL DEL PERU",2009,EMPRESAS EMISORAS,MINERAS,,Anual Individual,Anual,D lares,M todo Indirecto,2582415,696792,1885623,2223338,706868,660789,-285563,375226,3D01ST,3D0206,False,PRELIMINAR
SP0007,20502597061,STATKRAFT PERU S.A. (ANTES SN POWER PERU S.A.),2009,EMPRESAS EMISORAS,SERVICIOS PUBLICOS,,Anual Individual,Anual,D lares,M todo Directo,276155,107705,168450,58942,18925,35416,-3986,31430,3D01ST,3D0206,False,PRELIMINAR
000432,20100070970,SUPERMERCADOS PERUANOS S.A.,2009,EMPRESAS EMISORAS,DIVERSOS,,Anual Individual,Anual,Soles,M todo Directo,1199676,878755,320921,2055597,38883,177260,-144877,32383,3D01ST,3D0206,False,PRELIMINAR
B70020,20100177774,TELEFONICA MOVILES S.A.,2009,EMPRESAS EMISORAS,SERVICIOS PUBLICOS,,Anual Individual,Anual,Soles,M todo Directo,3142638,2234449,908189,3559450,661082,1363516,-590511,773005,3D01ST,3D0206,True,PRELIMINAR
B30232,20100168350,TEXTIL SAN CRISTOBAL S.A. - EN LIQUIDACION,2009,EMPRESAS EMISORAS,INDUSTRIALES,,Anual Individual,Anual,Soles,M todo Directo,190959,177600,13359,122265,-12067,-14126,-1811,-15937,3D01ST,3D0206,False,PRELIMINAR
B30149,20100183588,TICINO DEL PERU S A,2009,EMPRESAS EMISORAS,INDUSTRIALES,,Anual Individual,Anual,Soles,M todo Directo,61381,11559,49822,66288,5260,8740,0,8740,3D01ST,3D0206,True,PRELIMINAR
OE3895,20112273922,TIENDAS DEL MEJORAMIENTO DEL HOGAR S.A.,2009,EMPRESAS EMISORAS,DIVERSOS,,Anual Individual,Anual,Soles,M todo Indirecto,316924,219476,97448,657825,17439,15805,-30847,-15042,3D01ST,3D0206,False,PRELIMINAR
OE2701,20331429601,TOTAL ARTEFACTOS S.A.,2009,EMPRESAS EMISORAS,DIVERSOS,,Anual Individual,Anual,Soles,M todo Directo,234013,187995,46018,439980,3659,4109,-17543,-13434,3D01ST,3D0206,False,PRELIMINAR
CF0001,20377892918,TOTAL SERVICIOS FINANCIEROS EMPRESA DE CREDITOS,2009,EMPRESAS EMISORAS,FINANCIERAS,,Anual Individual,Anual,Soles,M todo Indirecto,56828,42070,14758,21685,578,1918,,,3F0501,,False,INCOMPLETO
CD0008,20138069347,TRANSACCIONES ESPECIALES S.A. (RET),2009,EMPRESAS EMISORAS,DIVERSOS,,Anual Individual,Anual,Soles,M todo Indirecto,42331,20,42311,0,-78,-388,0,-388,3D01ST,3D0206,False,PRELIMINAR
CD0009,20468451451,TRANSACCIONES FINANCIERAS S.A.,2009,EMPRESAS EMISORAS,DIVERSOS,,Anual Individual,Anual,Soles,M todo Indirecto,29815,65,29750,0,484,-890,0,-890,3D01ST,3D0206,False,PRELIMINAR
CI0009,20499432021,TRANSPORTADORA DE GAS DEL PERU S.A.,2009,EMPRESAS EMISORAS,SERVICIOS PUBLICOS,,Anual Individual,Anual,D lares,M todo Directo,1464252,1161670,302582,268882,59125,74309,-236718,-162409,3D01ST,3D0206,True,PRELIMINAR
B30121,20100137390,UNACEM CORP SOCIEDAD ANONIMA ABIERTA - UNACEM CORP S.A.A.,2009,EMPRESAS EMISORAS,DIVERSOS,,Anual Individual,Anual,Soles,M todo Directo,2255459,1133485,1121974,945156,190549,248271,-50161,198110,3D01ST,3D0206,False,PRELIMINAR
B30021,20100113610,UNION DE CERVECERIAS PERUANAS BACKUS Y JOHNSTON S.A.A.,2009,EMPRESAS EMISORAS,INDUSTRIALES,,Anual Individual,Anual,Soles,M todo Directo,3069797,1292820,1776977,2447616,488297,840833,-226224,614609,3D01ST,3D0206,True,PRELIMINAR
OE0032,20138149022,UNIVERSIDAD DE SAN MARTIN DE PORRES,2009,EMPRESAS EMISORAS,DIVERSOS,,Anual Individual,Anual,Soles,M todo Indirecto,533170,109809,423361,322582,31361,53956,-50550,3406,3D01ST,3D0206,False,PRELIMINAR
CM0001,20383045267,VOLCAN COMPAÑIA MINERA S.A.A.,2009,EMPRESAS EMISORAS,MINERAS,,Anual Individual,Anual,D lares,M todo Directo,1296921,400404,896517,477555,170229,158397,-37434,120963,3D01ST,3D0206,False,PRELIMINAR
000981,20100193117,YARA PERU S.R.L.,2009,EMPRESAS EMISORAS,INDUSTRIALES,,Anual Individual,Anual,Soles,M todo Directo,227770,134726,93044,429153,8011,63000,-1065,61935,3D01ST,3D0206,False,PRELIMINAR
023490,20312372895,YURA S.A.,2009,EMPRESAS EMISORAS,INDUSTRIALES,,Anual Individual,Anual,Soles,M todo Directo,836847,232808,604039,462215,116270,200120,-213564,-13444,3D01ST,3D0206,False,PRELIMINAR
B30150,20100022142,ABB S.A.,2010,EMPRESAS EMISORAS,INDUSTRIALES,,Anual Individual,Anual,Soles,M todo Directo,216215,154697,61518,369512,11796,32378,-5548,26830,3D01ST,3D0206,False,PRELIMINAR
020045,20260172035,ACTIVO INMOBILIARIO PERUANO S.A.A. (ANTES FALABELLA PERU S.A.A.),2010,EMPRESAS EMISORAS,DIVERSOS,,Anual Individual,Anual,Soles,M todo Directo,1697283,2741,1694542,0,346037,141134,0,141134,3D01ST,3D0206,True,PRELIMINAR
B80018,20100047307,ADMINISTRADORA DEL COMERCIO S.A. EN LIQUIDACION,2010,EMPRESAS EMISORAS,DIVERSOS,,Anual Individual,Anual,Soles,M todo Directo,67861,53754,14107,13053,-6165,13214,-73,13141,3D01ST,3D0206,True,PRELIMINAR
023106,20332600592,AENZA S.A.A.,2010,EMPRESAS EMISORAS,DIVERSOS,,Anual Individual,Anual,Soles,M todo Indirecto,959647,36435,923212,36055,275080,,-12714,,,3D0206,False,INCOMPLETO
AFP005,20143980821,AFP HORIZONTE S.A.,2010,EMPRESAS EMISORAS,A.F.P.,,Anual Individual,Anual,Soles,M todo Directo,316861,62824,254037,206613,60164,70669,-2514,68155,3A01ST,3A0206,False,PRELIMINAR
AFP002,20157036794,AFP INTEGRA,2010,EMPRESAS EMISORAS,A.F.P.,,Anual Individual,Anual,Soles,M todo Directo,458971,69247,389724,235494,82499,82549,-4667,77882,3A01ST,3A0206,False,PRELIMINAR
B11073,20164042686,AGRICOLA CAYALTI SOCIEDAD ANONIMA ABIERTA,2010,EMPRESAS EMISORAS,AGRICOLAS,,Anual Individual,Anual,Soles,M todo Directo,206977,170549,36428,18562,2738,-4231,-65,-4296,3D01ST,3D0206,False,PRELIMINAR
B11067,20135948641,AGRO INDUSTRIAL PARAMONGA S.A.,2010,EMPRESAS EMISORAS,AGRICOLAS,,Anual Individual,Anual,Soles,M todo Indirecto,569560,221964,347596,259833,57213,,-23910,,,3D0206,True,INCOMPLETO
B08363,20132377783,AGROINDUSTRIAL LAREDO S.A.A.,2010,EMPRESAS EMISORAS,AGRICOLAS,,Anual Individual,Anual,Soles,M todo Directo,464829,143421,321408,218646,31543,61307,0,61307,3D01ST,3D0206,True,PRELIMINAR
OE4115,20104420282,AGROINDUSTRIAS AIB S.A.,2010,EMPRESAS EMISORAS,INDUSTRIALES,,Anual Individual,Anual,Soles,M todo Directo,195225,93376,101849,109356,8466,-13710,-6075,-19785,3D01ST,3D0206,True,PRELIMINAR
B11068,20116225779,AGROINDUSTRIAS SAN JACINTO S.A.A.,2010,EMPRESAS EMISORAS,AGRICOLAS,,Anual Individual,Anual,Soles,M todo Directo,385327,190943,194384,122687,31359,18992,-11961,7031,3D01ST,3D0206,True,PRELIMINAR
OE3203,20517476405,ALFIN BANCO S.A.,2010,EMPRESAS EMISORAS,BANCOS,,Anual Individual,Anual,Soles,M todo Indirecto,335407,280555,54852,196938,13426,60054,,,3F0501,,False,INCOMPLETO
B30006,20100055237,ALICORP S.A.A.,2010,EMPRESAS EMISORAS,INDUSTRIALES,,Anual Individual,Anual,Soles,M todo Directo,2636520,922422,1714098,3221839,285647,235657,-2070,233587,3D01ST,3D0206,True,PRELIMINAR
OE4262,20118475284,AMERAL S.A. (ANTES AMERAL S.A.A.),2010,EMPRESAS EMISORAS,INDUSTRIALES,,Anual Individual,Anual,Soles,M todo Directo,73472,16205,57267,60961,494,2075,-2006,69,3D01ST,3D0206,False,PRELIMINAR
B60053,20265391886,AMERIKA FINANCIERA S.A. EN LIQUIDACION,2010,EMPRESAS EMISORAS,FINANCIERAS,,Anual Individual,Anual,Soles,M todo Indirecto,505489,420961,84528,45553,3003,28266,,,3F0501,,True,INCOMPLETO
CI0006,20338054115,AUSTRAL GROUP S.A.A.,2010,EMPRESAS EMISORAS,INDUSTRIALES,,Anual Individual,Anual,Soles,M todo Directo,994843,371801,623042,526791,48931,141945,0,141945,3D01ST,3D0206,True,PRELIMINAR
B80004,20100130204,BANCO BBVA PERU,2010,EMPRESAS EMISORAS,BANCOS,,Anual Individual,Anual,Soles,M todo Indirecto,37784601,34400686,3383915,2576377,1007247,1360517,,,3F0501,,False,INCOMPLETO
CF0004,20509507199,BANCO DE COMERCIO,2010,EMPRESAS EMISORAS,BANCOS,,Anual Individual,Anual,Soles,M todo Indirecto,1416859,1289963,126896,164107,14964,22850,,,3F0501,,True,INCOMPLETO
B80005,20100047218,BANCO DE CREDITO DEL PERU,2010,EMPRESAS EMISORAS,BANCOS,,Anual Individual,Anual,Soles,M todo Indirecto,67211152,61672102,5539050,4077405,1209341,1600017,,,3F0501,,False,INCOMPLETO
OE2254,20441805960,BANCO EFECTIVA S.A. (ANTES FINANCIERA EFECTIVA S.A.),2010,EMPRESAS EMISORAS,BANCOS,,Anual Individual,Anual,Soles,M todo Indirecto,138612,107063,31549,65188,9919,23562,,,3F0501,,True,INCOMPLETO
B80144,20330401991,BANCO FALABELLA PERU S.A.,2010,EMPRESAS EMISORAS,BANCOS,,Anual Individual,Anual,Soles,M todo Indirecto,1710043,1325727,384316,506630,112302,221149,,,3F0501,,False,INCOMPLETO
OE2271,20513074370,BANCO GNB PERU S.A.,2010,EMPRESAS EMISORAS,BANCOS,,Anual Individual,Anual,Soles,M todo Indirecto,3462999,3191552,271447,191749,-65511,13745,,,3F0501,,False,INCOMPLETO
B80123,20101036813,BANCO INTERAMERICANO DE FINANZAS,2010,EMPRESAS EMISORAS,BANCOS,,Anual Individual,Anual,Soles,M todo Indirecto,4650904,4320049,330855,279072,54107,91540,,,3F0501,,False,INCOMPLETO
B80020,20100053455,BANCO INTERNACIONAL DEL PERU S.A.A. - INTERBANK,2010,EMPRESAS EMISORAS,BANCOS,,Anual Individual,Anual,Soles,M todo Indirecto,19332087,17665062,1667025,1975195,497541,709572,,,3F0501,,False,INCOMPLETO
B80009,20100105862,BANCO PICHINCHA,2010,EMPRESAS EMISORAS,BANCOS,,Anual Individual,Anual,Soles,M todo Indirecto,3454263,3109274,344989,381777,32973,178301,,,3F0501,,False,INCOMPLETO
B80141,20259702411,BANCO RIPLEY PERU S.A.,2010,EMPRESAS EMISORAS,BANCOS,,Anual Individual,Anual,Soles,M todo Indirecto,1107675,882187,225488,335790,51734,169069,,,3F0501,,False,INCOMPLETO
OE3056,20516711559,BANCO SANTANDER PERU S.A.,2010,EMPRESAS EMISORAS,BANCOS,,Anual Individual,Anual,Soles,M todo Indirecto,1656610,1517269,139341,50530,6419,4286,,,3F0501,,True,INCOMPLETO
B30079,20100096341,BAYER S.A.,2010,EMPRESAS EMISORAS,DIVERSOS,,Anual Individual,Anual,Soles,M todo Directo,222430,48878,173552,314684,27996,20417,-1609,18808,3D01ST,3D0206,True,PRELIMINAR
B30031,20100124492,BRITISH AMERICAN TOBACCO DEL PERU HOLDINGS S.A.,2010,EMPRESAS EMISORAS,INDUSTRIALES,,Anual Individual,Anual,Soles,M todo Directo,88967,72028,16939,290204,34782,31205,-96,31109,3D01ST,3D0206,False,PRELIMINAR
J00124,20100209641,CAJA MUNICIPAL DE AHORRO Y CREDITO DE AREQUIPA S.A.,2010,EMPRESAS EMISORAS,FINANCIERAS,,Anual Individual,Anual,Soles,M todo Indirecto,1837685,1576400,261285,354225,51321,111057,,,3F0501,,False,INCOMPLETO
B11082,20131867744,CARTAVIO SOCIEDAD ANONIMA ABIERTA,2010,EMPRESAS EMISORAS,AGRICOLAS,,Anual Individual,Anual,Soles,M todo Directo,609747,215657,394090,358399,80895,100604,-17169,83435,3D01ST,3D0206,False,PRELIMINAR
B08361,20131823020,CASA GRANDE SOCIEDAD ANONIMA ABIERTA,2010,EMPRESAS EMISORAS,AGRICOLAS,,Anual Individual,Anual,Soles,M todo Directo,1540738,547585,993153,478252,235639,164045,-78513,85532,3D01ST,3D0206,True,PRELIMINAR
B20001,20100163048,CASTROVIRREYNA COMPAÑIA MINERA S.A. EN LIQUIDACION,2010,EMPRESAS EMISORAS,MINERAS,,Anual Individual,Anual,Soles,M todo Directo,104399,70082,34317,55387,4761,-2008,-7214,-9222,3D01ST,3D0206,True,PRELIMINAR
OE0524,20129497077,CEMENTO ANDINO S.A.,2010,EMPRESAS EMISORAS,INDUSTRIALES,,Anual Individual,Anual,Soles,M todo Directo,1000007,420843,579164,434017,96084,106315,-15863,90452,3D01ST,3D0206,False,PRELIMINAR
CD0005,20419387658,CEMENTOS PACASMAYO S.A.A.,2010,EMPRESAS EMISORAS,INDUSTRIALES,,Anual Individual,Anual,Soles,M todo Directo,1371770,510190,861580,623677,147935,170321,-41403,128918,3D01ST,3D0206,False,PRELIMINAR
OE4206,20517905454,CENCOSUD PERU S.A.,2010,EMPRESAS EMISORAS,DIVERSOS,,Anual Individual,Anual,Soles,M todo Directo,2305279,481517,1823762,89552,169735,37426,-2536,34890,3D01ST,3D0206,True,PRELIMINAR
019094,20129854953,CENTRAL AZUCARERA CHUCARAPI-PAMPA BLANCA S.A.,2010,EMPRESAS EMISORAS,AGRICOLAS,,Anual Individual,Anual,Soles,M todo Directo,74171,37996,36175,4703,-2955,-88,-14,-102,3D01ST,3D0206,True,PRELIMINAR
B30023,20128915711,CERVECERIA SAN JUAN S.A.,2010,EMPRESAS EMISORAS,INDUSTRIALES,,Anual Individual,Anual,Soles,M todo Directo,221638,99791,121847,328687,32795,87594,-24164,63430,3D01ST,3D0206,True,PRELIMINAR
CS0007,20109068498,CESCE PERU S.A. COMPAÑIA DE SEGUROS,2010,EMPRESAS EMISORAS,SEGUROS,,Anual Individual,Anual,Soles,M todo Indirecto,45055,14910,30145,27536,8481,10163,-138,10025,3E0301,3E0405,False,PRELIMINAR
CD0001,20390863871,CFI HOLDINGS S.A.,2010,EMPRESAS EMISORAS,DIVERSOS,,Anual Individual,Anual,Soles,M todo Directo,192530,1981,190549,0,69197,-13511,-35,-13546,3D01ST,3D0206,True,PRELIMINAR
CS0003,20390625007,CHUBB PERU S.A. COMPAÑIA DE SEGUROS Y REASEGUROS,2010,EMPRESAS EMISORAS,SEGUROS,,Anual Individual,Anual,Soles,M todo Indirecto,76013,36012,40001,66580,195,1264,-124,1140,3E0301,3E0405,False,PRELIMINAR
CI0007,20385353406,CIA.INDUSTRIAL NUEVO MUNDO S.A.,2010,EMPRESAS EMISORAS,INDUSTRIALES DEL TRABAJO,,Anual Individual,Anual,Soles,M todo Directo,175503,88036,87467,166515,14181,9677,-4733,4944,3D01ST,3D0206,False,PRELIMINAR
CB0002,20100116635,CITIBANK DEL PERU S.A.,2010,EMPRESAS EMISORAS,BANCOS,,Anual Individual,Anual,Soles,M todo Indirecto,4815814,4110083,705731,362448,41048,99173,,,3F0501,,True,INCOMPLETO
B20003,20100079501,COMPAÑIA DE MINAS BUENAVENTURA S.A.A.,2010,EMPRESAS EMISORAS,MINERAS,,Anual Individual,Anual,D lares,M todo Directo,2846914,239058,2607856,808462,662934,418152,-40846,377306,3D01ST,3D0206,True,PRELIMINAR
B30098,20100012856,COMPAÑIA GOODYEAR DEL PERU S.A.,2010,EMPRESAS EMISORAS,INDUSTRIALES,,Anual Individual,Anual,Soles,M todo Directo,349439,76952,272487,400473,38204,23421,-10005,13416,3D01ST,3D0206,True,PRELIMINAR
B20041,20137025354,COMPAÑIA MINERA PODEROSA S.A.A.,2010,EMPRESAS EMISORAS,MINERAS,,Anual Individual,Anual,Soles,M todo Directo,350123,118497,231626,407805,80293,145101,-19185,125916,3D01ST,3D0206,True,PRELIMINAR
B20012,20100163552,COMPAÑIA MINERA RAURA S.A.,2010,EMPRESAS EMISORAS,MINERAS,,Anual Individual,Anual,Soles,M todo Directo,224668,83420,141248,260710,47080,47830,-8300,39530,3D01ST,3D0206,True,PRELIMINAR
B20013,20100177421,COMPAÑIA MINERA SAN IGNACIO DE MOROCOCHA S.A.A.,2010,EMPRESAS EMISORAS,MINERAS,,Anual Individual,Anual,Soles,M todo Directo,210944,83288,127656,111356,7194,17420,-3987,13433,3D01ST,3D0206,True,PRELIMINAR
B20016,20100120314,COMPAÑIA MINERA SANTA LUISA S.A.,2010,EMPRESAS EMISORAS,MINERAS,,Anual Individual,Anual,Soles,M todo Directo,261651,68950,192701,261629,21906,33600,-5309,28291,3D01ST,3D0206,False,PRELIMINAR
CI0005,20100562848,COMPAÑIA UNIVERSAL TEXTIL S.A. EN LIQUIDACION,2010,EMPRESAS EMISORAS,INDUSTRIALES,,Anual Individual,Anual,Soles,M todo Directo,171313,49880,121433,71406,1240,8017,-880,7137,3D01ST,3D0206,False,PRELIMINAR
OE4501,20369155360,COMPARTAMOS BANCO S.A.,2010,EMPRESAS EMISORAS,BANCOS,,Anual Individual,Anual,Soles,M todo Indirecto,425469,365313,60156,122865,19145,17906,,,3F0501,,False,INCOMPLETO
OE3212,20509093521,CONCESIONARIA TRASVASE OLMOS S.A.,2010,EMPRESAS EMISORAS,DIVERSOS,,Anual Individual,Anual,D lares,M todo Indirecto,239422,222883,16539,0,-2849,,-8,,,3D0206,True,INCOMPLETO
CD0020,20141189850,CONECTA RETAIL S.A.,2010,EMPRESAS EMISORAS,DIVERSOS,,Anual Individual,Anual,Soles,M todo Directo,128400,85675,42725,361491,15962,33061,-4095,28966,3D01ST,3D0206,True,PRELIMINAR
OE3734,20491854481,CONSERVERA DE LAS AMERICAS S.A.,2010,EMPRESAS EMISORAS,INDUSTRIALES,,Anual Individual,Anual,Soles,M todo Directo,96779,49049,47730,31956,3245,444,-911,-467,3D01ST,3D0206,False,PRELIMINAR
CD0012,20465261634,CONSORCIO AGUA AZUL S.A.,2010,EMPRESAS EMISORAS,SERVICIOS PUBLICOS,,Anual Individual,Anual,Soles,M todo Directo,141704,55698,86006,36605,8654,16663,-41,16622,3D01ST,3D0206,True,PRELIMINAR
OE3557,20518410858,CONSORCIO CEMENTERO DEL SUR S.A.,2010,EMPRESAS EMISORAS,DIVERSOS,,Anual Individual,Anual,Soles,M todo Directo,451315,148587,302728,0,44788,-1455,0,-1455,3D01ST,3D0206,True,PRELIMINAR
000683,20100195080,CONSORCIO INDUSTRIAL DE AREQUIPA SA,2010,EMPRESAS EMISORAS,INDUSTRIALES,,Anual Individual,Anual,Soles,M todo Directo,40915,6082,34833,50567,5858,1426,-1668,-242,3D01ST,3D0206,False,PRELIMINAR
CD0013,20383316473,CONSORCIO TRANSMANTARO S.A.,2010,EMPRESAS EMISORAS,SERVICIOS PUBLICOS,,Anual Individual,Anual,D lares,M todo Directo,397979,159690,238289,183791,15449,7661,-365,7296,3D01ST,3D0206,True,PRELIMINAR
B30144,20100019940,CONSTRUCCIONES ELECTROMECANICAS DELCROSA S.A.,2010,EMPRESAS EMISORAS,INDUSTRIALES,,Anual Individual,Anual,Soles,M todo Directo,74926,52860,22066,56962,386,2949,-2438,511,3D01ST,3D0206,True,PRELIMINAR
CI0003,20370146994,CORPORACION ACEROS AREQUIPA S.A.,2010,EMPRESAS EMISORAS,INDUSTRIALES,,Anual Individual,Anual,Soles,M todo Directo,1999963,1096934,903029,1946594,131629,120433,-68640,51793,3D01ST,3D0206,False,PRELIMINAR
019886,20161636780,CORPORACION CERAMICA S.A.,2010,EMPRESAS EMISORAS,INDUSTRIALES,,Anual Individual,Anual,Soles,M todo Directo,161565,73307,88258,133745,4791,8868,-2113,6755,3D01ST,3D0206,False,PRELIMINAR
B30207,20100228352,CORPORACION CERVESUR S.A.A.,2010,EMPRESAS EMISORAS,DIVERSOS,,Anual Individual,Anual,Soles,M todo Directo,551898,6521,545377,3005,18795,14344,0,14344,3D01ST,3D0206,True,PRELIMINAR
CF0002,20100116392,CORPORACION FINANCIERA DE DESARROLLO S.A. - COFIDE,2010,EMPRESAS EMISORAS,FINANCIERAS,,Anual Individual,Anual,Soles,M todo Indirecto,5160108,3017685,2142423,241782,60245,48182,,,3F0501,,False,INCOMPLETO
OE1566,20501663256,CORPORACION FUNERARIA S.A.,2010,EMPRESAS EMISORAS,DIVERSOS,,Anual Individual,Anual,Soles,M todo Directo,12955,464,12491,18988,68,1369,-1064,305,3D01ST,3D0206,True,PRELIMINAR
CI0010,20255322363,CORPORACION MISKI S.A.,2010,EMPRESAS EMISORAS,INDUSTRIALES,,Anual Individual,Anual,D lares,M todo Directo,16268,10337,5931,14660,-116,1847,0,1847,3D01ST,3D0206,True,PRELIMINAR
B30060,20133530003,CREDITEX S.A.A.,2010,EMPRESAS EMISORAS,INDUSTRIALES,,Anual Individual,Anual,Soles,M todo Directo,348675,75635,273040,229473,21071,39751,-12395,27356,3D01ST,3D0206,True,PRELIMINAR
OE3694,20517406610,DEUTSCHE BANK (PERU) S.A. EN LIQUIDACION,2010,EMPRESAS EMISORAS,BANCOS,,Anual Individual,Anual,Soles,M todo Indirecto,789550,656957,132593,38176,10352,-14095,,,3F0501,,False,INCOMPLETO
OE2258,20509845167,DIVISO GRUPO FINANCIERO S.A.,2010,EMPRESAS EMISORAS,DIVERSOS,,Anual Individual,Anual,Soles,M todo Indirecto,140088,3725,136363,18177,32688,,0,,,3D0206,False,INCOMPLETO
OE3108,20375312868,EDYFICAR PERU S.A.,2010,EMPRESAS EMISORAS,DIVERSOS,,Anual Individual,Anual,Soles,M todo Indirecto,1307999,1152179,155820,284943,47326,89789,,,3F0501,,True,INCOMPLETO
B80104,20100035392,EL PACIFICO PERUANO-SUIZA CIA DE SEGUROS Y REASEGUROS,2010,EMPRESAS EMISORAS,SEGUROS,,Anual Individual,Anual,Soles,M todo Indirecto,1560691,806710,753981,823856,130742,94104,-13765,80339,3E0301,3E0405,False,PRELIMINAR
B40013,20106156400,ELECTRO DUNAS S.A.A.,2010,EMPRESAS EMISORAS,SERVICIOS PUBLICOS,,Anual Individual,Anual,Soles,M todo Directo,370452,125484,244968,177423,8373,19866,-31225,-11359,3D01ST,3D0206,True,PRELIMINAR
B40005,20116544289,ELECTRO SUR ESTE S.A.A.,2010,EMPRESAS EMISORAS,SERVICIOS PUBLICOS,,Anual Individual,Anual,Soles,M todo Directo,600639,71941,528698,176181,9791,38186,-8248,29938,3D01ST,3D0206,True,PRELIMINAR
B11072,20131835621,EMPRESA AGRARIA CHIQUITOY S.A.,2010,EMPRESAS EMISORAS,AGRICOLAS,,Anual Individual,Anual,Soles,M todo Directo,97685,74624,23061,31069,1768,4264,-906,3358,3D01ST,3D0206,True,PRELIMINAR
B11074,20103272964,EMPRESA AGRICOLA SAN JUAN S.A.,2010,EMPRESAS EMISORAS,AGRICOLAS,,Anual Individual,Anual,Soles,M todo Directo,110007,37213,72794,38151,4556,7781,-7702,79,3D01ST,3D0206,True,PRELIMINAR
B08358,20133419749,EMPRESA AGRICOLA SINTUCO S.A.,2010,EMPRESAS EMISORAS,AGRICOLAS,,Anual Individual,Anual,Soles,M todo Directo,49310,8004,41306,13972,4438,2698,-178,2520,3D01ST,3D0206,False,PRELIMINAR
B08360,20163898200,EMPRESA AGROINDUSTRIAL POMALCA S.A.A.,2010,EMPRESAS EMISORAS,AGRICOLAS,,Anual Individual,Anual,Soles,M todo Directo,843474,504596,338878,158491,9673,16832,-1668,15164,3D01ST,3D0206,False,PRELIMINAR
B11078,20136009614,EMPRESA AGROINDUSTRIAL TUMAN S.A.A.,2010,EMPRESAS EMISORAS,AGRICOLAS,,Anual Individual,Anual,Soles,M todo Directo,690407,442807,247600,130909,126,9753,-2173,7580,3D01ST,3D0206,False,PRELIMINAR
017070,20141723601,EMPRESA AZUCARERA EL INGENIO S.A.,2010,EMPRESAS EMISORAS,AGRICOLAS,,Anual Individual,Anual,Soles,M todo Directo,47463,5514,41949,9929,1731,906,-58,848,3D01ST,3D0206,False,PRELIMINAR
SP0009,20262221335,EMPRESA DE GENERACION ELECTRICA SAN GABAN S.A.,2010,EMPRESAS EMISORAS,SERVICIOS PUBLICOS,,Anual Individual,Anual,Soles,M todo Indirecto,476484,153496,322988,69923,12736,,-1548,,,3D0206,False,INCOMPLETO
B30241,20143229816,EMPRESA EDITORA EL COMERCIO S.A.,2010,EMPRESAS EMISORAS,INDUSTRIALES,,Anual Individual,Anual,Soles,M todo Directo,612659,335334,277325,619434,97864,111282,-22900,88382,3D01ST,3D0206,False,PRELIMINAR
CD0022,20100027705,EMPRESA ELECTRICIDAD DEL PERU - ELECTROPERU S.A.,2010,EMPRESAS EMISORAS,SERVICIOS PUBLICOS,,Anual Individual,Anual,Soles,M todo Directo,2929779,742813,2186966,1039495,206325,230457,-20656,209801,3D01ST,3D0206,False,PRELIMINAR
B40006,20119205949,EMPRESA REGIONAL DE SERVICIO PUBLICO DE ELECTRICIDAD - ELECTROSUR S.A.,2010,EMPRESAS EMISORAS,SERVICIOS PUBLICOS,,Anual Individual,Anual,Soles,M todo Directo,170529,23410,147119,96535,7120,17599,-846,16753,3D01ST,3D0206,True,PRELIMINAR
SP0006,20405479592,EMPRESA REGIONAL DE SERVICIO PUBLICO DE ELECTRICIDAD DE PUNO S.A.A. - ELECTROPUNO,2010,EMPRESAS EMISORAS,SERVICIOS PUBLICOS,,Anual Individual,Anual,Soles,M todo Indirecto,282628,34662,247966,92370,9368,,-20579,,,3D0206,True,INCOMPLETO
B40002,20132023540,EMPRESA REGIONAL DE SERVICIO PUBLICO DE ELECTRICIDAD ELECTRONORTE MEDIO S.A. - HIDRANDINA,2010,EMPRESAS EMISORAS,SERVICIOS PUBLICOS,,Anual Individual,Anual,Soles,M todo Directo,1195517,297406,898111,422230,38133,34720,-91566,-56846,3D01ST,3D0206,False,PRELIMINAR
CM0003,20402885549,EMPRESA SIDERURGICA DEL PERU S.A.A. - SIDERPERU,2010,EMPRESAS EMISORAS,INDUSTRIALES,,Anual Individual,Anual,Soles,M todo Directo,2015976,1019233,996743,1299646,67826,-40785,-197225,-238010,3D01ST,3D0206,False,PRELIMINAR
003058,20270508163,ENEL GENERACION PIURA S.A.,2010,EMPRESAS EMISORAS,SERVICIOS PUBLICOS,,Anual Individual,Anual,Soles,M todo Directo,229198,120943,108255,262261,59672,111487,-3229,108258,3D01ST,3D0206,False,PRELIMINAR
002829,20333363900,ENGIE ENERGIA PERU S.A.A.,2010,EMPRESAS EMISORAS,SERVICIOS PUBLICOS,,Anual Individual,Anual,D lares,M todo Directo,659005,408061,250944,398909,81055,140389,-39043,101346,3D01ST,3D0206,True,PRELIMINAR
B30094,20100094135,EXSA S.A.,2010,EMPRESAS EMISORAS,INDUSTRIALES,,Anual Individual,Anual,Soles,M todo Directo,238505,91798,146707,285706,21783,16562,-20595,-4033,3D01ST,3D0206,True,PRELIMINAR
B30042,20100020956,FABRICA DE HILADOS Y TEJIDOS SAN MIGUEL S.A. - EN LIQUIDACION,2010,EMPRESAS EMISORAS,INDUSTRIALES,,Anual Individual,Anual,Soles,M todo Directo,1292,9,1283,0,34,4,0,4,3D01ST,3D0206,False,PRELIMINAR
B30211,20100165687,FABRICA NACIONAL DE ACUMULADORES ETNA S.A.,2010,EMPRESAS EMISORAS,INDUSTRIALES,,Anual Individual,Anual,Soles,M todo Directo,100305,22212,78093,86894,17519,14311,-3773,10538,3D01ST,3D0206,False,PRELIMINAR
B30122,20100051240,FABRICA PERUANA ETERNIT S.A.,2010,EMPRESAS EMISORAS,INDUSTRIALES,,Anual Individual,Anual,Soles,M todo Directo,118725,69732,48993,144072,19108,13227,-5547,7680,3D01ST,3D0206,False,PRELIMINAR
B60001,20100027292,FERREYCORP S.A.A.,2010,EMPRESAS EMISORAS,DIVERSOS,,Anual Individual,Anual,Soles,M todo Directo,1837126,1072905,764221,2196920,138365,54767,-24407,30360,3D01ST,3D0206,True,PRELIMINAR
B30083,20100083010,FILAMENTOS INDUSTRIALES S.A.,2010,EMPRESAS EMISORAS,DIVERSOS,,Anual Individual,Anual,Soles,M todo Directo,71316,19688,51628,70987,16078,5914,-4407,1507,3D01ST,3D0206,True,PRELIMINAR
017892,20196629000,FIMA S A,2010,EMPRESAS EMISORAS,INDUSTRIALES,,Anual Individual,Anual,D lares,M todo Indirecto,25649,13750,11899,19632,453,,-142,,,3D0206,False,INCOMPLETO
J00177,20401319817,FINANCIERA CONFIANZA S.A.,2010,EMPRESAS EMISORAS,FINANCIERAS,,Anual Individual,Anual,Soles,M todo Indirecto,488885,421018,67867,106445,6378,64542,,,3F0501,,True,INCOMPLETO
OE3205,20228319768,FINANCIERA CONFIANZA S.A.A.,2010,EMPRESAS EMISORAS,FINANCIERAS,,Anual Individual,Anual,Soles,M todo Indirecto,864969,758398,106571,161732,8110,177154,,,3F0501,,False,INCOMPLETO
OE4241,20521308321,FINANCIERA QAPAQ S.A.,2010,EMPRESAS EMISORAS,FINANCIERAS,,Anual Individual,Anual,Soles,M todo Directo,52715,870,51845,3205,-6900,-9053,,,3F0501,,False,INCOMPLETO
B80145,20337996834,FINANCIERA TFC S.A. EN LIQUIDACION,2010,EMPRESAS EMISORAS,FINANCIERAS,,Anual Individual,Anual,Soles,M todo Indirecto,351625,317286,34339,80312,4226,33181,,,3F0501,,False,INCOMPLETO
OE4159,20523108574,FOSFATOS DEL PACIFICO S.A.,2010,EMPRESAS EMISORAS,MINERAS,,Anual Individual,Anual,Soles,M todo Directo,56407,5286,51121,0,-4155,-12716,-28787,-41503,3D01ST,3D0206,False,PRELIMINAR
001152,20100094054,FUTURA CONSORCIO INMOBILIARIO S.A.,2010,EMPRESAS EMISORAS,DIVERSOS,,Anual Individual,Anual,Soles,M todo Directo,489234,153582,335652,162228,30239,32788,-3792,28996,3D01ST,3D0206,True,PRELIMINAR
022984,20297652274,GENERANDES PERU S.A.,2010,EMPRESAS EMISORAS,SERVICIOS PUBLICOS,,Anual Individual,Anual,Soles,M todo Directo,1145162,126,1145036,0,115964,47554,0,47554,3D01ST,3D0206,False,PRELIMINAR
CM0008,20507828915,GOLD FIELDS LA CIMA S.A.,2010,EMPRESAS EMISORAS,MINERAS,,Anual Individual,Anual,Soles,M todo Indirecto,3082376,1077459,2004917,1341423,439602,,-182264,,,3D0206,True,INCOMPLETO
B80049,20100116988,GR HOLDING S.A.,2010,EMPRESAS EMISORAS,DIVERSOS,,Anual Individual,Anual,Soles,M todo Directo,143904,5414,138490,31733,30418,-2636,-13,-2649,3D01ST,3D0206,True,PRELIMINAR
BV0001,20100055661,GRUPO BVL S.A.A.,2010,EMPRESAS EMISORAS,DIVERSOS,,Anual Individual,Anual,Soles,M todo Directo,97495,8338,89157,48462,25872,24913,-1003,23910,3D01ST,3D0206,False,PRELIMINAR
B30140,20100171814,HIDROSTAL S.A.,2010,EMPRESAS EMISORAS,INDUSTRIALES,,Anual Individual,Anual,Soles,M todo Directo,117461,46306,71155,116592,6683,5669,-6021,-352,3D01ST,3D0206,True,PRELIMINAR
OE3986,20518201426,HIPOTECARIA SURA EMPRESA ADMINISTRADORA HIPOTECARIA S.A. - EN LIQUIDACION,2010,EMPRESAS EMISORAS,DIVERSOS,,Anual Individual,Anual,Soles,M todo Indirecto,34969,15772,19197,1102,666,-5499,,,3F0501,,True,INCOMPLETO
006162,20100199743,INCA TOPS S.A.,2010,EMPRESAS EMISORAS,INDUSTRIALES,,Anual Individual,Anual,Soles,M todo Directo,111180,61836,49344,87474,4844,-962,-2857,-3819,3D01ST,3D0206,True,PRELIMINAR
B30236,20251293181,INDECO S.A.,2010,EMPRESAS EMISORAS,INDUSTRIALES,,Anual Individual,Anual,D lares,M todo Directo,117122,38651,78471,258183,12994,4721,-3524,1197,3D01ST,3D0206,True,PRELIMINAR
B30050,20102728743,INDUSTRIA TEXTIL PIURA S.A.,2010,EMPRESAS EMISORAS,INDUSTRIALES,,Anual Individual,Anual,Soles,M todo Directo,146095,64113,81982,113723,601,31662,-3192,28470,3D01ST,3D0206,True,PRELIMINAR
B30107,20100004322,INDUSTRIAS DEL ENVASE S.A.,2010,EMPRESAS EMISORAS,INDUSTRIALES,,Anual Individual,Anual,Soles,M todo Directo,130119,30849,99270,126418,9000,8857,-2425,6432,3D01ST,3D0206,True,PRELIMINAR
B30152,20100003512,INDUSTRIAS ELECTRO QUIMICAS S.A. IEQSA,2010,EMPRESAS EMISORAS,INDUSTRIALES,,Anual Individual,Anual,Soles,M todo Directo,154220,49281,104939,287402,9628,11909,-1494,10415,3D01ST,3D0206,True,PRELIMINAR
OE4256,20522291201,INFINANCE XP S.A. (ANTES FINANCIERA OH! S.A.),2010,EMPRESAS EMISORAS,FINANCIERAS,,Anual Individual,Anual,Soles,M todo Indirecto,80462,7347,73115,6929,-13869,-7311,,,3F0501,,True,INCOMPLETO
B30127,20100049938,INMOBILIARIA KANPU S.A.,2010,EMPRESAS EMISORAS,DIVERSOS,,Anual Individual,Anual,Soles,M todo Directo,165649,80282,85367,185631,10632,14325,-6346,7979,3D01ST,3D0206,True,PRELIMINAR
CN0002,20499141051,INMOBILIARIA MILENIA S.A.,2010,EMPRESAS EMISORAS,DIVERSOS,,Anual Individual,Anual,Soles,M todo Directo,34089,522,33567,8784,4178,-26,-14,-40,3D01ST,3D0206,True,PRELIMINAR
B30086,20100047722,INMOBILIARIA VENCEDOR S.A.,2010,EMPRESAS EMISORAS,INDUSTRIALES,,Anual Individual,Anual,Soles,M todo Directo,102682,46933,55749,123038,11816,-2632,-3181,-5813,3D01ST,3D0206,True,PRELIMINAR
J00194,20511910642,INMUEBLES COMERCIALES DEL PERU S.A.C.,2010,EMPRESAS EMISORAS,DIVERSOS,,Anual Individual,Anual,Soles,M todo Directo,375475,61294,314181,7167,-787,-1762,0,-1762,3D01ST,3D0206,False,PRELIMINAR
OE1274,20423264617,INMUEBLES PANAMERICANA S.A.,2010,EMPRESAS EMISORAS,DIVERSOS,,Anual Individual,Anual,Soles,M todo Directo,211079,111947,99132,57021,19300,12873,-15,12858,3D01ST,3D0206,False,PRELIMINAR
OE4150,20492497721,INSUR S.A. COMPAÑIA DE SEGUROS,2010,EMPRESAS EMISORAS,SEGUROS,,Anual Individual,Anual,Soles,M todo Indirecto,9687,2952,6735,1386,326,1607,-38,1569,3E0301,3E0405,False,PRELIMINAR
B70009,20100017491,INTEGRATEL PERU S.A.A.,2010,EMPRESAS EMISORAS,SERVICIOS PUBLICOS,,Anual Individual,Anual,Soles,M todo Directo,8745995,5188578,3557417,3809498,856874,771068,0,771068,3D01ST,3D0206,True,PRELIMINAR
OE2305,0,INTERCORP FINANCIAL SERVICES INC.,2010,EMPRESAS EMISORAS,DIVERSOS,,Anual Individual,Anual,Soles,M todo Indirecto,2107858,9757,2098101,534728,499887,-3480,,,3F0501,,False,INCOMPLETO
CD0010,0,INTERCORP PERU LTD.,2010,EMPRESAS EMISORAS,DIVERSOS,,Anual Individual,Anual,Soles,M todo Indirecto,3326713,795213,2531500,441908,391821,-49493,,,3F0501,,False,INCOMPLETO
CS0002,20382748566,INTERSEGURO COMPAÑIA DE SEGUROS S.A.,2010,EMPRESAS EMISORAS,SEGUROS,,Anual Individual,Anual,Soles,M todo Directo,2320060,1957750,362310,85231,84502,425771,-7794,417977,3E0301,3E0405,False,PRELIMINAR
TI0002,20417378911,INTRADEVCO INDUSTRIAL S.A.,2010,EMPRESAS EMISORAS,INDUSTRIALES,,Anual Individual,Anual,Soles,M todo Directo,398531,214949,183582,376127,31347,-9652,-7733,-17385,3D01ST,3D0206,False,PRELIMINAR
B80057,20101099149,INVERSIONES ASPI S.A.,2010,EMPRESAS EMISORAS,DIVERSOS,,Anual Individual,Anual,Soles,M todo Directo,444734,42102,402632,46661,35333,38689,-88,38601,3D01ST,3D0206,False,PRELIMINAR
B80077,20101045995,INVERSIONES CENTENARIO S.A.A.,2010,EMPRESAS EMISORAS,DIVERSOS,,Anual Individual,Anual,Soles,M todo Directo,707986,345676,362310,161411,70501,42848,-11267,31581,3D01ST,3D0206,True,PRELIMINAR
B60004,20104347691,INVERSIONES EN TURISMO S.A. INVERTUR,2010,EMPRESAS EMISORAS,DIVERSOS,,Anual Individual,Anual,Soles,M todo Directo,37174,7358,29816,13931,660,1637,-2006,-369,3D01ST,3D0206,False,PRELIMINAR
003512,20334766714,INVERSIONES LA RIOJA S.A.,2010,EMPRESAS EMISORAS,DIVERSOS,,Anual Individual,Anual,Soles,M todo Directo,285751,85079,200672,71526,7982,14459,-27264,-12805,3D01ST,3D0206,True,PRELIMINAR
B60005,20114803228,INVERSIONES NACIONALES DE TURISMO S.A. INTURSA,2010,EMPRESAS EMISORAS,DIVERSOS,,Anual Individual,Anual,Soles,M todo Directo,950817,363282,587535,59819,-27386,-40481,0,-40481,3D01ST,3D0206,True,PRELIMINAR
OE4189,20510992904,KALLPA GENERACION S.A.,2010,EMPRESAS EMISORAS,SERVICIOS PUBLICOS,,Anual Individual,Anual,D lares,M todo Directo,434967,293681,141286,190043,10377,14960,0,14960,3D01ST,3D0206,True,PRELIMINAR
A80069,20100210909,LA POSITIVA SEGUROS Y REASEGUROS S.A.,2010,EMPRESAS EMISORAS,SEGUROS,,Anual Individual,Anual,Soles,M todo Indirecto,624052,288521,335531,402689,15968,65529,-8138,57391,3E0301,3E0405,False,PRELIMINAR
OE2069,20454073143,LA POSITIVA VIDA SEGUROS Y REASEGUROS S.A.,2010,EMPRESAS EMISORAS,SEGUROS,,Anual Individual,Anual,Soles,M todo Indirecto,1333910,1111312,222598,150524,-8164,215708,-447,215261,3E0301,3E0405,False,PRELIMINAR
CI0011,20100095450,LAIVE S.A.,2010,EMPRESAS EMISORAS,INDUSTRIALES,,Anual Individual,Anual,Soles,M todo Directo,208453,99771,108682,314432,4424,14824,-3382,11442,3D01ST,3D0206,False,PRELIMINAR
B30230,20100190100,LAPICES Y CONEXOS S.A. LAYCONSA,2010,EMPRESAS EMISORAS,INDUSTRIALES,,Anual Individual,Anual,Soles,M todo Directo,73240,38877,34363,37617,1600,-6900,-604,-7504,3D01ST,3D0206,False,PRELIMINAR
B80031,20100093759,LATINA HOLDING S.A.,2010,EMPRESAS EMISORAS,DIVERSOS,,Anual Individual,Anual,Soles,M todo Directo,32796,4029,28767,0,-1026,-1489,0,-1489,3D01ST,3D0206,False,PRELIMINAR
OE4447,20524981981,LEASING PERU S.A. (EN LIQUIDACION),2010,EMPRESAS EMISORAS,DIVERSOS,,Anual Individual,Anual,Soles,M todo Indirecto,40829,1503,39326,114,-2379,-6524,,,3F0501,,False,INCOMPLETO
006166,20100190797,LECHE GLORIA S.A.,2010,EMPRESAS EMISORAS,INDUSTRIALES,,Anual Individual,Anual,Soles,M todo Directo,2128446,890708,1237738,2287593,212265,216924,-145104,71820,3D01ST,3D0206,False,PRELIMINAR
B30099,20100182778,LIMA CAUCHO S.A. EN LIQUIDACION,2010,EMPRESAS EMISORAS,INDUSTRIALES,,Anual Individual,Anual,Soles,M todo Directo,239635,83365,156270,116025,4403,-12106,-9959,-22065,3D01ST,3D0206,False,PRELIMINAR
J00121,20100007348,LIMA GAS S.A.,2010,EMPRESAS EMISORAS,DIVERSOS,,Anual Individual,Anual,Soles,M todo Directo,86848,44100,42748,224413,13212,18472,-12209,6263,3D01ST,3D0206,True,PRELIMINAR
B70032,20301837896,LOS PORTALES S.A.,2010,EMPRESAS EMISORAS,DIVERSOS,,Anual Individual,Anual,Soles,M todo Directo,529517,372939,156578,255250,36213,-19490,-11369,-30859,3D01ST,3D0206,True,PRELIMINAR
B40008,20331898008,LUZ DEL SUR S.A.A.,2010,EMPRESAS EMISORAS,SERVICIOS PUBLICOS,,Anual Individual,Anual,Soles,M todo Directo,2342832,1175440,1167392,1693925,291030,353895,-116498,237397,3D01ST,3D0206,False,PRELIMINAR
B30134,20100074371,MANUFACTURA DE METALES Y ALUMINIO RECORD S.A. EN LIQUIDACION,2010,EMPRESAS EMISORAS,INDUSTRIALES,,Anual Individual,Anual,Soles,M todo Indirecto,54798,17059,37739,50400,2352,,-823,,,3D0206,False,INCOMPLETO
CS0004,20418896915,MAPFRE PERU COMPAÑIA DE SEGUROS Y REASEGUROS,2010,EMPRESAS EMISORAS,SEGUROS,,Anual Individual,Anual,Soles,M todo Indirecto,556182,479405,76777,138573,18152,69460,-1495,67965,3E0301,3E0405,False,PRELIMINAR
B80122,20202380621,MAPFRE PERU COMPAÑIA DE SEGUROS Y REASEGUROS (SOCIEDAD ABSORBIDA),2010,EMPRESAS EMISORAS,SEGUROS,,Anual Individual,Anual,Soles,M todo Indirecto,561196,432043,129153,475539,24575,103176,-35273,67903,3E0301,3E0405,False,PRELIMINAR
002684,20160286068,MAQUINARIAS S.A.,2010,EMPRESAS EMISORAS,DIVERSOS,,Anual Individual,Anual,Soles,M todo Directo,286032,172567,113465,639558,19870,-28378,-15632,-44010,3D01ST,3D0206,True,PRELIMINAR
B20030,20100037841,MARMOLES Y GRANITOS S.A.,2010,EMPRESAS EMISORAS,MINERAS,,Anual Individual,Anual,Soles,M todo Directo,18396,12556,5840,3558,-167,-44,-5,-49,3D01ST,3D0206,False,PRELIMINAR
CB0001,20382036655,MIBANCO BANCO DE LA MICROEMPRESA S.A.,2010,EMPRESAS EMISORAS,BANCOS,,Anual Individual,Anual,Soles,M todo Indirecto,4457032,4066900,390132,936828,97143,-387752,,,3F0501,,False,INCOMPLETO
TI0003,20100192650,MICHELL Y CIA. S.A.,2010,EMPRESAS EMISORAS,INDUSTRIALES,,Anual Individual,Anual,Soles,M todo Directo,201926,88678,113248,170672,13314,9136,-6119,3017,3D01ST,3D0206,True,PRELIMINAR
CM0002,20338426781,MINERA ANDINA DE EXPLORACIONES S.A.A.,2010,EMPRESAS EMISORAS,MINERAS,,Anual Individual,Anual,Soles,M todo Directo,5883,916,4967,4922,1786,-258,-103,-361,3D01ST,3D0206,True,PRELIMINAR
002728,20209133394,MINERA BARRICK MISQUICHILCA SA,2010,EMPRESAS EMISORAS,MINERAS,,Anual Individual,Anual,D lares,M todo Indirecto,3529080,560877,2968203,1199966,621317,,-48132,,,3D0206,True,INCOMPLETO
A20032,20100136741,MINSUR S.A.,2010,EMPRESAS EMISORAS,MINERAS,,Anual Individual,Anual,Soles,M todo Directo,5138504,366408,4772096,2349124,1050008,1308852,-113438,1195414,3D01ST,3D0206,True,PRELIMINAR
BF0001,20375361991,MITSUI AUTO FINANCE PERU S.A.,2010,EMPRESAS EMISORAS,FINANCIERAS,,Anual Individual,Anual,Soles,M todo Indirecto,48950,32323,16627,7744,575,3140,,,3F0501,,False,INCOMPLETO
J00188,20100182263,MONTANA S A,2010,EMPRESAS EMISORAS,DIVERSOS,,Anual Individual,Anual,Soles,M todo Directo,243046,162108,80938,356573,19171,-19090,-5636,-24726,3D01ST,3D0206,False,PRELIMINAR
TI0001,20417926632,MOTORES DIESEL ANDINOS S.A.,2010,EMPRESAS EMISORAS,INDUSTRIALES,,Anual Individual,Anual,Soles,M todo Directo,246833,114062,132771,537864,58912,-7971,-7930,-15901,3D01ST,3D0206,True,PRELIMINAR
B11076,20113704463,NEGOCIACION AGRICOLA VISTA ALEGRE S.A.,2010,EMPRESAS EMISORAS,AGRICOLAS,,Anual Individual,Anual,Soles,M todo Directo,3169,1434,1735,0,866,-4,0,-4,3D01ST,3D0206,False,PRELIMINAR
B80136,20100007852,NEGOCIOS E INMUEBLES S.A.,2010,EMPRESAS EMISORAS,DIVERSOS,,Anual Individual,Anual,Soles,M todo Indirecto,209429,18983,190446,2852,24779,,-138,,,3D0206,False,INCOMPLETO
CM0007,20100123500,NEXA RESOURCES ATACOCHA S.A.A.,2010,EMPRESAS EMISORAS,MINERAS,,Anual Individual,Anual,D lares,M todo Directo,249775,108920,140855,123127,22758,57923,-15936,41987,3D01ST,3D0206,True,PRELIMINAR
B20010,20100110513,NEXA RESOURCES PERU S.A.A.,2010,EMPRESAS EMISORAS,MINERAS,,Anual Individual,Anual,D lares,M todo Directo,735558,189546,546012,382354,129651,186729,-30617,156112,3D01ST,3D0206,True,PRELIMINAR
023154,20338646802,ORAZUL ENERGY EGENOR SOCIEDAD EN COMANDITA POR ACCIONES,2010,EMPRESAS EMISORAS,SERVICIOS PUBLICOS,,Anual Individual,Anual,Soles,M todo Directo,1431242,665322,765920,311523,67354,99525,-8023,91502,3D01ST,3D0206,False,PRELIMINAR
B40009,20330791412,ORYGEN PERU S.A.A.,2010,EMPRESAS EMISORAS,SERVICIOS PUBLICOS,,Anual Individual,Anual,Soles,M todo Directo,4282687,1978907,2303780,1036319,206140,326883,0,326883,3D01ST,3D0206,True,PRELIMINAR
B60055,20332970411,PACIFICO COMPAÑIA DE SEGUROS Y REASEGUROS,2010,EMPRESAS EMISORAS,SEGUROS,,Anual Individual,Anual,Soles,M todo Indirecto,2896581,2442796,453785,446305,81676,427445,-4750,422695,3E0301,3E0405,False,PRELIMINAR
B50003,20118206208,PERU HOLDING DE TURISMO S.A.A.,2010,EMPRESAS EMISORAS,DIVERSOS,,Anual Individual,Anual,Soles,M todo Directo,196744,14546,182198,107,104,447,0,447,3D01ST,3D0206,False,PRELIMINAR
OE4139,20506342563,PERU LNG S.R.L.,2010,EMPRESAS EMISORAS,DIVERSOS,,Anual Individual,Anual,D lares,M todo Directo,3742738,3612994,129744,288213,-94959,-47271,0,-47271,3D01ST,3D0206,True,PRELIMINAR
002927,20338352728,PERUANA DE ENERGIA S.A.A.,2010,EMPRESAS EMISORAS,SERVICIOS PUBLICOS,,Anual Individual,Anual,Soles,M todo Directo,50612,5025,45587,0,2976,-1440,-4,-1444,3D01ST,3D0206,True,PRELIMINAR
B20023,20100136237,PERUBAR S.A.,2010,EMPRESAS EMISORAS,MINERAS,,Anual Individual,Anual,D lares,M todo Directo,62750,3018,59732,9280,6301,946,-2280,-1334,3D01ST,3D0206,False,PRELIMINAR
CI0012,20380336384,PESQUERA EXALMAR S.A.A.,2010,EMPRESAS EMISORAS,INDUSTRIALES,,Anual Individual,Anual,D lares,M todo Directo,316225,109551,206674,182992,17418,43622,-9000,34622,3D01ST,3D0206,True,PRELIMINAR
J00171,20100128218,PETROLEOS DEL PERU - PETROPERU S.A.,2010,EMPRESAS EMISORAS,INDUSTRIALES,,Anual Individual,Anual,Soles,M todo Directo,4352092,2950277,1401815,9982802,299496,-180937,-191210,-372147,3D01ST,3D0206,True,PRELIMINAR
OE2008,20510889135,PLUSPETROL CAMISEA S.A.,2010,EMPRESAS EMISORAS,DIVERSOS,,Anual Individual,Anual,D lares,M todo Indirecto,465514,327912,137602,360448,127565,,0,,,3D0206,False,INCOMPLETO
OE2009,20510888911,PLUSPETROL LOTE 56 S.A.,2010,EMPRESAS EMISORAS,DIVERSOS,,Anual Individual,Anual,D lares,M todo Indirecto,301838,203729,98109,242097,72144,,0,,,3D0206,False,INCOMPLETO
B40010,20269985900,PLUZ ENERGIA PERU S.A.A.,2010,EMPRESAS EMISORAS,SERVICIOS PUBLICOS,,Anual Individual,Anual,Soles,M todo Directo,2654512,1726216,928296,1712035,191416,346093,-164339,181754,3D01ST,3D0206,False,PRELIMINAR
OE1928,20510398158,PRIMA AFP S.A.,2010,EMPRESAS EMISORAS,A.F.P.,,Anual Individual,Anual,Soles,M todo Directo,750215,223115,527100,251017,64902,65434,-2018,63416,3A01ST,3A0206,False,PRELIMINAR
AFP004,20142829551,PROFUTURO AFP,2010,EMPRESAS EMISORAS,A.F.P.,,Anual Individual,Anual,Soles,M todo Indirecto,234638,73894,160744,153653,32955,47155,-685,46470,3A01ST,3A0206,False,PRELIMINAR
OE3191,20517207331,PROTECTA S.A. COMPAÑIA DE SEGUROS Y REASEGUROS,2010,EMPRESAS EMISORAS,SEGUROS,,Anual Individual,Anual,Soles,M todo Indirecto,80520,58930,21590,38736,-1136,-2139,-210,-2349,3E0301,3E0405,True,PRELIMINAR
B20042,20330791501,QUIMPAC S.A.,2010,EMPRESAS EMISORAS,INDUSTRIALES,,Anual Individual,Anual,Soles,M todo Directo,825764,354492,471272,400929,75466,107018,-25498,81520,3D01ST,3D0206,True,PRELIMINAR
001672,20100039207,RANSA COMERCIAL S.A.C,2010,EMPRESAS EMISORAS,DIVERSOS,,Anual Individual,Anual,Soles,M todo Directo,1302836,232781,1070055,356963,57533,10420,-35197,-24777,3D01ST,3D0206,False,PRELIMINAR
J00123,20378890161,RASH PERU S.A.C.,2010,EMPRESAS EMISORAS,DIVERSOS,,Anual Individual,Anual,Soles,M todo Indirecto,52749,33867,18882,95551,6317,,-3043,,,3D0206,True,INCOMPLETO
B30084,20100026997,RAYON INDUSTRIAL S.A. EN LIQUIDACION,2010,EMPRESAS EMISORAS,INDUSTRIALES,,Anual Individual,Anual,Soles,M todo Directo,997,6,991,0,-400,-4,0,-4,3D01ST,3D0206,False,PRELIMINAR
B30220,20100005566,REACTIVOS NACIONALES S.A. RENASA,2010,EMPRESAS EMISORAS,INDUSTRIALES,,Anual Individual,Anual,Soles,M todo Directo,56028,5561,50467,32546,2479,7718,-1451,6267,3D01ST,3D0206,False,PRELIMINAR
B90002,20100298725,RED BICOLOR DE COMUNICACIONES S.A.A. - RBC TV S.A.A.,2010,EMPRESAS EMISORAS,DIVERSOS,,Anual Individual,Anual,Soles,M todo Directo,6720,805,5915,3661,462,637,0,637,3D01ST,3D0206,False,PRELIMINAR
SP0008,20504645046,RED DE ENERGIA DEL PERU S.A.,2010,EMPRESAS EMISORAS,SERVICIOS PUBLICOS,,Anual Individual,Anual,D lares,M todo Directo,433711,230382,203329,133594,19766,43688,-1630,42058,3D01ST,3D0206,True,PRELIMINAR
OE3927,20505377142,RED VIAL 5 S.A.,2010,EMPRESAS EMISORAS,DIVERSOS,,Anual Individual,Anual,Soles,M todo Directo,175730,85286,90444,70950,20886,44733,-59,44674,3D01ST,3D0206,True,PRELIMINAR
002766,20259829594,REFINERIA LA PAMPILLA S.A.A.,2010,EMPRESAS EMISORAS,INDUSTRIALES,,Anual Individual,Anual,D lares,M todo Directo,902636,631896,270740,3265450,37032,-19530,-208,-19738,3D01ST,3D0206,False,PRELIMINAR
B80037,20100041953,RIMAC SEGUROS Y REASEGUROS,2010,EMPRESAS EMISORAS,SEGUROS,,Anual Individual,Anual,Soles,M todo Indirecto,4647433,3581605,1065828,1712914,212403,744568,-5158,739410,3E0301,3E0405,True,PRELIMINAR
014313,20100128056,SAGA FALABELLA S.A.,2010,EMPRESAS EMISORAS,DIVERSOS,,Anual Individual,Anual,Soles,M todo Directo,976287,567760,408527,1847573,146827,211600,-46227,165373,3D01ST,3D0206,True,PRELIMINAR
000717,20100154308,SAN FERNANDO S.A.,2010,EMPRESAS EMISORAS,INDUSTRIALES,,Anual Individual,Anual,Soles,M todo Directo,769404,295329,474075,1391401,153015,74049,-30221,43828,3D01ST,3D0206,False,PRELIMINAR
B80134,20255993225,SANTANDER CONSUMER BANK S.A.,2010,EMPRESAS EMISORAS,BANCOS,,Anual Individual,Anual,Soles,M todo Indirecto,2618968,2270815,348153,703983,85214,335382,,,3F0501,,False,INCOMPLETO
B80012,20100043140,SCOTIABANK PERU S.A.A.,2010,EMPRESAS EMISORAS,BANCOS,,Anual Individual,Anual,Soles,M todo Indirecto,27302105,23854920,3447185,1779542,680197,982298,,,3F0501,,False,INCOMPLETO
CS0005,20463627488,SEGUROS SURA,2010,EMPRESAS EMISORAS,SEGUROS,,Anual Individual,Anual,Soles,M todo Indirecto,2550570,2313460,237110,149196,32524,394016,-710,393306,3E0301,3E0405,False,PRELIMINAR
SP0012,20100152356,SERVICIO DE AGUA POTABLE Y ALCANTARILLADO - SEDAPAL,2010,EMPRESAS EMISORAS,SERVICIOS PUBLICOS,,Anual Individual,Anual,Soles,M todo Directo,6543670,2822647,3721023,1113286,59511,340911,-410769,-69858,3D01ST,3D0206,False,PRELIMINAR
SP0002,20325493811,SHOUGANG GENERACION ELECTRICA S.A.A.,2010,EMPRESAS EMISORAS,SERVICIOS PUBLICOS,,Anual Individual,Anual,Soles,M todo Directo,103144,16087,87057,75561,5204,19177,0,19177,3D01ST,3D0206,True,PRELIMINAR
CM0004,20100142989,SHOUGANG HIERRO PERU S.A.A.,2010,EMPRESAS EMISORAS,MINERAS,,Anual Individual,Anual,Soles,M todo Indirecto,2309600,1290675,1018925,1949587,818483,,-156823,,,3D0206,True,INCOMPLETO
SP0010,20100188628,SOCIEDAD ELECTRICA DEL SUR OESTE S.A. - SEAL,2010,EMPRESAS EMISORAS,SERVICIOS PUBLICOS,,Anual Individual,Anual,Soles,M todo Directo,347027,82967,264060,248985,25258,37944,-24787,13157,3D01ST,3D0206,False,PRELIMINAR
B30143,20100113539,SOCIEDAD INDUSTRIAL DE ARTICULOS DE METAL S.A.C. - SIAM EN LIQUIDACION,2010,EMPRESAS EMISORAS,INDUSTRIALES,,Anual Individual,Anual,Soles,M todo Indirecto,11269,3390,7879,14458,786,,-103,,,3D0206,True,INCOMPLETO
CM0006,20170072465,SOCIEDAD MINERA CERRO VERDE S.A.A.,2010,EMPRESAS EMISORAS,MINERAS,,Anual Individual,Anual,D lares,M todo Indirecto,2285165,734648,1550517,2368988,1054423,,-122256,,,3D0206,False,INCOMPLETO
002597,20217427593,SOCIEDAD MINERA CORONA S.A.,2010,EMPRESAS EMISORAS,MINERAS,,Anual Individual,Anual,D lares,M todo Indirecto,121911,51677,70234,128640,46300,,-3365,,,3D0206,True,INCOMPLETO
B20026,20100017572,SOCIEDAD MINERA EL BROCAL S.A.A.,2010,EMPRESAS EMISORAS,MINERAS,,Anual Individual,Anual,D lares,M todo Indirecto,438622,105659,332963,219193,71660,,-13608,,,3D0206,False,INCOMPLETO
B80013,20100161771,SOLUCION EMPRESA ADMINISTRADORA HIPOTECARIA S.A.,2010,EMPRESAS EMISORAS,DIVERSOS,,Anual Individual,Anual,Soles,M todo Indirecto,245261,214660,30601,11306,5098,16597,,,3F0501,,False,INCOMPLETO
CP0009,20292928841,SOUTHERN CONE POWER PERU S.A.,2010,EMPRESAS EMISORAS,DIVERSOS,,Anual Individual,Anual,D lares,M todo Directo,184513,16582,167931,0,16192,15821,0,15821,3D01ST,3D0206,False,PRELIMINAR
B20027,20100147514,"SOUTHERN PERU COPPER CORPORATION, SUCURSAL DEL PERU",2010,EMPRESAS EMISORAS,MINERAS,,Anual Individual,Anual,D lares,M todo Indirecto,2970425,852347,2118078,3153534,1207969,,-259998,,,3D0206,False,INCOMPLETO
000432,20100070970,SUPERMERCADOS PERUANOS S.A.,2010,EMPRESAS EMISORAS,DIVERSOS,,Anual Individual,Anual,Soles,M todo Directo,1435049,1030234,404815,2398530,53235,158002,-168962,-10960,3D01ST,3D0206,True,PRELIMINAR
B70020,20100177774,TELEFONICA MOVILES S.A.,2010,EMPRESAS EMISORAS,SERVICIOS PUBLICOS,,Anual Individual,Anual,Soles,M todo Directo,3384293,2465678,918615,3787835,703852,1292728,-661323,631405,3D01ST,3D0206,True,PRELIMINAR
B30232,20100168350,TEXTIL SAN CRISTOBAL S.A. - EN LIQUIDACION,2010,EMPRESAS EMISORAS,INDUSTRIALES,,Anual Individual,Anual,Soles,M todo Directo,157423,146349,11074,144002,-2286,-13953,-575,-14528,3D01ST,3D0206,False,PRELIMINAR
B30149,20100183588,TICINO DEL PERU S A,2010,EMPRESAS EMISORAS,INDUSTRIALES,,Anual Individual,Anual,Soles,M todo Directo,70062,12228,57834,74989,9327,8001,-93,7908,3D01ST,3D0206,False,PRELIMINAR
OE3895,20112273922,TIENDAS DEL MEJORAMIENTO DEL HOGAR S.A.,2010,EMPRESAS EMISORAS,DIVERSOS,,Anual Individual,Anual,Soles,M todo Indirecto,378419,256985,121434,797629,29392,,-70608,,,3D0206,True,INCOMPLETO
OE2701,20331429601,TOTAL ARTEFACTOS S.A.,2010,EMPRESAS EMISORAS,DIVERSOS,,Anual Individual,Anual,Soles,M todo Directo,282946,229909,53037,545375,5900,9636,-16141,-6505,3D01ST,3D0206,True,PRELIMINAR
CF0001,20377892918,TOTAL SERVICIOS FINANCIEROS EMPRESA DE CREDITOS,2010,EMPRESAS EMISORAS,FINANCIERAS,,Anual Individual,Anual,Soles,M todo Indirecto,87420,71899,15521,13359,763,3024,,,3F0501,,False,INCOMPLETO
CD0009,20468451451,TRANSACCIONES FINANCIERAS S.A.,2010,EMPRESAS EMISORAS,DIVERSOS,,Anual Individual,Anual,Soles,M todo Indirecto,39770,4443,35327,0,4095,,0,,,3D0206,False,INCOMPLETO
CI0009,20499432021,TRANSPORTADORA DE GAS DEL PERU S.A.,2010,EMPRESAS EMISORAS,SERVICIOS PUBLICOS,,Anual Individual,Anual,D lares,M todo Indirecto,1749137,1372037,377100,353527,74728,,-223611,,,3D0206,True,INCOMPLETO
B30121,20100137390,UNACEM CORP SOCIEDAD ANONIMA ABIERTA - UNACEM CORP S.A.A.,2010,EMPRESAS EMISORAS,DIVERSOS,,Anual Individual,Anual,Soles,M todo Directo,2928393,1695948,1232445,1092370,177782,328031,-53175,274856,3D01ST,3D0206,True,PRELIMINAR
B30021,20100113610,UNION DE CERVECERIAS PERUANAS BACKUS Y JOHNSTON S.A.A.,2010,EMPRESAS EMISORAS,INDUSTRIALES,,Anual Individual,Anual,Soles,M todo Directo,3112686,1277219,1835467,2676723,519243,827368,-228408,598960,3D01ST,3D0206,False,PRELIMINAR
OE0032,20138149022,UNIVERSIDAD DE SAN MARTIN DE PORRES,2010,EMPRESAS EMISORAS,DIVERSOS,,Anual Individual,Anual,Soles,M todo Indirecto,573842,123957,449885,350912,26523,,-72726,,,3D0206,False,INCOMPLETO
CM0001,20383045267,VOLCAN COMPAÑIA MINERA S.A.A.,2010,EMPRESAS EMISORAS,MINERAS,,Anual Individual,Anual,D lares,M todo Directo,1619399,540225,1079174,680891,275859,273399,-60467,212932,3D01ST,3D0206,True,PRELIMINAR
000981,20100193117,YARA PERU S.R.L.,2010,EMPRESAS EMISORAS,INDUSTRIALES,,Anual Individual,Anual,Soles,M todo Directo,247580,137978,109602,436316,19512,928,-3189,-2261,3D01ST,3D0206,True,PRELIMINAR
023490,20312372895,YURA S.A.,2010,EMPRESAS EMISORAS,INDUSTRIALES,,Anual Individual,Anual,Soles,M todo Directo,1153151,468490,684661,583829,149163,175082,-288342,-113260,3D01ST,3D0206,True,PRELIMINAR
B30150,20100022142,ABB S.A.,2011,EMPRESAS EMISORAS,INDUSTRIALES,,Anual Individual,Anual,Soles,M todo Directo,269373,184069,85304,405925,12879,2390,-5367,-2977,3D01ST,3D0206,False,PRELIMINAR
020045,20260172035,ACTIVO INMOBILIARIO PERUANO S.A.A. (ANTES FALABELLA PERU S.A.A.),2011,EMPRESAS EMISORAS,DIVERSOS,,Anual Individual,Anual,Soles,M todo Directo,1518376,2538,1515838,0,155446,65646,0,65646,3D01ST,3D0206,True,PRELIMINAR
B80018,20100047307,ADMINISTRADORA DEL COMERCIO S.A. EN LIQUIDACION,2011,EMPRESAS EMISORAS,DIVERSOS,,Anual Individual,Anual,Soles,M todo Directo,62371,39554,22817,16109,9215,10335,0,10335,3D01ST,3D0206,True,PRELIMINAR
023106,20332600592,AENZA S.A.A.,2011,EMPRESAS EMISORAS,DIVERSOS,,Anual Individual,Anual,Soles,M todo Indirecto,1013153,103793,909360,39435,124948,,-6373,,,3D0206,False,INCOMPLETO
AFP005,20143980821,AFP HORIZONTE S.A.,2011,EMPRESAS EMISORAS,A.F.P.,,Anual Individual,Anual,Soles,M todo Directo,281008,62169,218839,241572,90663,86186,-2160,84026,3A01ST,3A0206,False,PRELIMINAR
AFP002,20157036794,AFP INTEGRA,2011,EMPRESAS EMISORAS,A.F.P.,,Anual Individual,Anual,Soles,M todo Directo,350157,74431,275726,264007,86504,100748,-1913,98835,3A01ST,3A0206,False,PRELIMINAR
B11073,20164042686,AGRICOLA CAYALTI SOCIEDAD ANONIMA ABIERTA,2011,EMPRESAS EMISORAS,AGRICOLAS,,Anual Individual,Anual,Soles,M todo Directo,211019,172940,38079,25805,-1745,-8887,-104,-8991,3D01ST,3D0206,False,PRELIMINAR
B11067,20135948641,AGRO INDUSTRIAL PARAMONGA S.A.,2011,EMPRESAS EMISORAS,AGRICOLAS,,Anual Individual,Anual,Soles,M todo Indirecto,843457,247370,596087,265760,93032,,-25991,,,3D0206,False,INCOMPLETO
B08363,20132377783,AGROINDUSTRIAL LAREDO S.A.A.,2011,EMPRESAS EMISORAS,AGRICOLAS,,Anual Individual,Anual,Soles,M todo Directo,749610,227797,521813,268245,58751,33194,-7818,25376,3D01ST,3D0206,True,PRELIMINAR
OE4115,20104420282,AGROINDUSTRIAS AIB S.A.,2011,EMPRESAS EMISORAS,INDUSTRIALES,,Anual Individual,Anual,Soles,M todo Directo,217266,89294,127972,139561,5704,20068,-8921,11147,3D01ST,3D0206,True,PRELIMINAR
B11068,20116225779,AGROINDUSTRIAS SAN JACINTO S.A.A.,2011,EMPRESAS EMISORAS,AGRICOLAS,,Anual Individual,Anual,Soles,M todo Directo,490882,190713,300169,164855,99990,25635,-21122,4513,3D01ST,3D0206,False,PRELIMINAR
OE3203,20517476405,ALFIN BANCO S.A.,2011,EMPRESAS EMISORAS,BANCOS,,Anual Individual,Anual,Soles,M todo Indirecto,467257,396986,70271,236253,16057,74605,,,3F0501,,False,INCOMPLETO
B30006,20100055237,ALICORP S.A.A.,2011,EMPRESAS EMISORAS,INDUSTRIALES,,Anual Individual,Anual,Soles,M todo Directo,2833348,941194,1892154,3687483,322510,194604,-370,194234,3D01ST,3D0206,True,PRELIMINAR
OE4262,20118475284,AMERAL S.A. (ANTES AMERAL S.A.A.),2011,EMPRESAS EMISORAS,INDUSTRIALES,,Anual Individual,Anual,Soles,M todo Directo,86619,25799,60820,59691,402,418,-4520,-4102,3D01ST,3D0206,True,PRELIMINAR
B60053,20265391886,AMERIKA FINANCIERA S.A. EN LIQUIDACION,2011,EMPRESAS EMISORAS,FINANCIERAS,,Anual Individual,Anual,Soles,M todo Indirecto,573902,488143,85759,46074,1542,675,,,3F0501,,False,INCOMPLETO
J40120,20511230188,ANDINO INVESTMENT HOLDING S.A.A.,2011,EMPRESAS EMISORAS,DIVERSOS,,Anual Individual,Anual,Soles,M todo Indirecto,157118,45357,111761,5737,11047,,0,,,3D0206,True,INCOMPLETO
CI0006,20338054115,AUSTRAL GROUP S.A.A.,2011,EMPRESAS EMISORAS,INDUSTRIALES,,Anual Individual,Anual,Soles,M todo Directo,1114907,477313,637594,753642,92254,38683,-28947,9736,3D01ST,3D0206,True,PRELIMINAR
B80004,20100130204,BANCO BBVA PERU,2011,EMPRESAS EMISORAS,BANCOS,,Anual Individual,Anual,Soles,M todo Indirecto,42254373,38549534,3704839,3154913,1128963,1119299,,,3F0501,,False,INCOMPLETO
CF0004,20509507199,BANCO DE COMERCIO,2011,EMPRESAS EMISORAS,BANCOS,,Anual Individual,Anual,Soles,M todo Indirecto,1618950,1476780,142170,190235,16582,27913,,,3F0501,,True,INCOMPLETO
B80005,20100047218,BANCO DE CREDITO DEL PERU,2011,EMPRESAS EMISORAS,BANCOS,,Anual Individual,Anual,Soles,M todo Indirecto,68131178,61835525,6295653,4846153,1438994,1937403,,,3F0501,,False,INCOMPLETO
OE2254,20441805960,BANCO EFECTIVA S.A. (ANTES FINANCIERA EFECTIVA S.A.),2011,EMPRESAS EMISORAS,BANCOS,,Anual Individual,Anual,Soles,M todo Indirecto,182410,141432,40978,84607,13420,46233,,,3F0501,,True,INCOMPLETO
B80144,20330401991,BANCO FALABELLA PERU S.A.,2011,EMPRESAS EMISORAS,BANCOS,,Anual Individual,Anual,Soles,M todo Indirecto,2296151,1863083,433068,593180,104779,249101,,,3F0501,,True,INCOMPLETO
OE2271,20513074370,BANCO GNB PERU S.A.,2011,EMPRESAS EMISORAS,BANCOS,,Anual Individual,Anual,Soles,M todo Indirecto,3387145,3106069,281076,300121,-53386,-59349,,,3F0501,,False,INCOMPLETO
B80123,20101036813,BANCO INTERAMERICANO DE FINANZAS,2011,EMPRESAS EMISORAS,BANCOS,,Anual Individual,Anual,Soles,M todo Indirecto,5293534,4906584,386950,333738,66777,102044,,,3F0501,,False,INCOMPLETO
B80020,20100053455,BANCO INTERNACIONAL DEL PERU S.A.A. - INTERBANK,2011,EMPRESAS EMISORAS,BANCOS,,Anual Individual,Anual,Soles,M todo Indirecto,19997763,18042205,1955558,2095580,540928,987559,,,3F0501,,False,INCOMPLETO
B80009,20100105862,BANCO PICHINCHA,2011,EMPRESAS EMISORAS,BANCOS,,Anual Individual,Anual,Soles,M todo Indirecto,4502572,4123051,379521,457822,33842,147103,,,3F0501,,False,INCOMPLETO
B80141,20259702411,BANCO RIPLEY PERU S.A.,2011,EMPRESAS EMISORAS,BANCOS,,Anual Individual,Anual,Soles,M todo Indirecto,1218915,941374,277541,381711,52818,176704,,,3F0501,,False,INCOMPLETO
OE3056,20516711559,BANCO SANTANDER PERU S.A.,2011,EMPRESAS EMISORAS,BANCOS,,Anual Individual,Anual,Soles,M todo Indirecto,2285710,2132139,153571,83437,14241,-2515,,,3F0501,,False,INCOMPLETO
B30079,20100096341,BAYER S.A.,2011,EMPRESAS EMISORAS,DIVERSOS,,Anual Individual,Anual,Soles,M todo Directo,260328,50843,209485,311871,29713,31209,-1922,29287,3D01ST,3D0206,False,PRELIMINAR
OE4837,20513328819,BNP PARIBAS CARDIF S.A. COMPAÑIA DE SEGUROS Y REASEGUROS,2011,EMPRESAS EMISORAS,SEGUROS,,Anual Individual,Anual,Soles,M todo Indirecto,114222,70915,43307,79757,-3168,8635,-669,7966,3E0301,3E0405,True,PRELIMINAR
B30031,20100124492,BRITISH AMERICAN TOBACCO DEL PERU HOLDINGS S.A.,2011,EMPRESAS EMISORAS,INDUSTRIALES,,Anual Individual,Anual,Soles,M todo Directo,83688,70212,13476,304729,46046,44734,-1324,43410,3D01ST,3D0206,False,PRELIMINAR
J00124,20100209641,CAJA MUNICIPAL DE AHORRO Y CREDITO DE AREQUIPA S.A.,2011,EMPRESAS EMISORAS,FINANCIERAS,,Anual Individual,Anual,Soles,M todo Indirecto,2310133,2003233,306900,428229,67328,130600,,,3F0501,,False,INCOMPLETO
J40137,20130200789,CAJA MUNICIPAL DE AHORRO Y CREDITO DE HUANCAYO S.A.,2011,EMPRESAS EMISORAS,FINANCIERAS,,Anual Individual,Anual,Soles,M todo Indirecto,1014887,851811,163076,189149,29552,61369,,,3F0501,,True,INCOMPLETO
B11082,20131867744,CARTAVIO SOCIEDAD ANONIMA ABIERTA,2011,EMPRESAS EMISORAS,AGRICOLAS,,Anual Individual,Anual,Soles,M todo Directo,673490,227715,445775,401718,113742,107011,-1814,105197,3D01ST,3D0206,True,PRELIMINAR
B08361,20131823020,CASA GRANDE SOCIEDAD ANONIMA ABIERTA,2011,EMPRESAS EMISORAS,AGRICOLAS,,Anual Individual,Anual,Soles,M todo Directo,1716515,499394,1217121,583390,310859,228204,-126561,101643,3D01ST,3D0206,True,PRELIMINAR
B20001,20100163048,CASTROVIRREYNA COMPAÑIA MINERA S.A. EN LIQUIDACION,2011,EMPRESAS EMISORAS,MINERAS,,Anual Individual,Anual,D lares,M todo Directo,59015,44570,14445,32495,2822,9932,-5151,4781,3D01ST,3D0206,True,PRELIMINAR
OE0524,20129497077,CEMENTO ANDINO S.A.,2011,EMPRESAS EMISORAS,INDUSTRIALES,,Anual Individual,Anual,Soles,M todo Directo,1812909,754110,1058799,445039,87116,94782,-16115,78667,3D01ST,3D0206,False,PRELIMINAR
CD0005,20419387658,CEMENTOS PACASMAYO S.A.A.,2011,EMPRESAS EMISORAS,INDUSTRIALES,,Anual Individual,Anual,Soles,M todo Directo,1696688,769162,927526,656659,163063,79421,-108105,-28684,3D01ST,3D0206,False,PRELIMINAR
OE4206,20517905454,CENCOSUD PERU S.A.,2011,EMPRESAS EMISORAS,DIVERSOS,,Anual Individual,Anual,Soles,M todo Directo,2402971,733599,1669372,128914,9415,-72762,-6804,-79566,3D01ST,3D0206,False,PRELIMINAR
019094,20129854953,CENTRAL AZUCARERA CHUCARAPI-PAMPA BLANCA S.A.,2011,EMPRESAS EMISORAS,AGRICOLAS,,Anual Individual,Anual,Soles,M todo Directo,104401,35952,68449,4009,-393,18068,-2689,15379,3D01ST,3D0206,False,PRELIMINAR
B30023,20128915711,CERVECERIA SAN JUAN S.A.,2011,EMPRESAS EMISORAS,INDUSTRIALES,,Anual Individual,Anual,Soles,M todo Indirecto,276771,134920,141851,391734,53123,,0,,,3D0206,True,INCOMPLETO
CS0007,20109068498,CESCE PERU S.A. COMPAÑIA DE SEGUROS,2011,EMPRESAS EMISORAS,SEGUROS,,Anual Individual,Anual,Soles,M todo Indirecto,36686,11465,25221,23775,3739,3727,-25,3702,3E0301,3E0405,False,PRELIMINAR
CD0001,20390863871,CFI HOLDINGS S.A.,2011,EMPRESAS EMISORAS,DIVERSOS,,Anual Individual,Anual,Soles,M todo Directo,197145,1321,195824,0,5653,-6364,-454,-6818,3D01ST,3D0206,False,PRELIMINAR
OE4060,20518723040,CHINANGO S.A.C.,2011,EMPRESAS EMISORAS,SERVICIOS PUBLICOS,,Anual Individual,Anual,Soles,M todo Directo,638630,336264,302366,147900,46589,83743,0,83743,3D01ST,3D0206,False,PRELIMINAR
CS0003,20390625007,CHUBB PERU S.A. COMPAÑIA DE SEGUROS Y REASEGUROS,2011,EMPRESAS EMISORAS,SEGUROS,,Anual Individual,Anual,Soles,M todo Indirecto,99523,57014,42509,91081,2232,21435,-281,21154,3E0301,3E0405,True,PRELIMINAR
CB0002,20100116635,CITIBANK DEL PERU S.A.,2011,EMPRESAS EMISORAS,BANCOS,,Anual Individual,Anual,Soles,M todo Indirecto,4912058,4322789,589269,388325,57671,128477,,,3F0501,,True,INCOMPLETO
OE4908,20100020361,COMERCIAL DEL ACERO S.A.C.,2011,EMPRESAS EMISORAS,DIVERSOS,,Anual Individual,Anual,Soles,M todo Directo,321498,139433,182065,456160,21982,39107,-5669,33438,3D01ST,3D0206,False,PRELIMINAR
B20003,20100079501,COMPAÑIA DE MINAS BUENAVENTURA S.A.A.,2011,EMPRESAS EMISORAS,MINERAS,,Anual Individual,Anual,D lares,M todo Directo,2847420,247817,2599603,1189724,421336,414625,0,414625,3D01ST,3D0206,True,PRELIMINAR
B30098,20100012856,COMPAÑIA GOODYEAR DEL PERU S.A.,2011,EMPRESAS EMISORAS,INDUSTRIALES,,Anual Individual,Anual,Soles,M todo Directo,472940,110020,362920,455829,30844,-4242,0,-4242,3D01ST,3D0206,True,PRELIMINAR
B20041,20137025354,COMPAÑIA MINERA PODEROSA S.A.A.,2011,EMPRESAS EMISORAS,MINERAS,,Anual Individual,Anual,Soles,M todo Indirecto,504944,183397,321547,488239,101509,,-35926,,,3D0206,False,INCOMPLETO
B20012,20100163552,COMPAÑIA MINERA RAURA S.A.,2011,EMPRESAS EMISORAS,MINERAS,,Anual Individual,Anual,D lares,M todo Directo,91276,32843,58433,107738,15729,27641,-6793,20848,3D01ST,3D0206,False,PRELIMINAR
B20013,20100177421,COMPAÑIA MINERA SAN IGNACIO DE MOROCOCHA S.A.A.,2011,EMPRESAS EMISORAS,MINERAS,,Anual Individual,Anual,Soles,M todo Indirecto,250417,99097,151320,91318,-14688,,-10274,,,3D0206,True,INCOMPLETO
B20016,20100120314,COMPAÑIA MINERA SANTA LUISA S.A.,2011,EMPRESAS EMISORAS,MINERAS,,Anual Individual,Anual,Soles,M todo Directo,331375,82730,248645,253443,59700,89734,-22609,67125,3D01ST,3D0206,False,PRELIMINAR
CI0005,20100562848,COMPAÑIA UNIVERSAL TEXTIL S.A. EN LIQUIDACION,2011,EMPRESAS EMISORAS,INDUSTRIALES,,Anual Individual,Anual,Soles,M todo Directo,215931,63415,152516,85266,2118,-1186,-5155,-6341,3D01ST,3D0206,True,PRELIMINAR
OE4501,20369155360,COMPARTAMOS BANCO S.A.,2011,EMPRESAS EMISORAS,BANCOS,,Anual Individual,Anual,Soles,M todo Indirecto,548222,474156,74066,140818,22366,24567,,,3F0501,,False,INCOMPLETO
OE3212,20509093521,CONCESIONARIA TRASVASE OLMOS S.A.,2011,EMPRESAS EMISORAS,DIVERSOS,,Anual Individual,Anual,D lares,M todo Indirecto,273620,261827,11793,0,-2804,,0,,,3D0206,False,INCOMPLETO
CD0020,20141189850,CONECTA RETAIL S.A.,2011,EMPRESAS EMISORAS,DIVERSOS,,Anual Individual,Anual,Soles,M todo Directo,156339,101661,54678,470964,20095,1090,-2992,-1902,3D01ST,3D0206,False,PRELIMINAR
OE3734,20491854481,CONSERVERA DE LAS AMERICAS S.A.,2011,EMPRESAS EMISORAS,INDUSTRIALES,,Anual Individual,Anual,Soles,M todo Directo,76005,25340,50665,46278,2935,36365,-3190,33175,3D01ST,3D0206,False,PRELIMINAR
CD0012,20465261634,CONSORCIO AGUA AZUL S.A.,2011,EMPRESAS EMISORAS,SERVICIOS PUBLICOS,,Anual Individual,Anual,Soles,M todo Directo,139306,48527,90779,36795,11663,14510,-172,14338,3D01ST,3D0206,True,PRELIMINAR
OE3557,20518410858,CONSORCIO CEMENTERO DEL SUR S.A.,2011,EMPRESAS EMISORAS,DIVERSOS,,Anual Individual,Anual,Soles,M todo Directo,627182,270885,356297,0,98528,-1442,0,-1442,3D01ST,3D0206,False,PRELIMINAR
000683,20100195080,CONSORCIO INDUSTRIAL DE AREQUIPA SA,2011,EMPRESAS EMISORAS,INDUSTRIALES,,Anual Individual,Anual,Soles,M todo Directo,73277,13386,59891,56193,7017,7913,-1224,6689,3D01ST,3D0206,False,PRELIMINAR
CD0013,20383316473,CONSORCIO TRANSMANTARO S.A.,2011,EMPRESAS EMISORAS,SERVICIOS PUBLICOS,,Anual Individual,Anual,D lares,M todo Directo,619889,364003,255886,231147,17596,-6168,-68,-6236,3D01ST,3D0206,True,PRELIMINAR
B30144,20100019940,CONSTRUCCIONES ELECTROMECANICAS DELCROSA S.A.,2011,EMPRESAS EMISORAS,INDUSTRIALES,,Anual Individual,Anual,Soles,M todo Directo,106265,68166,38099,61700,392,-11567,-1993,-13560,3D01ST,3D0206,True,PRELIMINAR
CI0003,20370146994,CORPORACION ACEROS AREQUIPA S.A.,2011,EMPRESAS EMISORAS,INDUSTRIALES,,Anual Individual,Anual,Soles,M todo Directo,2550643,1289266,1261377,2064760,183874,80405,-53099,27306,3D01ST,3D0206,False,PRELIMINAR
019886,20161636780,CORPORACION CERAMICA S.A.,2011,EMPRESAS EMISORAS,INDUSTRIALES,,Anual Individual,Anual,Soles,M todo Directo,332857,119292,213565,148332,3903,6930,-3058,3872,3D01ST,3D0206,True,PRELIMINAR
B30207,20100228352,CORPORACION CERVESUR S.A.A.,2011,EMPRESAS EMISORAS,DIVERSOS,,Anual Individual,Anual,Soles,M todo Directo,532851,17945,514906,26111,11829,9848,-446,9402,3D01ST,3D0206,False,PRELIMINAR
CF0002,20100116392,CORPORACION FINANCIERA DE DESARROLLO S.A. - COFIDE,2011,EMPRESAS EMISORAS,FINANCIERAS,,Anual Individual,Anual,Soles,M todo Indirecto,5406565,3238955,2167610,276241,72123,146148,,,3F0501,,False,INCOMPLETO
OE1566,20501663256,CORPORACION FUNERARIA S.A.,2011,EMPRESAS EMISORAS,DIVERSOS,,Anual Individual,Anual,Soles,M todo Directo,13201,507,12694,19413,49,1941,-2412,-471,3D01ST,3D0206,True,PRELIMINAR
CI0010,20255322363,CORPORACION MISKI S.A.,2011,EMPRESAS EMISORAS,INDUSTRIALES,,Anual Individual,Anual,D lares,M todo Directo,8984,7879,1105,10481,-1564,-1055,-7,-1062,3D01ST,3D0206,False,PRELIMINAR
B30060,20133530003,CREDITEX S.A.A.,2011,EMPRESAS EMISORAS,INDUSTRIALES,,Anual Individual,Anual,Soles,M todo Directo,485596,109214,376382,284923,39378,1035,-11427,-10392,3D01ST,3D0206,False,PRELIMINAR
OE3694,20517406610,DEUTSCHE BANK (PERU) S.A. EN LIQUIDACION,2011,EMPRESAS EMISORAS,BANCOS,,Anual Individual,Anual,Soles,M todo Indirecto,997843,849166,148677,63281,16068,-217327,,,3F0501,,False,INCOMPLETO
OE2258,20509845167,DIVISO GRUPO FINANCIERO S.A.,2011,EMPRESAS EMISORAS,DIVERSOS,,Anual Individual,Anual,Soles,M todo Indirecto,277003,51540,225463,39412,19900,,0,,,3D0206,True,INCOMPLETO
OE3108,20375312868,EDYFICAR PERU S.A.,2011,EMPRESAS EMISORAS,DIVERSOS,,Anual Individual,Anual,Soles,M todo Indirecto,1588984,1379172,209812,376052,63438,116050,,,3F0501,,True,INCOMPLETO
B80104,20100035392,EL PACIFICO PERUANO-SUIZA CIA DE SEGUROS Y REASEGUROS,2011,EMPRESAS EMISORAS,SEGUROS,,Anual Individual,Anual,Soles,M todo Indirecto,1989221,1010951,978270,981234,128309,-47283,-75953,-123236,3E0301,3E0405,True,PRELIMINAR
B40013,20106156400,ELECTRO DUNAS S.A.A.,2011,EMPRESAS EMISORAS,SERVICIOS PUBLICOS,,Anual Individual,Anual,Soles,M todo Directo,354994,111509,243485,202741,9005,24294,-13300,10994,3D01ST,3D0206,False,PRELIMINAR
B40005,20116544289,ELECTRO SUR ESTE S.A.A.,2011,EMPRESAS EMISORAS,SERVICIOS PUBLICOS,,Anual Individual,Anual,Soles,M todo Directo,616703,94205,522498,199052,16693,38925,-28973,9952,3D01ST,3D0206,False,PRELIMINAR
B11072,20131835621,EMPRESA AGRARIA CHIQUITOY S.A.,2011,EMPRESAS EMISORAS,AGRICOLAS,,Anual Individual,Anual,Soles,M todo Directo,95718,48088,47630,40299,24376,30570,-1229,29341,3D01ST,3D0206,True,PRELIMINAR
B11074,20103272964,EMPRESA AGRICOLA SAN JUAN S.A.,2011,EMPRESAS EMISORAS,AGRICOLAS,,Anual Individual,Anual,Soles,M todo Directo,115630,37114,78516,49039,7325,11717,-4280,7437,3D01ST,3D0206,True,PRELIMINAR
B08358,20133419749,EMPRESA AGRICOLA SINTUCO S.A.,2011,EMPRESAS EMISORAS,AGRICOLAS,,Anual Individual,Anual,Soles,M todo Directo,80624,16664,63960,15464,6959,1334,-1328,6,3D01ST,3D0206,False,PRELIMINAR
B08360,20163898200,EMPRESA AGROINDUSTRIAL POMALCA S.A.A.,2011,EMPRESAS EMISORAS,AGRICOLAS,,Anual Individual,Anual,Soles,M todo Directo,924822,516888,407934,164421,13082,-15611,-7045,-22656,3D01ST,3D0206,False,PRELIMINAR
B11078,20136009614,EMPRESA AGROINDUSTRIAL TUMAN S.A.A.,2011,EMPRESAS EMISORAS,AGRICOLAS,,Anual Individual,Anual,Soles,M todo Directo,899425,500475,398950,160086,-4000,23047,-7639,15408,3D01ST,3D0206,True,PRELIMINAR
017070,20141723601,EMPRESA AZUCARERA EL INGENIO S.A.,2011,EMPRESAS EMISORAS,AGRICOLAS,,Anual Individual,Anual,Soles,M todo Directo,58586,10131,48455,10450,6489,-270,-66,-336,3D01ST,3D0206,False,PRELIMINAR
OE2027,20279889208,EMPRESA DE GENERACION ELECTRICA DEL SUR S.A.,2011,EMPRESAS EMISORAS,SERVICIOS PUBLICOS,,Anual Individual,Anual,Soles,M todo Directo,192756,16169,176587,41446,3740,12573,-584,11989,3D01ST,3D0206,True,PRELIMINAR
SP0009,20262221335,EMPRESA DE GENERACION ELECTRICA SAN GABAN S.A.,2011,EMPRESAS EMISORAS,SERVICIOS PUBLICOS,,Anual Individual,Anual,Soles,M todo Directo,469688,126160,343528,115982,24190,43469,-801,42668,3D01ST,3D0206,True,PRELIMINAR
B30241,20143229816,EMPRESA EDITORA EL COMERCIO S.A.,2011,EMPRESAS EMISORAS,INDUSTRIALES,,Anual Individual,Anual,Soles,M todo Directo,729007,303999,425008,668168,119014,146376,-14118,132258,3D01ST,3D0206,False,PRELIMINAR
CD0022,20100027705,EMPRESA ELECTRICIDAD DEL PERU - ELECTROPERU S.A.,2011,EMPRESAS EMISORAS,SERVICIOS PUBLICOS,,Anual Individual,Anual,Soles,M todo Directo,3401039,383096,3017943,971222,228980,306464,-21545,284919,3D01ST,3D0206,True,PRELIMINAR
B40006,20119205949,EMPRESA REGIONAL DE SERVICIO PUBLICO DE ELECTRICIDAD - ELECTROSUR S.A.,2011,EMPRESAS EMISORAS,SERVICIOS PUBLICOS,,Anual Individual,Anual,Soles,M todo Directo,182399,31644,150755,107539,8783,10876,-1786,9090,3D01ST,3D0206,True,PRELIMINAR
SP0006,20405479592,EMPRESA REGIONAL DE SERVICIO PUBLICO DE ELECTRICIDAD DE PUNO S.A.A. - ELECTROPUNO,2011,EMPRESAS EMISORAS,SERVICIOS PUBLICOS,,Anual Individual,Anual,Soles,M todo Directo,280395,32752,247643,100669,6718,10908,0,10908,3D01ST,3D0206,False,PRELIMINAR
B40002,20132023540,EMPRESA REGIONAL DE SERVICIO PUBLICO DE ELECTRICIDAD ELECTRONORTE MEDIO S.A. - HIDRANDINA,2011,EMPRESAS EMISORAS,SERVICIOS PUBLICOS,,Anual Individual,Anual,Soles,M todo Directo,1237369,332216,905153,474693,39702,109514,-75978,33536,3D01ST,3D0206,True,PRELIMINAR
CM0003,20402885549,EMPRESA SIDERURGICA DEL PERU S.A.A. - SIDERPERU,2011,EMPRESAS EMISORAS,INDUSTRIALES,,Anual Individual,Anual,Soles,M todo Directo,2137873,1082907,1054966,1580290,54749,-190250,-102724,-292974,3D01ST,3D0206,True,PRELIMINAR
003058,20270508163,ENEL GENERACION PIURA S.A.,2011,EMPRESAS EMISORAS,SERVICIOS PUBLICOS,,Anual Individual,Anual,Soles,M todo Directo,444676,252880,191796,329489,84182,77694,-158385,-80691,3D01ST,3D0206,True,PRELIMINAR
OE4860,20543420477,ENERGIA DEL PACIFICO S.A.,2011,EMPRESAS EMISORAS,DIVERSOS,,Anual Individual,Anual,Soles,M todo Directo,235611,15017,220594,0,-61,-2252,0,-2252,3D01ST,3D0206,True,PRELIMINAR
002829,20333363900,ENGIE ENERGIA PERU S.A.A.,2011,EMPRESAS EMISORAS,SERVICIOS PUBLICOS,,Anual Individual,Anual,D lares,M todo Directo,843581,520544,323037,416709,85637,104417,-85058,19359,3D01ST,3D0206,False,PRELIMINAR
B30094,20100094135,EXSA S.A.,2011,EMPRESAS EMISORAS,INDUSTRIALES,,Anual Individual,Anual,Soles,M todo Indirecto,303785,131785,172000,330821,23804,,-25842,,,3D0206,False,INCOMPLETO
B30042,20100020956,FABRICA DE HILADOS Y TEJIDOS SAN MIGUEL S.A. - EN LIQUIDACION,2011,EMPRESAS EMISORAS,INDUSTRIALES,,Anual Individual,Anual,Soles,M todo Directo,1329,8,1321,0,39,-8,0,-8,3D01ST,3D0206,False,PRELIMINAR
B30211,20100165687,FABRICA NACIONAL DE ACUMULADORES ETNA S.A.,2011,EMPRESAS EMISORAS,INDUSTRIALES,,Anual Individual,Anual,Soles,M todo Directo,156193,21030,135163,92876,20397,19795,-1375,18420,3D01ST,3D0206,True,PRELIMINAR
B30122,20100051240,FABRICA PERUANA ETERNIT S.A.,2011,EMPRESAS EMISORAS,INDUSTRIALES,,Anual Individual,Anual,Soles,M todo Directo,209370,65804,143566,158956,17587,26743,-7996,18747,3D01ST,3D0206,False,PRELIMINAR
B60001,20100027292,FERREYCORP S.A.A.,2011,EMPRESAS EMISORAS,DIVERSOS,,Anual Individual,Anual,Soles,M todo Directo,2469783,1515350,954433,2858015,184865,-47043,-69902,-116945,3D01ST,3D0206,True,PRELIMINAR
B30083,20100083010,FILAMENTOS INDUSTRIALES S.A.,2011,EMPRESAS EMISORAS,DIVERSOS,,Anual Individual,Anual,Soles,M todo Indirecto,177539,59468,118071,79574,5388,,-9093,,,3D0206,False,INCOMPLETO
J00177,20401319817,FINANCIERA CONFIANZA S.A.,2011,EMPRESAS EMISORAS,FINANCIERAS,,Anual Individual,Anual,Soles,M todo Indirecto,545409,463165,82244,124775,12942,29359,,,3F0501,,False,INCOMPLETO
OE3205,20228319768,FINANCIERA CONFIANZA S.A.A.,2011,EMPRESAS EMISORAS,FINANCIERAS,,Anual Individual,Anual,Soles,M todo Indirecto,920760,715647,205113,200969,22668,84754,,,3F0501,,True,INCOMPLETO
OE4241,20521308321,FINANCIERA QAPAQ S.A.,2011,EMPRESAS EMISORAS,FINANCIERAS,,Anual Individual,Anual,Soles,M todo Directo,93257,49833,43424,12998,-7555,-5518,,,3F0501,,False,INCOMPLETO
B80145,20337996834,FINANCIERA TFC S.A. EN LIQUIDACION,2011,EMPRESAS EMISORAS,FINANCIERAS,,Anual Individual,Anual,Soles,M todo Indirecto,361551,319921,41630,86935,3291,15803,,,3F0501,,True,INCOMPLETO
OE4159,20523108574,FOSFATOS DEL PACIFICO S.A.,2011,EMPRESAS EMISORAS,MINERAS,,Anual Individual,Anual,Soles,M todo Directo,96241,3801,92440,0,-6882,-13749,-29438,-43187,3D01ST,3D0206,False,PRELIMINAR
001152,20100094054,FUTURA CONSORCIO INMOBILIARIO S.A.,2011,EMPRESAS EMISORAS,DIVERSOS,,Anual Individual,Anual,Soles,M todo Indirecto,250783,59712,191071,3364,25587,,0,,,3D0206,False,INCOMPLETO
022984,20297652274,GENERANDES PERU S.A.,2011,EMPRESAS EMISORAS,SERVICIOS PUBLICOS,,Anual Individual,Anual,Soles,M todo Directo,1081457,51,1081406,0,126202,53247,0,53247,3D01ST,3D0206,False,PRELIMINAR
CM0008,20507828915,GOLD FIELDS LA CIMA S.A.,2011,EMPRESAS EMISORAS,MINERAS,,Anual Individual,Anual,Soles,M todo Indirecto,3078199,910379,2167820,1571266,579572,,0,,,3D0206,True,INCOMPLETO
B80049,20100116988,GR HOLDING S.A.,2011,EMPRESAS EMISORAS,DIVERSOS,,Anual Individual,Anual,Soles,M todo Directo,139846,4411,135435,8586,5919,6440,-5,6435,3D01ST,3D0206,True,PRELIMINAR
BV0001,20100055661,GRUPO BVL S.A.A.,2011,EMPRESAS EMISORAS,DIVERSOS,,Anual Individual,Anual,Soles,M todo Directo,90924,6213,84711,51859,27999,21164,-1310,19854,3D01ST,3D0206,True,PRELIMINAR
B30140,20100171814,HIDROSTAL S.A.,2011,EMPRESAS EMISORAS,INDUSTRIALES,,Anual Individual,Anual,Soles,M todo Directo,165636,69584,96052,119125,7654,6244,-9441,-3197,3D01ST,3D0206,False,PRELIMINAR
OE1679,20508565934,HIPERMERCADOS TOTTUS S.A,2011,EMPRESAS EMISORAS,DIVERSOS,,Anual Individual,Anual,Soles,M todo Directo,973147,588638,384509,1937717,32710,42975,-27923,15052,3D01ST,3D0206,True,PRELIMINAR
OE3986,20518201426,HIPOTECARIA SURA EMPRESA ADMINISTRADORA HIPOTECARIA S.A. - EN LIQUIDACION,2011,EMPRESAS EMISORAS,DIVERSOS,,Anual Individual,Anual,Soles,M todo Indirecto,44350,27182,17168,2438,-2030,215,,,3F0501,,False,INCOMPLETO
006162,20100199743,INCA TOPS S.A.,2011,EMPRESAS EMISORAS,INDUSTRIALES,,Anual Individual,Anual,Soles,M todo Directo,187767,106068,81699,124837,10127,-18456,-7572,-26028,3D01ST,3D0206,False,PRELIMINAR
B30236,20251293181,INDECO S.A.,2011,EMPRESAS EMISORAS,INDUSTRIALES,,Anual Individual,Anual,D lares,M todo Directo,114188,23435,90753,330928,17994,18723,-7575,11148,3D01ST,3D0206,False,PRELIMINAR
B30050,20102728743,INDUSTRIA TEXTIL PIURA S.A.,2011,EMPRESAS EMISORAS,INDUSTRIALES,,Anual Individual,Anual,Soles,M todo Directo,336209,150335,185874,114485,11433,-54248,0,-54248,3D01ST,3D0206,True,PRELIMINAR
B30107,20100004322,INDUSTRIAS DEL ENVASE S.A.,2011,EMPRESAS EMISORAS,INDUSTRIALES,,Anual Individual,Anual,Soles,M todo Directo,98085,33373,64712,140117,7436,18202,-2082,16120,3D01ST,3D0206,True,PRELIMINAR
B30152,20100003512,INDUSTRIAS ELECTRO QUIMICAS S.A. IEQSA,2011,EMPRESAS EMISORAS,INDUSTRIALES,,Anual Individual,Anual,Soles,M todo Directo,176945,60348,116597,356206,6003,7353,-3553,3800,3D01ST,3D0206,False,PRELIMINAR
OE4256,20522291201,INFINANCE XP S.A. (ANTES FINANCIERA OH! S.A.),2011,EMPRESAS EMISORAS,FINANCIERAS,,Anual Individual,Anual,Soles,M todo Indirecto,129169,31889,97280,27496,-8448,3645,,,3F0501,,False,INCOMPLETO
OE4660,20543135942,INMOBILIARIA IDE S.A.,2011,EMPRESAS EMISORAS,DIVERSOS,,Anual Individual,Anual,Soles,M todo Indirecto,27840,1987,25853,151,-165,,0,,,3D0206,False,INCOMPLETO
B30127,20100049938,INMOBILIARIA KANPU S.A.,2011,EMPRESAS EMISORAS,DIVERSOS,,Anual Individual,Anual,Soles,M todo Directo,221094,128169,92925,184265,9715,-4259,-4230,-8489,3D01ST,3D0206,True,PRELIMINAR
CN0002,20499141051,INMOBILIARIA MILENIA S.A.,2011,EMPRESAS EMISORAS,DIVERSOS,,Anual Individual,Anual,Soles,M todo Directo,215916,54874,161042,8984,15825,4680,0,4680,3D01ST,3D0206,False,PRELIMINAR
B30086,20100047722,INMOBILIARIA VENCEDOR S.A.,2011,EMPRESAS EMISORAS,INDUSTRIALES,,Anual Individual,Anual,Soles,M todo Directo,126984,54827,72157,134090,7,-6508,-2458,-8966,3D01ST,3D0206,False,PRELIMINAR
J00194,20511910642,INMUEBLES COMERCIALES DEL PERU S.A.C.,2011,EMPRESAS EMISORAS,DIVERSOS,,Anual Individual,Anual,Soles,M todo Directo,449423,109202,340221,3006,-2679,-5571,0,-5571,3D01ST,3D0206,True,PRELIMINAR
OE1274,20423264617,INMUEBLES PANAMERICANA S.A.,2011,EMPRESAS EMISORAS,DIVERSOS,,Anual Individual,Anual,Soles,M todo Directo,408517,204724,203793,63860,29191,32240,-555,31685,3D01ST,3D0206,True,PRELIMINAR
OE4150,20492497721,INSUR S.A. COMPAÑIA DE SEGUROS,2011,EMPRESAS EMISORAS,SEGUROS,,Anual Individual,Anual,Soles,M todo Indirecto,13134,5111,8023,5438,1258,1639,-70,1569,3E0301,3E0405,False,PRELIMINAR
B70009,20100017491,INTEGRATEL PERU S.A.A.,2011,EMPRESAS EMISORAS,SERVICIOS PUBLICOS,,Anual Individual,Anual,Soles,M todo Directo,8791291,5046500,3744791,3809404,442356,749359,0,749359,3D01ST,3D0206,True,PRELIMINAR
OE2305,0,INTERCORP FINANCIAL SERVICES INC.,2011,EMPRESAS EMISORAS,DIVERSOS,,Anual Individual,Anual,Soles,M todo Indirecto,2381840,22513,2359327,749436,698466,3821,,,3F0501,,True,INCOMPLETO
CD0010,0,INTERCORP PERU LTD.,2011,EMPRESAS EMISORAS,DIVERSOS,,Anual Individual,Anual,Soles,M todo Indirecto,4046068,931085,3114983,560741,481984,-21653,,,3F0501,,True,INCOMPLETO
CS0002,20382748566,INTERSEGURO COMPAÑIA DE SEGUROS S.A.,2011,EMPRESAS EMISORAS,SEGUROS,,Anual Individual,Anual,Soles,M todo Directo,2690856,2284679,406177,83320,187460,503049,-501,502548,3E0301,3E0405,True,PRELIMINAR
TI0002,20417378911,INTRADEVCO INDUSTRIAL S.A.,2011,EMPRESAS EMISORAS,INDUSTRIALES,,Anual Individual,Anual,Soles,M todo Directo,555703,269674,286029,380418,9819,-39296,-1840,-41136,3D01ST,3D0206,False,PRELIMINAR
B80057,20101099149,INVERSIONES ASPI S.A.,2011,EMPRESAS EMISORAS,DIVERSOS,,Anual Individual,Anual,Soles,M todo Directo,414750,17088,397662,58167,55246,50010,-2550,47460,3D01ST,3D0206,False,PRELIMINAR
B80077,20101045995,INVERSIONES CENTENARIO S.A.A.,2011,EMPRESAS EMISORAS,DIVERSOS,,Anual Individual,Anual,Soles,M todo Directo,1151130,509700,641430,192958,135429,29495,-2227,27268,3D01ST,3D0206,True,PRELIMINAR
B60004,20104347691,INVERSIONES EN TURISMO S.A. INVERTUR,2011,EMPRESAS EMISORAS,DIVERSOS,,Anual Individual,Anual,Soles,M todo Directo,38990,6576,32414,15267,1503,3399,-715,2684,3D01ST,3D0206,False,PRELIMINAR
003512,20334766714,INVERSIONES LA RIOJA S.A.,2011,EMPRESAS EMISORAS,DIVERSOS,,Anual Individual,Anual,Soles,M todo Directo,426067,162884,263183,78265,10776,21738,-37970,-16232,3D01ST,3D0206,False,PRELIMINAR
B60005,20114803228,INVERSIONES NACIONALES DE TURISMO S.A. INTURSA,2011,EMPRESAS EMISORAS,DIVERSOS,,Anual Individual,Anual,Soles,M todo Directo,1110381,288947,821434,118842,-31519,-37153,0,-37153,3D01ST,3D0206,True,PRELIMINAR
OE4189,20510992904,KALLPA GENERACION S.A.,2011,EMPRESAS EMISORAS,SERVICIOS PUBLICOS,,Anual Individual,Anual,D lares,M todo Directo,595787,432781,163006,246619,20642,62313,0,62313,3D01ST,3D0206,True,PRELIMINAR
A80069,20100210909,LA POSITIVA SEGUROS Y REASEGUROS S.A.,2011,EMPRESAS EMISORAS,SEGUROS,,Anual Individual,Anual,Soles,M todo Indirecto,561635,302547,259088,481540,50224,9670,-10316,-646,3E0301,3E0405,True,PRELIMINAR
OE2069,20454073143,LA POSITIVA VIDA SEGUROS Y REASEGUROS S.A.,2011,EMPRESAS EMISORAS,SEGUROS,,Anual Individual,Anual,Soles,M todo Indirecto,1492838,1339742,153096,208644,37869,156460,-1194,155266,3E0301,3E0405,True,PRELIMINAR
CI0011,20100095450,LAIVE S.A.,2011,EMPRESAS EMISORAS,INDUSTRIALES,,Anual Individual,Anual,Soles,M todo Directo,244353,121395,122958,333307,7249,12241,-1882,10359,3D01ST,3D0206,True,PRELIMINAR
B30230,20100190100,LAPICES Y CONEXOS S.A. LAYCONSA,2011,EMPRESAS EMISORAS,INDUSTRIALES,,Anual Individual,Anual,Soles,M todo Directo,120434,60676,59758,45299,1900,5817,-20980,-15163,3D01ST,3D0206,True,PRELIMINAR
B80031,20100093759,LATINA HOLDING S.A.,2011,EMPRESAS EMISORAS,DIVERSOS,,Anual Individual,Anual,Soles,M todo Directo,32478,2000,30478,0,1710,5929,0,5929,3D01ST,3D0206,False,PRELIMINAR
OE4447,20524981981,LEASING PERU S.A. (EN LIQUIDACION),2011,EMPRESAS EMISORAS,DIVERSOS,,Anual Individual,Anual,Soles,M todo Indirecto,255814,219632,36182,7250,-3144,-29634,,,3F0501,,False,INCOMPLETO
006166,20100190797,LECHE GLORIA S.A.,2011,EMPRESAS EMISORAS,INDUSTRIALES,,Anual Individual,Anual,Soles,M todo Directo,2269336,933362,1335974,2566412,195099,274522,-197123,77399,3D01ST,3D0206,False,PRELIMINAR
B30099,20100182778,LIMA CAUCHO S.A. EN LIQUIDACION,2011,EMPRESAS EMISORAS,INDUSTRIALES,,Anual Individual,Anual,Soles,M todo Directo,324054,162080,161974,149464,-1926,-38046,-6413,-44459,3D01ST,3D0206,True,PRELIMINAR
J00121,20100007348,LIMA GAS S.A.,2011,EMPRESAS EMISORAS,DIVERSOS,,Anual Individual,Anual,Soles,M todo Directo,138970,61107,77863,295223,12893,22966,-12307,10659,3D01ST,3D0206,False,PRELIMINAR
B70032,20301837896,LOS PORTALES S.A.,2011,EMPRESAS EMISORAS,DIVERSOS,,Anual Individual,Anual,Soles,M todo Indirecto,688152,515268,172884,347006,45038,,-35126,,,3D0206,False,INCOMPLETO
B40008,20331898008,LUZ DEL SUR S.A.A.,2011,EMPRESAS EMISORAS,SERVICIOS PUBLICOS,,Anual Individual,Anual,Soles,M todo Directo,2590583,1259878,1330705,1813673,296811,350871,-139981,210890,3D01ST,3D0206,False,PRELIMINAR
B30134,20100074371,MANUFACTURA DE METALES Y ALUMINIO RECORD S.A. EN LIQUIDACION,2011,EMPRESAS EMISORAS,INDUSTRIALES,,Anual Individual,Anual,Soles,M todo Indirecto,121225,14893,106332,54696,3090,,-1579,,,3D0206,True,INCOMPLETO
CS0004,20418896915,MAPFRE PERU COMPAÑIA DE SEGUROS Y REASEGUROS,2011,EMPRESAS EMISORAS,SEGUROS,,Anual Individual,Anual,Soles,M todo Indirecto,603986,526935,77051,172973,20025,57624,-2842,54782,3E0301,3E0405,True,PRELIMINAR
B80122,20202380621,MAPFRE PERU COMPAÑIA DE SEGUROS Y REASEGUROS (SOCIEDAD ABSORBIDA),2011,EMPRESAS EMISORAS,SEGUROS,,Anual Individual,Anual,Soles,M todo Indirecto,641749,481494,160255,544434,21045,46032,-5215,40817,3E0301,3E0405,True,PRELIMINAR
002684,20160286068,MAQUINARIAS S.A.,2011,EMPRESAS EMISORAS,DIVERSOS,,Anual Individual,Anual,Soles,M todo Directo,464277,270014,194263,789903,28533,1138,-10272,-9134,3D01ST,3D0206,False,PRELIMINAR
B20030,20100037841,MARMOLES Y GRANITOS S.A.,2011,EMPRESAS EMISORAS,MINERAS,,Anual Individual,Anual,Soles,M todo Directo,18364,13937,4427,1505,-1413,-283,0,-283,3D01ST,3D0206,False,PRELIMINAR
CB0001,20382036655,MIBANCO BANCO DE LA MICROEMPRESA S.A.,2011,EMPRESAS EMISORAS,BANCOS,,Anual Individual,Anual,Soles,M todo Indirecto,5201709,4594726,606983,987869,109423,-390529,,,3F0501,,False,INCOMPLETO
TI0003,20100192650,MICHELL Y CIA. S.A.,2011,EMPRESAS EMISORAS,INDUSTRIALES,,Anual Individual,Anual,Soles,M todo Directo,264894,102313,162581,215437,18272,14592,-16270,-1678,3D01ST,3D0206,False,PRELIMINAR
CM0002,20338426781,MINERA ANDINA DE EXPLORACIONES S.A.A.,2011,EMPRESAS EMISORAS,MINERAS,,Anual Individual,Anual,Soles,M todo Directo,7374,3752,3622,11169,4305,6207,-24,6183,3D01ST,3D0206,False,PRELIMINAR
002728,20209133394,MINERA BARRICK MISQUICHILCA SA,2011,EMPRESAS EMISORAS,MINERAS,,Anual Individual,Anual,D lares,M todo Indirecto,2255443,711914,1543529,1462237,650588,,-110273,,,3D0206,False,INCOMPLETO
A20032,20100136741,MINSUR S.A.,2011,EMPRESAS EMISORAS,MINERAS,,Anual Individual,Anual,D lares,M todo Directo,2057526,145599,1911927,817213,411644,416643,-54631,362012,3D01ST,3D0206,True,PRELIMINAR
BF0001,20375361991,MITSUI AUTO FINANCE PERU S.A.,2011,EMPRESAS EMISORAS,FINANCIERAS,,Anual Individual,Anual,Soles,M todo Indirecto,173318,129161,44157,13442,10,-6061,,,3F0501,,False,INCOMPLETO
TI0001,20417926632,MOTORES DIESEL ANDINOS S.A.,2011,EMPRESAS EMISORAS,INDUSTRIALES,,Anual Individual,Anual,Soles,M todo Directo,344126,167506,176620,276384,14313,-23199,-7325,-30524,3D01ST,3D0206,False,PRELIMINAR
B11076,20113704463,NEGOCIACION AGRICOLA VISTA ALEGRE S.A.,2011,EMPRESAS EMISORAS,AGRICOLAS,,Anual Individual,Anual,Soles,M todo Directo,112,2,110,0,110,4,0,4,3D01ST,3D0206,False,PRELIMINAR
B80136,20100007852,NEGOCIOS E INMUEBLES S.A.,2011,EMPRESAS EMISORAS,DIVERSOS,,Anual Individual,Anual,Soles,M todo Directo,321569,30658,290911,3528,35305,5972,-4,5968,3D01ST,3D0206,True,PRELIMINAR
CM0007,20100123500,NEXA RESOURCES ATACOCHA S.A.A.,2011,EMPRESAS EMISORAS,MINERAS,,Anual Individual,Anual,D lares,M todo Directo,199538,94397,105141,134847,13135,42008,-31047,10961,3D01ST,3D0206,False,PRELIMINAR
B20010,20100110513,NEXA RESOURCES PERU S.A.A.,2011,EMPRESAS EMISORAS,MINERAS,,Anual Individual,Anual,D lares,M todo Directo,761046,277705,483341,495286,133615,237087,-87890,149197,3D01ST,3D0206,True,PRELIMINAR
023154,20338646802,ORAZUL ENERGY EGENOR SOCIEDAD EN COMANDITA POR ACCIONES,2011,EMPRESAS EMISORAS,SERVICIOS PUBLICOS,,Anual Individual,Anual,Soles,M todo Directo,1456606,627820,828786,413760,70377,147368,-4970,142398,3D01ST,3D0206,False,PRELIMINAR
B40009,20330791412,ORYGEN PERU S.A.A.,2011,EMPRESAS EMISORAS,SERVICIOS PUBLICOS,,Anual Individual,Anual,Soles,M todo Directo,4046447,1798404,2248043,1224652,285866,458232,0,458232,3D01ST,3D0206,True,PRELIMINAR
B60055,20332970411,PACIFICO COMPAÑIA DE SEGUROS Y REASEGUROS,2011,EMPRESAS EMISORAS,SEGUROS,,Anual Individual,Anual,Soles,M todo Indirecto,3305361,2798183,507178,553710,117014,486635,-5495,481140,3E0301,3E0405,True,PRELIMINAR
B50003,20118206208,PERU HOLDING DE TURISMO S.A.A.,2011,EMPRESAS EMISORAS,DIVERSOS,,Anual Individual,Anual,Soles,M todo Directo,197796,15852,181944,129,109,277,0,277,3D01ST,3D0206,False,PRELIMINAR
OE4139,20506342563,PERU LNG S.R.L.,2011,EMPRESAS EMISORAS,DIVERSOS,,Anual Individual,Anual,D lares,M todo Indirecto,3660124,3576454,83670,1282793,26653,,-650,,,3D0206,False,INCOMPLETO
002927,20338352728,PERUANA DE ENERGIA S.A.A.,2011,EMPRESAS EMISORAS,SERVICIOS PUBLICOS,,Anual Individual,Anual,Soles,M todo Directo,52161,5434,46727,0,4808,-3784,-26,-3810,3D01ST,3D0206,False,PRELIMINAR
OE4680,20251995967,PERUANA DE MOLDEADOS S.A. - PAMOLSA,2011,EMPRESAS EMISORAS,INDUSTRIALES,,Anual Individual,Anual,Soles,M todo Indirecto,203127,102042,101085,215389,28296,,-5439,,,3D0206,False,INCOMPLETO
B20023,20100136237,PERUBAR S.A.,2011,EMPRESAS EMISORAS,MINERAS,,Anual Individual,Anual,D lares,M todo Directo,63655,3128,60527,13115,795,6233,-3501,2732,3D01ST,3D0206,True,PRELIMINAR
CI0012,20380336384,PESQUERA EXALMAR S.A.A.,2011,EMPRESAS EMISORAS,INDUSTRIALES,,Anual Individual,Anual,D lares,M todo Directo,456951,235213,221738,191243,23120,16288,-29520,-13232,3D01ST,3D0206,False,PRELIMINAR
J00171,20100128218,PETROLEOS DEL PERU - PETROPERU S.A.,2011,EMPRESAS EMISORAS,INDUSTRIALES,,Anual Individual,Anual,Soles,M todo Directo,6341280,3677786,2663494,13576653,532628,129604,-214164,-84560,3D01ST,3D0206,False,PRELIMINAR
OE2008,20510889135,PLUSPETROL CAMISEA S.A.,2011,EMPRESAS EMISORAS,DIVERSOS,,Anual Individual,Anual,D lares,M todo Indirecto,533641,311746,221895,443965,163279,,0,,,3D0206,True,INCOMPLETO
OE2009,20510888911,PLUSPETROL LOTE 56 S.A.,2011,EMPRESAS EMISORAS,DIVERSOS,,Anual Individual,Anual,D lares,M todo Indirecto,361951,242667,119284,465109,161459,,0,,,3D0206,True,INCOMPLETO
B40010,20269985900,PLUZ ENERGIA PERU S.A.A.,2011,EMPRESAS EMISORAS,SERVICIOS PUBLICOS,,Anual Individual,Anual,Soles,M todo Indirecto,2632261,1631040,1001221,1879762,206677,,-190488,,,3D0206,False,INCOMPLETO
OE1928,20510398158,PRIMA AFP S.A.,2011,EMPRESAS EMISORAS,A.F.P.,,Anual Individual,Anual,Soles,M todo Directo,712028,196605,515423,294999,85483,129114,-2406,126708,3A01ST,3A0206,False,PRELIMINAR
AFP004,20142829551,PROFUTURO AFP,2011,EMPRESAS EMISORAS,A.F.P.,,Anual Individual,Anual,Soles,M todo Directo,275132,83830,191302,174839,47826,53801,-862,52939,3A01ST,3A0206,False,PRELIMINAR
OE3191,20517207331,PROTECTA S.A. COMPAÑIA DE SEGUROS Y REASEGUROS,2011,EMPRESAS EMISORAS,SEGUROS,,Anual Individual,Anual,Soles,M todo Indirecto,149296,108799,40497,50769,5464,52449,-79,52370,3E0301,3E0405,False,PRELIMINAR
B20042,20330791501,QUIMPAC S.A.,2011,EMPRESAS EMISORAS,INDUSTRIALES,,Anual Individual,Anual,Soles,M todo Directo,945556,432999,512557,477663,73442,133314,-97797,35517,3D01ST,3D0206,True,PRELIMINAR
J00123,20378890161,RASH PERU S.A.C.,2011,EMPRESAS EMISORAS,DIVERSOS,,Anual Individual,Anual,Soles,M todo Indirecto,69602,41712,27890,123070,9817,,-4072,,,3D0206,False,INCOMPLETO
B30084,20100026997,RAYON INDUSTRIAL S.A. EN LIQUIDACION,2011,EMPRESAS EMISORAS,INDUSTRIALES,,Anual Individual,Anual,Soles,M todo Directo,811,2,809,0,-182,-5,0,-5,3D01ST,3D0206,False,PRELIMINAR
B30220,20100005566,REACTIVOS NACIONALES S.A. RENASA,2011,EMPRESAS EMISORAS,INDUSTRIALES,,Anual Individual,Anual,Soles,M todo Directo,59586,3339,56247,33532,4108,555,-1746,-1191,3D01ST,3D0206,False,PRELIMINAR
B90002,20100298725,RED BICOLOR DE COMUNICACIONES S.A.A. - RBC TV S.A.A.,2011,EMPRESAS EMISORAS,DIVERSOS,,Anual Individual,Anual,Soles,M todo Directo,7815,1365,6450,6821,738,2094,0,2094,3D01ST,3D0206,False,PRELIMINAR
SP0008,20504645046,RED DE ENERGIA DEL PERU S.A.,2011,EMPRESAS EMISORAS,SERVICIOS PUBLICOS,,Anual Individual,Anual,D lares,M todo Directo,527435,302837,224598,143427,16854,41569,-503,41066,3D01ST,3D0206,False,PRELIMINAR
OE3927,20505377142,RED VIAL 5 S.A.,2011,EMPRESAS EMISORAS,DIVERSOS,,Anual Individual,Anual,Soles,M todo Directo,175669,66296,109373,78672,26438,46471,0,46471,3D01ST,3D0206,True,PRELIMINAR
002766,20259829594,REFINERIA LA PAMPILLA S.A.A.,2011,EMPRESAS EMISORAS,INDUSTRIALES,,Anual Individual,Anual,D lares,M todo Directo,1249169,774124,475045,4345964,97874,-47089,-1032,-48121,3D01ST,3D0206,True,PRELIMINAR
B80037,20100041953,RIMAC SEGUROS Y REASEGUROS,2011,EMPRESAS EMISORAS,SEGUROS,,Anual Individual,Anual,Soles,M todo Indirecto,5226257,4116685,1109572,1929027,256446,701046,-37498,663548,3E0301,3E0405,False,PRELIMINAR
014313,20100128056,SAGA FALABELLA S.A.,2011,EMPRESAS EMISORAS,DIVERSOS,,Anual Individual,Anual,Soles,M todo Directo,1301388,766442,534946,2212961,144586,-27457,-36109,-63566,3D01ST,3D0206,True,PRELIMINAR
B80134,20255993225,SANTANDER CONSUMER BANK S.A.,2011,EMPRESAS EMISORAS,BANCOS,,Anual Individual,Anual,Soles,M todo Indirecto,3496436,3047004,449432,908923,108022,349825,,,3F0501,,False,INCOMPLETO
B80012,20100043140,SCOTIABANK PERU S.A.A.,2011,EMPRESAS EMISORAS,BANCOS,,Anual Individual,Anual,Soles,M todo Indirecto,29585936,25543206,4042730,2099331,788493,803299,,,3F0501,,False,INCOMPLETO
CS0005,20463627488,SEGUROS SURA,2011,EMPRESAS EMISORAS,SEGUROS,,Anual Individual,Anual,Soles,M todo Indirecto,2844230,2548430,295800,224334,71400,287730,-1488,286242,3E0301,3E0405,False,PRELIMINAR
SP0002,20325493811,SHOUGANG GENERACION ELECTRICA S.A.A.,2011,EMPRESAS EMISORAS,SERVICIOS PUBLICOS,,Anual Individual,Anual,Soles,M todo Directo,123683,21090,102593,79819,8389,20377,-317,20060,3D01ST,3D0206,False,PRELIMINAR
CM0004,20100142989,SHOUGANG HIERRO PERU S.A.A.,2011,EMPRESAS EMISORAS,MINERAS,,Anual Individual,Anual,Soles,M todo Indirecto,3948903,1287263,2661640,3065579,1365870,,-196148,,,3D0206,False,INCOMPLETO
SP0010,20100188628,SOCIEDAD ELECTRICA DEL SUR OESTE S.A. - SEAL,2011,EMPRESAS EMISORAS,SERVICIOS PUBLICOS,,Anual Individual,Anual,Soles,M todo Directo,388202,85243,302959,280288,24596,40372,-25913,14459,3D01ST,3D0206,False,PRELIMINAR
B30143,20100113539,SOCIEDAD INDUSTRIAL DE ARTICULOS DE METAL S.A.C. - SIAM EN LIQUIDACION,2011,EMPRESAS EMISORAS,INDUSTRIALES,,Anual Individual,Anual,Soles,M todo Directo,27400,10062,17338,17535,446,1735,-189,1546,3D01ST,3D0206,True,PRELIMINAR
CM0006,20170072465,SOCIEDAD MINERA CERRO VERDE S.A.A.,2011,EMPRESAS EMISORAS,MINERAS,,Anual Individual,Anual,D lares,M todo Indirecto,3196597,518959,2677638,2520050,1078399,,-195222,,,3D0206,False,INCOMPLETO
002597,20217427593,SOCIEDAD MINERA CORONA S.A.,2011,EMPRESAS EMISORAS,MINERAS,,Anual Individual,Anual,D lares,M todo Indirecto,123711,54307,69404,144603,63444,,-3610,,,3D0206,False,INCOMPLETO
B20026,20100017572,SOCIEDAD MINERA EL BROCAL S.A.A.,2011,EMPRESAS EMISORAS,MINERAS,,Anual Individual,Anual,D lares,M todo Directo,468131,76499,391632,264419,77928,60907,-20237,40670,3D01ST,3D0206,False,PRELIMINAR
J40138,20536903519,SOLDEX SA,2011,EMPRESAS EMISORAS,INDUSTRIALES,,Anual Individual,Anual,Soles,M todo Indirecto,456353,136835,319518,97838,27802,,-2277,,,3D0206,False,INCOMPLETO
B80013,20100161771,SOLUCION EMPRESA ADMINISTRADORA HIPOTECARIA S.A.,2011,EMPRESAS EMISORAS,DIVERSOS,,Anual Individual,Anual,Soles,M todo Indirecto,198935,163076,35859,15842,5258,50185,,,3F0501,,False,INCOMPLETO
CP0009,20292928841,SOUTHERN CONE POWER PERU S.A.,2011,EMPRESAS EMISORAS,DIVERSOS,,Anual Individual,Anual,D lares,M todo Directo,194869,9902,184967,0,21119,17713,0,17713,3D01ST,3D0206,False,PRELIMINAR
B20027,20100147514,"SOUTHERN PERU COPPER CORPORATION, SUCURSAL DEL PERU",2011,EMPRESAS EMISORAS,MINERAS,,Anual Individual,Anual,D lares,M todo Directo,2840482,445817,2394665,3179626,1078063,1083141,-202962,880179,3D01ST,3D0206,False,PRELIMINAR
000432,20100070970,SUPERMERCADOS PERUANOS S.A.,2011,EMPRESAS EMISORAS,DIVERSOS,,Anual Individual,Anual,Soles,M todo Directo,1841527,1382591,458936,2787421,36721,116773,-181931,-65158,3D01ST,3D0206,True,PRELIMINAR
B70020,20100177774,TELEFONICA MOVILES S.A.,2011,EMPRESAS EMISORAS,SERVICIOS PUBLICOS,,Anual Individual,Anual,Soles,M todo Directo,3862857,2748398,1114459,4279580,647631,1287953,0,1287953,3D01ST,3D0206,True,PRELIMINAR
OE3895,20112273922,TIENDAS DEL MEJORAMIENTO DEL HOGAR S.A.,2011,EMPRESAS EMISORAS,DIVERSOS,,Anual Individual,Anual,Soles,M todo Directo,596301,437641,158660,1019425,40964,26013,-93353,-67340,3D01ST,3D0206,True,PRELIMINAR
OE2701,20331429601,TOTAL ARTEFACTOS S.A.,2011,EMPRESAS EMISORAS,DIVERSOS,,Anual Individual,Anual,Soles,M todo Directo,284857,226686,58171,608031,7012,3822,-6876,-3054,3D01ST,3D0206,False,PRELIMINAR
CF0001,20377892918,TOTAL SERVICIOS FINANCIEROS EMPRESA DE CREDITOS,2011,EMPRESAS EMISORAS,FINANCIERAS,,Anual Individual,Anual,Soles,M todo Indirecto,133649,115643,18006,25181,1125,2749,,,3F0501,,False,INCOMPLETO
CD0009,20468451451,TRANSACCIONES FINANCIERAS S.A.,2011,EMPRESAS EMISORAS,DIVERSOS,,Anual Individual,Anual,Soles,M todo Indirecto,40094,14209,25885,0,2767,,0,,,3D0206,False,INCOMPLETO
CI0009,20499432021,TRANSPORTADORA DE GAS DEL PERU S.A.,2011,EMPRESAS EMISORAS,SERVICIOS PUBLICOS,,Anual Individual,Anual,D lares,M todo Indirecto,1865402,1404203,461199,406343,83964,,0,,,3D0206,True,INCOMPLETO
B30121,20100137390,UNACEM CORP SOCIEDAD ANONIMA ABIERTA - UNACEM CORP S.A.A.,2011,EMPRESAS EMISORAS,DIVERSOS,,Anual Individual,Anual,Soles,M todo Directo,3819253,1854501,1964752,1068483,221265,359969,-3757,356212,3D01ST,3D0206,True,PRELIMINAR
B30021,20100113610,UNION DE CERVECERIAS PERUANAS BACKUS Y JOHNSTON S.A.A.,2011,EMPRESAS EMISORAS,INDUSTRIALES,,Anual Individual,Anual,Soles,M todo Indirecto,3372049,1359589,2012460,3086315,730551,,-288238,,,3D0206,False,INCOMPLETO
OE0032,20138149022,UNIVERSIDAD DE SAN MARTIN DE PORRES,2011,EMPRESAS EMISORAS,DIVERSOS,,Anual Individual,Anual,Soles,M todo Indirecto,820082,143157,676925,356078,39654,,-39032,,,3D0206,True,INCOMPLETO
CM0001,20383045267,VOLCAN COMPAÑIA MINERA S.A.A.,2011,EMPRESAS EMISORAS,MINERAS,,Anual Individual,Anual,D lares,M todo Directo,1785125,509177,1275948,659376,315417,178707,-53690,125017,3D01ST,3D0206,False,PRELIMINAR
000981,20100193117,YARA PERU S.R.L.,2011,EMPRESAS EMISORAS,INDUSTRIALES,,Anual Individual,Anual,Soles,M todo Directo,310832,177452,133380,535023,25352,-20320,-5383,-25703,3D01ST,3D0206,False,PRELIMINAR
023490,20312372895,YURA S.A.,2011,EMPRESAS EMISORAS,INDUSTRIALES,,Anual Individual,Anual,Soles,M todo Directo,1597999,760189,837810,711387,233614,160300,-260859,-100559,3D01ST,3D0206,False,PRELIMINAR
020045,20260172035,ACTIVO INMOBILIARIO PERUANO S.A.A. (ANTES FALABELLA PERU S.A.A.),2012,EMPRESAS EMISORAS,DIVERSOS,,Anual Individual,Anual,Soles,M todo Directo,1575997,1936,1574061,0,163454,62702,0,62702,3D01ST,3D0206,False,PRELIMINAR
B80018,20100047307,ADMINISTRADORA DEL COMERCIO S.A. EN LIQUIDACION,2012,EMPRESAS EMISORAS,DIVERSOS,,Anual Individual,Anual,Soles,M todo Directo,62028,36322,25706,10206,2889,15739,-28,15711,3D01ST,3D0206,True,PRELIMINAR
023106,20332600592,AENZA S.A.A.,2012,EMPRESAS EMISORAS,DIVERSOS,,Anual Individual,Anual,Soles,M todo Indirecto,1250704,174961,1075743,43408,250525,-183255,-11464,-194719,3D01ST,3D0206,True,PRELIMINAR
AFP005,20143980821,AFP HORIZONTE S.A.,2012,EMPRESAS EMISORAS,A.F.P.,,Anual Individual,Anual,Soles,M todo Directo,356434,102316,254118,281319,105175,129094,-2710,126384,3A01ST,3A0206,False,PRELIMINAR
AFP002,20157036794,AFP INTEGRA,2012,EMPRESAS EMISORAS,A.F.P.,,Anual Individual,Anual,Soles,M todo Directo,473689,78499,395190,299808,96404,93087,-3507,89580,3A01ST,3A0206,True,PRELIMINAR
B11073,20164042686,AGRICOLA CAYALTI SOCIEDAD ANONIMA ABIERTA,2012,EMPRESAS EMISORAS,AGRICOLAS,,Anual Individual,Anual,Soles,M todo Directo,242104,201578,40526,17995,-15623,-12413,-37,-12450,3D01ST,3D0206,False,PRELIMINAR
B11067,20135948641,AGRO INDUSTRIAL PARAMONGA S.A.,2012,EMPRESAS EMISORAS,AGRICOLAS,,Anual Individual,Anual,Soles,M todo Indirecto,853969,239477,614492,258240,10967,88694,-34987,53707,3D01ST,3D0206,True,PRELIMINAR
B08363,20132377783,AGROINDUSTRIAL LAREDO S.A.A.,2012,EMPRESAS EMISORAS,AGRICOLAS,,Anual Individual,Anual,Soles,M todo Directo,761559,217198,544361,294675,55290,49109,-15172,33937,3D01ST,3D0206,True,PRELIMINAR
OE4115,20104420282,AGROINDUSTRIAS AIB S.A.,2012,EMPRESAS EMISORAS,INDUSTRIALES,,Anual Individual,Anual,Soles,M todo Directo,231807,95254,136553,114189,5189,2103,-10667,-8564,3D01ST,3D0206,False,PRELIMINAR
B11068,20116225779,AGROINDUSTRIAS SAN JACINTO S.A.A.,2012,EMPRESAS EMISORAS,AGRICOLAS,,Anual Individual,Anual,Soles,M todo Directo,482942,179174,303768,139402,8449,31457,-22939,8518,3D01ST,3D0206,False,PRELIMINAR
OE4977,20546844791,AGROKASA HOLDINGS S.A.,2012,EMPRESAS EMISORAS,DIVERSOS,,Anual Individual,Anual,D lares,M todo Directo,41825,3870,37955,2635,2602,-36,0,-36,3D01ST,3D0206,False,PRELIMINAR
OE3203,20517476405,ALFIN BANCO S.A.,2012,EMPRESAS EMISORAS,BANCOS,,Anual Individual,Anual,Soles,M todo Indirecto,810297,725050,85247,353165,14976,118649,,,3F0501,,True,INCOMPLETO
B30006,20100055237,ALICORP S.A.A.,2012,EMPRESAS EMISORAS,INDUSTRIALES,,Anual Individual,Anual,Soles,M todo Directo,3684344,1661797,2022547,3681343,315613,325400,-200499,124901,3D01ST,3D0206,True,PRELIMINAR
OE4262,20118475284,AMERAL S.A. (ANTES AMERAL S.A.A.),2012,EMPRESAS EMISORAS,INDUSTRIALES,,Anual Individual,Anual,Soles,M todo Directo,96261,29919,66342,52972,211,-997,-2912,-3909,3D01ST,3D0206,False,PRELIMINAR
B60053,20265391886,AMERIKA FINANCIERA S.A. EN LIQUIDACION,2012,EMPRESAS EMISORAS,FINANCIERAS,,Anual Individual,Anual,Soles,M todo Indirecto,501715,408638,93077,42125,7318,11710,,,3F0501,,True,INCOMPLETO
J40120,20511230188,ANDINO INVESTMENT HOLDING S.A.A.,2012,EMPRESAS EMISORAS,DIVERSOS,,Anual Individual,Anual,Soles,M todo Indirecto,267266,45004,222262,5347,-1483,-1526,-814,-2340,3D01ST,3D0206,True,PRELIMINAR
CI0006,20338054115,AUSTRAL GROUP S.A.A.,2012,EMPRESAS EMISORAS,INDUSTRIALES,,Anual Individual,Anual,Soles,M todo Directo,964894,337684,627210,677256,67318,195969,-46308,149661,3D01ST,3D0206,False,PRELIMINAR
B80004,20100130204,BANCO BBVA PERU,2012,EMPRESAS EMISORAS,BANCOS,,Anual Individual,Anual,Soles,M todo Indirecto,49714137,45486052,4228085,3794378,1245517,1701710,,,3F0501,,True,INCOMPLETO
CF0004,20509507199,BANCO DE COMERCIO,2012,EMPRESAS EMISORAS,BANCOS,,Anual Individual,Anual,Soles,M todo Indirecto,1603641,1446929,156712,200589,14464,40497,,,3F0501,,True,INCOMPLETO
B80005,20100047218,BANCO DE CREDITO DEL PERU,2012,EMPRESAS EMISORAS,BANCOS,,Anual Individual,Anual,Soles,M todo Indirecto,81979379,74838095,7141284,5708250,1497701,2125606,,,3F0501,,True,INCOMPLETO
OE2254,20441805960,BANCO EFECTIVA S.A. (ANTES FINANCIERA EFECTIVA S.A.),2012,EMPRESAS EMISORAS,BANCOS,,Anual Individual,Anual,Soles,M todo Indirecto,236193,166868,69325,105955,15347,45306,,,3F0501,,False,INCOMPLETO
B80144,20330401991,BANCO FALABELLA PERU S.A.,2012,EMPRESAS EMISORAS,BANCOS,,Anual Individual,Anual,Soles,M todo Indirecto,2845665,2370183,475482,680790,101880,308378,,,3F0501,,True,INCOMPLETO
OE2271,20513074370,BANCO GNB PERU S.A.,2012,EMPRESAS EMISORAS,BANCOS,,Anual Individual,Anual,Soles,M todo Indirecto,3842284,3456475,385809,281562,693,-15899,,,3F0501,,True,INCOMPLETO
B80123,20101036813,BANCO INTERAMERICANO DE FINANZAS,2012,EMPRESAS EMISORAS,BANCOS,,Anual Individual,Anual,Soles,M todo Indirecto,5971281,5516022,455259,399580,82224,94561,,,3F0501,,True,INCOMPLETO
B80020,20100053455,BANCO INTERNACIONAL DEL PERU S.A.A. - INTERBANK,2012,EMPRESAS EMISORAS,BANCOS,,Anual Individual,Anual,Soles,M todo Indirecto,23540263,21165871,2374392,2282847,570446,1083655,,,3F0501,,True,INCOMPLETO
B80009,20100105862,BANCO PICHINCHA,2012,EMPRESAS EMISORAS,BANCOS,,Anual Individual,Anual,Soles,M todo Indirecto,5318277,4885789,432488,539504,43646,157595,,,3F0501,,True,INCOMPLETO
B80141,20259702411,BANCO RIPLEY PERU S.A.,2012,EMPRESAS EMISORAS,BANCOS,,Anual Individual,Anual,Soles,M todo Indirecto,1273564,1025859,247705,369291,55207,179452,,,3F0501,,True,INCOMPLETO
OE3056,20516711559,BANCO SANTANDER PERU S.A.,2012,EMPRESAS EMISORAS,BANCOS,,Anual Individual,Anual,Soles,M todo Indirecto,2849509,2590343,259166,132212,24857,29160,,,3F0501,,True,INCOMPLETO
B30079,20100096341,BAYER S.A.,2012,EMPRESAS EMISORAS,DIVERSOS,,Anual Individual,Anual,Soles,M todo Directo,296223,48910,247313,331350,36147,34388,-2161,32227,3D01ST,3D0206,False,PRELIMINAR
OE4837,20513328819,BNP PARIBAS CARDIF S.A. COMPAÑIA DE SEGUROS Y REASEGUROS,2012,EMPRESAS EMISORAS,SEGUROS,,Anual Individual,Anual,Soles,M todo Indirecto,131009,77070,53939,96428,6497,15051,-784,14267,3E0301,3E0405,True,PRELIMINAR
OE5176,20536294661,BRAJA CONSTRUCTORA INMOBILIARIA SOCIEDAD ANONIMA,2012,EMPRESAS EMISORAS,DIVERSOS,,Anual Individual,Anual,Soles,M todo Directo,7973,6885,1088,7390,367,296,-91,205,3D01ST,3D0206,True,PRELIMINAR
B30031,20100124492,BRITISH AMERICAN TOBACCO DEL PERU HOLDINGS S.A.,2012,EMPRESAS EMISORAS,INDUSTRIALES,,Anual Individual,Anual,Soles,M todo Directo,117485,103147,14338,345757,58585,50809,-200,50609,3D01ST,3D0206,False,PRELIMINAR
J00124,20100209641,CAJA MUNICIPAL DE AHORRO Y CREDITO DE AREQUIPA S.A.,2012,EMPRESAS EMISORAS,FINANCIERAS,,Anual Individual,Anual,Soles,M todo Indirecto,2977271,2625197,352074,526991,72105,161413,,,3F0501,,True,INCOMPLETO
J40137,20130200789,CAJA MUNICIPAL DE AHORRO Y CREDITO DE HUANCAYO S.A.,2012,EMPRESAS EMISORAS,FINANCIERAS,,Anual Individual,Anual,Soles,M todo Indirecto,1241548,1048492,193056,224985,36630,82485,,,3F0501,,True,INCOMPLETO
J00218,20102881347,CAJA MUNICIPAL DE AHORRO Y CREDITO DE SULLANA S.A.,2012,EMPRESAS EMISORAS,FINANCIERAS,,Anual Individual,Anual,Soles,M todo Indirecto,1565477,1369942,195535,269392,25767,96778,,,3F0501,,True,INCOMPLETO
B11082,20131867744,CARTAVIO SOCIEDAD ANONIMA ABIERTA,2012,EMPRESAS EMISORAS,AGRICOLAS,,Anual Individual,Anual,Soles,M todo Directo,655362,254256,401106,360454,36740,79249,-30500,48749,3D01ST,3D0206,False,PRELIMINAR
B08361,20131823020,CASA GRANDE SOCIEDAD ANONIMA ABIERTA,2012,EMPRESAS EMISORAS,AGRICOLAS,,Anual Individual,Anual,Soles,M todo Directo,1740297,528385,1211912,511162,96821,101983,-75611,26372,3D01ST,3D0206,False,PRELIMINAR
B20001,20100163048,CASTROVIRREYNA COMPAÑIA MINERA S.A. EN LIQUIDACION,2012,EMPRESAS EMISORAS,MINERAS,,Anual Individual,Anual,D lares,M todo Directo,103727,76668,27059,27077,-827,-6098,-3693,-9791,3D01ST,3D0206,False,PRELIMINAR
CD0005,20419387658,CEMENTOS PACASMAYO S.A.A.,2012,EMPRESAS EMISORAS,INDUSTRIALES,,Anual Individual,Anual,Soles,M todo Indirecto,2131134,425333,1705801,784576,147703,76247,-124635,-48388,3D01ST,3D0206,False,PRELIMINAR
OE4206,20517905454,CENCOSUD PERU S.A.,2012,EMPRESAS EMISORAS,DIVERSOS,,Anual Individual,Anual,Soles,M todo Directo,2787281,942048,1845233,181165,6748,-161893,-5124,-167017,3D01ST,3D0206,False,PRELIMINAR
019094,20129854953,CENTRAL AZUCARERA CHUCARAPI-PAMPA BLANCA S.A.,2012,EMPRESAS EMISORAS,AGRICOLAS,,Anual Individual,Anual,Soles,M todo Directo,107577,35585,71992,12180,63,-266,-994,-1260,3D01ST,3D0206,False,PRELIMINAR
B30023,20128915711,CERVECERIA SAN JUAN S.A.,2012,EMPRESAS EMISORAS,INDUSTRIALES,,Anual Individual,Anual,Soles,M todo Indirecto,263146,141587,121559,416480,63590,75481,-69570,5911,3D01ST,3D0206,False,PRELIMINAR
CS0007,20109068498,CESCE PERU S.A. COMPAÑIA DE SEGUROS,2012,EMPRESAS EMISORAS,SEGUROS,,Anual Individual,Anual,Soles,M todo Indirecto,41718,14199,27519,23819,5300,6277,-129,6148,3E0301,3E0405,True,PRELIMINAR
CD0001,20390863871,CFI HOLDINGS S.A.,2012,EMPRESAS EMISORAS,DIVERSOS,,Anual Individual,Anual,Soles,M todo Directo,201365,2742,198623,0,2471,-16833,-45,-16878,3D01ST,3D0206,True,PRELIMINAR
OE4060,20518723040,CHINANGO S.A.C.,2012,EMPRESAS EMISORAS,SERVICIOS PUBLICOS,,Anual Individual,Anual,Soles,M todo Directo,608191,264681,343510,163765,65711,90086,-532,89554,3D01ST,3D0206,False,PRELIMINAR
CS0003,20390625007,CHUBB PERU S.A. COMPAÑIA DE SEGUROS Y REASEGUROS,2012,EMPRESAS EMISORAS,SEGUROS,,Anual Individual,Anual,Soles,M todo Indirecto,110924,63328,47596,116004,3809,5172,-412,4760,3E0301,3E0405,True,PRELIMINAR
CB0002,20100116635,CITIBANK DEL PERU S.A.,2012,EMPRESAS EMISORAS,BANCOS,,Anual Individual,Anual,Soles,M todo Indirecto,5493173,4879858,613315,408965,78943,-17201,,,3F0501,,True,INCOMPLETO
OE4908,20100020361,COMERCIAL DEL ACERO S.A.C.,2012,EMPRESAS EMISORAS,DIVERSOS,,Anual Individual,Anual,Soles,M todo Directo,402589,210804,191785,505331,15655,-63114,-3409,-66523,3D01ST,3D0206,False,PRELIMINAR
B20003,20100079501,COMPAÑIA DE MINAS BUENAVENTURA S.A.A.,2012,EMPRESAS EMISORAS,MINERAS,,Anual Individual,Anual,D lares,M todo Directo,2929464,224155,2705309,1181205,271082,310276,-109068,201208,3D01ST,3D0206,False,PRELIMINAR
B30098,20100012856,COMPAÑIA GOODYEAR DEL PERU S.A.,2012,EMPRESAS EMISORAS,INDUSTRIALES,,Anual Individual,Anual,Soles,M todo Directo,508054,120066,387988,456009,35525,62833,-19160,43673,3D01ST,3D0206,False,PRELIMINAR
B20041,20137025354,COMPAÑIA MINERA PODEROSA S.A.A.,2012,EMPRESAS EMISORAS,MINERAS,,Anual Individual,Anual,Soles,M todo Indirecto,560047,176237,383810,551999,112334,192496,-44556,147940,3D01ST,3D0206,False,PRELIMINAR
B20012,20100163552,COMPAÑIA MINERA RAURA S.A.,2012,EMPRESAS EMISORAS,MINERAS,,Anual Individual,Anual,D lares,M todo Directo,87461,40661,46800,103402,5337,1534,-6619,-5085,3D01ST,3D0206,False,PRELIMINAR
B20013,20100177421,COMPAÑIA MINERA SAN IGNACIO DE MOROCOCHA S.A.A.,2012,EMPRESAS EMISORAS,MINERAS,,Anual Individual,Anual,Soles,M todo Indirecto,287461,125810,161651,127449,10270,20887,-14851,6036,3D01ST,3D0206,False,PRELIMINAR
B20016,20100120314,COMPAÑIA MINERA SANTA LUISA S.A.,2012,EMPRESAS EMISORAS,MINERAS,,Anual Individual,Anual,Soles,M todo Directo,285112,96017,189095,213382,30401,4924,-17418,-12494,3D01ST,3D0206,False,PRELIMINAR
CI0005,20100562848,COMPAÑIA UNIVERSAL TEXTIL S.A. EN LIQUIDACION,2012,EMPRESAS EMISORAS,INDUSTRIALES,,Anual Individual,Anual,Soles,M todo Directo,219712,68637,151075,91108,188,-3506,-1014,-4520,3D01ST,3D0206,False,PRELIMINAR
OE4501,20369155360,COMPARTAMOS BANCO S.A.,2012,EMPRESAS EMISORAS,BANCOS,,Anual Individual,Anual,Soles,M todo Indirecto,708371,615948,92423,177137,18931,27266,,,3F0501,,True,INCOMPLETO
OE3212,20509093521,CONCESIONARIA TRASVASE OLMOS S.A.,2012,EMPRESAS EMISORAS,DIVERSOS,,Anual Individual,Anual,D lares,M todo Indirecto,211855,203803,8052,19815,-8943,30717,-326,30391,3D01ST,3D0206,False,PRELIMINAR
CD0020,20141189850,CONECTA RETAIL S.A.,2012,EMPRESAS EMISORAS,DIVERSOS,,Anual Individual,Anual,Soles,M todo Directo,503342,256705,246637,529110,21623,10428,-6038,4390,3D01ST,3D0206,True,PRELIMINAR
CD0012,20465261634,CONSORCIO AGUA AZUL S.A.,2012,EMPRESAS EMISORAS,SERVICIOS PUBLICOS,,Anual Individual,Anual,Soles,M todo Directo,129567,40510,89057,36700,9746,14951,-70,14881,3D01ST,3D0206,True,PRELIMINAR
OE3557,20518410858,CONSORCIO CEMENTERO DEL SUR S.A.,2012,EMPRESAS EMISORAS,DIVERSOS,,Anual Individual,Anual,Soles,M todo Directo,625896,128714,497182,153991,140885,-6036,0,-6036,3D01ST,3D0206,False,PRELIMINAR
000683,20100195080,CONSORCIO INDUSTRIAL DE AREQUIPA SA,2012,EMPRESAS EMISORAS,INDUSTRIALES,,Anual Individual,Anual,Soles,M todo Directo,77355,14334,63021,61356,7627,9619,-1049,8570,3D01ST,3D0206,False,PRELIMINAR
CD0013,20383316473,CONSORCIO TRANSMANTARO S.A.,2012,EMPRESAS EMISORAS,SERVICIOS PUBLICOS,,Anual Individual,Anual,D lares,M todo Directo,773562,502182,271380,183393,14369,18338,-102,18236,3D01ST,3D0206,True,PRELIMINAR
B30144,20100019940,CONSTRUCCIONES ELECTROMECANICAS DELCROSA S.A.,2012,EMPRESAS EMISORAS,INDUSTRIALES,,Anual Individual,Anual,Soles,M todo Directo,104933,72577,32356,80993,2069,512,-2367,-1855,3D01ST,3D0206,False,PRELIMINAR
CI0003,20370146994,CORPORACION ACEROS AREQUIPA S.A.,2012,EMPRESAS EMISORAS,INDUSTRIALES,,Anual Individual,Anual,Soles,M todo Directo,2716787,1431485,1285302,2165900,45881,314950,-125966,188984,3D01ST,3D0206,True,PRELIMINAR
019886,20161636780,CORPORACION CERAMICA S.A.,2012,EMPRESAS EMISORAS,INDUSTRIALES,,Anual Individual,Anual,Soles,M todo Directo,327001,110774,216227,160329,4964,13849,-2844,11005,3D01ST,3D0206,False,PRELIMINAR
B30207,20100228352,CORPORACION CERVESUR S.A.A.,2012,EMPRESAS EMISORAS,DIVERSOS,,Anual Individual,Anual,Soles,M todo Directo,535958,24028,511930,19947,12175,11706,-240,11466,3D01ST,3D0206,False,PRELIMINAR
CF0002,20100116392,CORPORACION FINANCIERA DE DESARROLLO S.A. - COFIDE,2012,EMPRESAS EMISORAS,FINANCIERAS,,Anual Individual,Anual,Soles,M todo Indirecto,6863664,4637209,2226455,414212,74110,97872,,,3F0501,,True,INCOMPLETO
OE1566,20501663256,CORPORACION FUNERARIA S.A.,2012,EMPRESAS EMISORAS,DIVERSOS,,Anual Individual,Anual,Soles,M todo Directo,15079,650,14429,21993,-165,572,-2554,-1982,3D01ST,3D0206,False,PRELIMINAR
J40258,20224748711,CORPORACION PESQUERA INCA S.A.C. COPEINCA S.A.C.,2012,EMPRESAS EMISORAS,INDUSTRIALES,,Anual Individual,Anual,Soles,M todo Directo,1360383,866795,493588,831405,131656,232256,-52035,180221,3D01ST,3D0206,False,PRELIMINAR
OE5132,20548185051,CREDICORP CAPITAL PERU S.A.A.,2012,EMPRESAS EMISORAS,DIVERSOS,,Anual Individual,Anual,D lares,M todo Directo,71345,18069,53276,0,35,-11,0,-11,3D01ST,3D0206,False,PRELIMINAR
B30060,20133530003,CREDITEX S.A.A.,2012,EMPRESAS EMISORAS,INDUSTRIALES,,Anual Individual,Anual,Soles,M todo Directo,504706,129737,374969,234781,9362,21946,-40050,-18104,3D01ST,3D0206,False,PRELIMINAR
OE3694,20517406610,DEUTSCHE BANK (PERU) S.A. EN LIQUIDACION,2012,EMPRESAS EMISORAS,BANCOS,,Anual Individual,Anual,Soles,M todo Indirecto,1102178,933873,168305,48071,19628,263596,,,3F0501,,False,INCOMPLETO
OE2258,20509845167,DIVISO GRUPO FINANCIERO S.A.,2012,EMPRESAS EMISORAS,DIVERSOS,,Anual Individual,Anual,Soles,M todo Indirecto,309082,79233,229849,32447,2927,28731,-3,28728,3D01ST,3D0206,False,PRELIMINAR
OE3808,20516534754,DUNAS ENERGIA S.A.A.,2012,EMPRESAS EMISORAS,DIVERSOS,,Anual Individual,Anual,Soles,M todo Directo,99800,11955,87845,14186,5995,9291,0,9291,3D01ST,3D0206,False,PRELIMINAR
OE3108,20375312868,EDYFICAR PERU S.A.,2012,EMPRESAS EMISORAS,DIVERSOS,,Anual Individual,Anual,Soles,M todo Directo,2715002,2454605,260397,514512,87715,147759,,,3F0501,,True,INCOMPLETO
B80104,20100035392,EL PACIFICO PERUANO-SUIZA CIA DE SEGUROS Y REASEGUROS,2012,EMPRESAS EMISORAS,SEGUROS,,Anual Individual,Anual,Soles,M todo Indirecto,2146190,1060504,1085686,1088831,99421,55244,-65418,-10174,3E0301,3E0405,True,PRELIMINAR
B40013,20106156400,ELECTRO DUNAS S.A.A.,2012,EMPRESAS EMISORAS,SERVICIOS PUBLICOS,,Anual Individual,Anual,Soles,M todo Directo,367703,143008,224695,224982,9098,15115,-12497,2618,3D01ST,3D0206,False,PRELIMINAR
B40005,20116544289,ELECTRO SUR ESTE S.A.A.,2012,EMPRESAS EMISORAS,SERVICIOS PUBLICOS,,Anual Individual,Anual,Soles,M todo Directo,680349,89816,590533,226264,22599,57859,-33795,24064,3D01ST,3D0206,True,PRELIMINAR
B11072,20131835621,EMPRESA AGRARIA CHIQUITOY S.A.,2012,EMPRESAS EMISORAS,AGRICOLAS,,Anual Individual,Anual,Soles,M todo Directo,86345,32810,53535,41212,5926,17482,-4706,12776,3D01ST,3D0206,False,PRELIMINAR
B11074,20103272964,EMPRESA AGRICOLA SAN JUAN S.A.,2012,EMPRESAS EMISORAS,AGRICOLAS,,Anual Individual,Anual,Soles,M todo Directo,131298,44157,87141,56591,9824,5511,-3986,1525,3D01ST,3D0206,False,PRELIMINAR
B08358,20133419749,EMPRESA AGRICOLA SINTUCO S.A.,2012,EMPRESAS EMISORAS,AGRICOLAS,,Anual Individual,Anual,Soles,M todo Directo,80951,14721,66230,15406,7711,5837,-200,5637,3D01ST,3D0206,True,PRELIMINAR
B08360,20163898200,EMPRESA AGROINDUSTRIAL POMALCA S.A.A.,2012,EMPRESAS EMISORAS,AGRICOLAS,,Anual Individual,Anual,Soles,M todo Directo,893527,469513,424014,125872,18302,8704,-11409,-2705,3D01ST,3D0206,False,PRELIMINAR
B11078,20136009614,EMPRESA AGROINDUSTRIAL TUMAN S.A.A.,2012,EMPRESAS EMISORAS,AGRICOLAS,,Anual Individual,Anual,Soles,M todo Directo,884402,446150,438252,131810,-20642,-10679,-5423,-16102,3D01ST,3D0206,False,PRELIMINAR
017070,20141723601,EMPRESA AZUCARERA EL INGENIO S.A.,2012,EMPRESAS EMISORAS,AGRICOLAS,,Anual Individual,Anual,Soles,M todo Directo,64578,14971,49607,11145,5064,-193,-10,-203,3D01ST,3D0206,False,PRELIMINAR
OE2027,20279889208,EMPRESA DE GENERACION ELECTRICA DEL SUR S.A.,2012,EMPRESAS EMISORAS,SERVICIOS PUBLICOS,,Anual Individual,Anual,Soles,M todo Directo,194539,8159,186380,48998,5317,11823,-229,11594,3D01ST,3D0206,False,PRELIMINAR
SP0009,20262221335,EMPRESA DE GENERACION ELECTRICA SAN GABAN S.A.,2012,EMPRESAS EMISORAS,SERVICIOS PUBLICOS,,Anual Individual,Anual,Soles,M todo Directo,475444,126012,349432,149926,35620,47788,-15752,32036,3D01ST,3D0206,True,PRELIMINAR
B30241,20143229816,EMPRESA EDITORA EL COMERCIO S.A.,2012,EMPRESAS EMISORAS,INDUSTRIALES,,Anual Individual,Anual,Soles,M todo Directo,794750,301925,492825,731341,152828,152946,-43948,108998,3D01ST,3D0206,False,PRELIMINAR
CD0022,20100027705,EMPRESA ELECTRICIDAD DEL PERU - ELECTROPERU S.A.,2012,EMPRESAS EMISORAS,SERVICIOS PUBLICOS,,Anual Individual,Anual,Soles,M todo Directo,3479225,351205,3128020,1120949,305457,416621,-23451,393170,3D01ST,3D0206,True,PRELIMINAR
B40006,20119205949,EMPRESA REGIONAL DE SERVICIO PUBLICO DE ELECTRICIDAD - ELECTROSUR S.A.,2012,EMPRESAS EMISORAS,SERVICIOS PUBLICOS,,Anual Individual,Anual,Soles,M todo Directo,187474,30508,156966,118077,10072,17086,-14527,2559,3D01ST,3D0206,True,PRELIMINAR
SP0006,20405479592,EMPRESA REGIONAL DE SERVICIO PUBLICO DE ELECTRICIDAD DE PUNO S.A.A. - ELECTROPUNO,2012,EMPRESAS EMISORAS,SERVICIOS PUBLICOS,,Anual Individual,Anual,Soles,M todo Indirecto,298421,35921,262500,116861,11815,18642,0,18642,3D01ST,3D0206,True,PRELIMINAR
B40002,20132023540,EMPRESA REGIONAL DE SERVICIO PUBLICO DE ELECTRICIDAD ELECTRONORTE MEDIO S.A. - HIDRANDINA,2012,EMPRESAS EMISORAS,SERVICIOS PUBLICOS,,Anual Individual,Anual,Soles,M todo Directo,1228118,346855,881263,528166,35145,98178,-49549,48629,3D01ST,3D0206,False,PRELIMINAR
CM0003,20402885549,EMPRESA SIDERURGICA DEL PERU S.A.A. - SIDERPERU,2012,EMPRESAS EMISORAS,INDUSTRIALES,,Anual Individual,Anual,Soles,M todo Directo,2052857,1094893,957964,1681492,-99229,-8309,-65983,-74292,3D01ST,3D0206,False,PRELIMINAR
003058,20270508163,ENEL GENERACION PIURA S.A.,2012,EMPRESAS EMISORAS,SERVICIOS PUBLICOS,,Anual Individual,Anual,Soles,M todo Indirecto,515979,269477,246502,255024,54706,97037,-73957,23080,3D01ST,3D0206,False,PRELIMINAR
OE4860,20543420477,ENERGIA DEL PACIFICO S.A.,2012,EMPRESAS EMISORAS,DIVERSOS,,Anual Individual,Anual,Soles,M todo Directo,394858,150258,244600,0,14954,-407,0,-407,3D01ST,3D0206,True,PRELIMINAR
002829,20333363900,ENGIE ENERGIA PERU S.A.A.,2012,EMPRESAS EMISORAS,SERVICIOS PUBLICOS,,Anual Individual,Anual,D lares,M todo Directo,1345130,794995,550135,496128,100633,119035,-120011,-976,3D01ST,3D0206,False,PRELIMINAR
B30094,20100094135,EXSA S.A.,2012,EMPRESAS EMISORAS,INDUSTRIALES,,Anual Individual,Anual,Soles,M todo Indirecto,503612,240899,262713,425576,30713,39424,-9873,29551,3D01ST,3D0206,True,PRELIMINAR
B30042,20100020956,FABRICA DE HILADOS Y TEJIDOS SAN MIGUEL S.A. - EN LIQUIDACION,2012,EMPRESAS EMISORAS,INDUSTRIALES,,Anual Individual,Anual,Soles,M todo Directo,1374,15,1359,0,38,3,0,3,3D01ST,3D0206,False,PRELIMINAR
B30211,20100165687,FABRICA NACIONAL DE ACUMULADORES ETNA S.A.,2012,EMPRESAS EMISORAS,INDUSTRIALES,,Anual Individual,Anual,Soles,M todo Indirecto,180541,53921,126620,94665,14823,3973,-2396,1577,3D01ST,3D0206,False,PRELIMINAR
B30122,20100051240,FABRICA PERUANA ETERNIT S.A.,2012,EMPRESAS EMISORAS,INDUSTRIALES,,Anual Individual,Anual,Soles,M todo Directo,216595,67427,149168,203624,22602,26981,-3119,23862,3D01ST,3D0206,True,PRELIMINAR
B60001,20100027292,FERREYCORP S.A.A.,2012,EMPRESAS EMISORAS,DIVERSOS,,Anual Individual,Anual,Soles,M todo Directo,1698769,447852,1250917,117666,175873,174669,-7403,167266,3D01ST,3D0206,True,PRELIMINAR
B30083,20100083010,FILAMENTOS INDUSTRIALES S.A.,2012,EMPRESAS EMISORAS,DIVERSOS,,Anual Individual,Anual,Soles,M todo Indirecto,175132,60384,114748,70965,-72,10298,-3249,7049,3D01ST,3D0206,False,PRELIMINAR
J00177,20401319817,FINANCIERA CONFIANZA S.A.,2012,EMPRESAS EMISORAS,FINANCIERAS,,Anual Individual,Anual,Soles,M todo Indirecto,634914,534458,100456,146163,18212,38595,,,3F0501,,False,INCOMPLETO
OE3205,20228319768,FINANCIERA CONFIANZA S.A.A.,2012,EMPRESAS EMISORAS,FINANCIERAS,,Anual Individual,Anual,Soles,M todo Indirecto,1018920,795902,223018,199072,17904,56066,,,3F0501,,True,INCOMPLETO
OE5251,20348067053,FINANCIERA PROEMPRESA S.A.,2012,EMPRESAS EMISORAS,FINANCIERAS,,Anual Individual,Anual,Soles,M todo Indirecto,253156,205879,47277,62480,3051,10870,,,3F0501,,True,INCOMPLETO
OE4241,20521308321,FINANCIERA QAPAQ S.A.,2012,EMPRESAS EMISORAS,FINANCIERAS,,Anual Individual,Anual,Soles,M todo Indirecto,399598,336052,63546,49697,-160,18273,,,3F0501,,True,INCOMPLETO
B80145,20337996834,FINANCIERA TFC S.A. EN LIQUIDACION,2012,EMPRESAS EMISORAS,FINANCIERAS,,Anual Individual,Anual,Soles,M todo Indirecto,387752,336500,51252,91298,635,28679,,,3F0501,,True,INCOMPLETO
J40093,20414671773,FONDO MIVIVIENDA S.A.,2012,EMPRESAS EMISORAS,FINANCIERAS,,Anual Individual,Anual,Soles,M todo Indirecto,3573477,478538,3094939,218743,91660,-207579,,,3F0501,,True,INCOMPLETO
OE4159,20523108574,FOSFATOS DEL PACIFICO S.A.,2012,EMPRESAS EMISORAS,MINERAS,,Anual Individual,Anual,Soles,M todo Indirecto,175674,5317,170357,0,-9588,-17282,-35204,-52486,3D01ST,3D0206,False,PRELIMINAR
001152,20100094054,FUTURA CONSORCIO INMOBILIARIO S.A.,2012,EMPRESAS EMISORAS,DIVERSOS,,Anual Individual,Anual,Soles,M todo Directo,322203,79349,242854,5174,51551,-4265,0,-4265,3D01ST,3D0206,True,PRELIMINAR
022984,20297652274,GENERANDES PERU S.A.,2012,EMPRESAS EMISORAS,SERVICIOS PUBLICOS,,Anual Individual,Anual,Soles,M todo Directo,1081631,46,1081585,0,101607,94837,0,94837,3D01ST,3D0206,True,PRELIMINAR
CM0008,20507828915,GOLD FIELDS LA CIMA S.A.,2012,EMPRESAS EMISORAS,MINERAS,,Anual Individual,Anual,Soles,M todo Indirecto,3263241,889182,2374059,1438812,525497,413090,-191418,221672,3D01ST,3D0206,False,PRELIMINAR
B80049,20100116988,GR HOLDING S.A.,2012,EMPRESAS EMISORAS,DIVERSOS,,Anual Individual,Anual,Soles,M todo Indirecto,162016,14927,147089,67065,33454,5330,0,5330,3D01ST,3D0206,False,PRELIMINAR
OE5100,20549302671,GRUPO ACP CORP. S.A.,2012,EMPRESAS EMISORAS,DIVERSOS,,Anual Individual,Anual,Soles,M todo Indirecto,508,20,488,0,-12,-19,0,-19,3D01ST,3D0206,False,PRELIMINAR
BV0001,20100055661,GRUPO BVL S.A.A.,2012,EMPRESAS EMISORAS,DIVERSOS,,Anual Individual,Anual,Soles,M todo Directo,98023,10179,87844,54658,24888,13666,-501,13165,3D01ST,3D0206,True,PRELIMINAR
B30140,20100171814,HIDROSTAL S.A.,2012,EMPRESAS EMISORAS,INDUSTRIALES,,Anual Individual,Anual,Soles,M todo Directo,166298,63037,103261,139356,7209,8152,-7763,389,3D01ST,3D0206,False,PRELIMINAR
OE1679,20508565934,HIPERMERCADOS TOTTUS S.A,2012,EMPRESAS EMISORAS,DIVERSOS,,Anual Individual,Anual,Soles,M todo Directo,1145782,678475,467307,2254835,55731,87447,-152597,-65150,3D01ST,3D0206,True,PRELIMINAR
OE3986,20518201426,HIPOTECARIA SURA EMPRESA ADMINISTRADORA HIPOTECARIA S.A. - EN LIQUIDACION,2012,EMPRESAS EMISORAS,DIVERSOS,,Anual Individual,Anual,Soles,M todo Indirecto,69898,46179,23719,3577,-3649,1772,,,3F0501,,True,INCOMPLETO
OE5021,20523611250,H2OLMOS S.A.,2012,EMPRESAS EMISORAS,DIVERSOS,,Anual Individual,Anual,Soles,M todo Indirecto,458857,430416,28441,95667,-3491,-150260,-18,-150278,3D01ST,3D0206,False,PRELIMINAR
B30236,20251293181,INDECO S.A.,2012,EMPRESAS EMISORAS,INDUSTRIALES,,Anual Individual,Anual,D lares,M todo Directo,111710,15587,96123,270422,15827,22819,-2121,20698,3D01ST,3D0206,True,PRELIMINAR
B30050,20102728743,INDUSTRIA TEXTIL PIURA S.A.,2012,EMPRESAS EMISORAS,INDUSTRIALES,,Anual Individual,Anual,Soles,M todo Directo,332938,164248,168690,87344,-17184,-3119,-3704,-6823,3D01ST,3D0206,False,PRELIMINAR
B30107,20100004322,INDUSTRIAS DEL ENVASE S.A.,2012,EMPRESAS EMISORAS,INDUSTRIALES,,Anual Individual,Anual,Soles,M todo Directo,108780,67995,40785,143981,9839,14913,-9943,4970,3D01ST,3D0206,False,PRELIMINAR
B30152,20100003512,INDUSTRIAS ELECTRO QUIMICAS S.A. IEQSA,2012,EMPRESAS EMISORAS,INDUSTRIALES,,Anual Individual,Anual,Soles,M todo Directo,164970,51202,113768,264749,-2829,1859,-3804,-1945,3D01ST,3D0206,False,PRELIMINAR
OE4256,20522291201,INFINANCE XP S.A. (ANTES FINANCIERA OH! S.A.),2012,EMPRESAS EMISORAS,FINANCIERAS,,Anual Individual,Anual,Soles,M todo Indirecto,161641,67503,94138,45859,-3214,20626,,,3F0501,,True,INCOMPLETO
OE4660,20543135942,INMOBILIARIA IDE S.A.,2012,EMPRESAS EMISORAS,DIVERSOS,,Anual Individual,Anual,Soles,M todo Indirecto,14627,2127,12500,728,395,600,0,600,3D01ST,3D0206,False,PRELIMINAR
B30127,20100049938,INMOBILIARIA KANPU S.A.,2012,EMPRESAS EMISORAS,DIVERSOS,,Anual Individual,Anual,Soles,M todo Directo,220795,124605,96190,214784,5888,18329,-4174,14155,3D01ST,3D0206,False,PRELIMINAR
CN0002,20499141051,INMOBILIARIA MILENIA S.A.,2012,EMPRESAS EMISORAS,DIVERSOS,,Anual Individual,Anual,Soles,M todo Directo,164396,42302,122094,8450,9274,4348,0,4348,3D01ST,3D0206,False,PRELIMINAR
J00194,20511910642,INMUEBLES COMERCIALES DEL PERU S.A.C.,2012,EMPRESAS EMISORAS,DIVERSOS,,Anual Individual,Anual,Soles,M todo Directo,423814,54391,369423,3260,7615,-5282,0,-5282,3D01ST,3D0206,False,PRELIMINAR
OE1274,20423264617,INMUEBLES PANAMERICANA S.A.,2012,EMPRESAS EMISORAS,DIVERSOS,,Anual Individual,Anual,Soles,M todo Directo,677405,301806,375599,73957,63735,8883,-21776,-12893,3D01ST,3D0206,False,PRELIMINAR
OE5087,0,INRETAIL PERU CORP.,2012,EMPRESAS EMISORAS,DIVERSOS,,Anual Individual,Anual,Soles,M todo Directo,3647778,335676,3312102,65000,51328,51259,0,51259,3D01ST,3D0206,False,PRELIMINAR
OE4150,20492497721,INSUR S.A. COMPAÑIA DE SEGUROS,2012,EMPRESAS EMISORAS,SEGUROS,,Anual Individual,Anual,Soles,M todo Indirecto,21063,9172,11891,12499,3741,5222,-47,5175,3E0301,3E0405,True,PRELIMINAR
B70009,20100017491,INTEGRATEL PERU S.A.A.,2012,EMPRESAS EMISORAS,SERVICIOS PUBLICOS,,Anual Individual,Anual,Soles,M todo Directo,8582569,4320556,4262013,3898862,537697,684649,-702623,-17974,3D01ST,3D0206,False,PRELIMINAR
OE2305,0,INTERCORP FINANCIAL SERVICES INC.,2012,EMPRESAS EMISORAS,DIVERSOS,,Anual Individual,Anual,Soles,M todo Indirecto,2924796,33890,2890906,758801,705714,-37355,,,3F0501,,False,INCOMPLETO
CD0010,0,INTERCORP PERU LTD.,2012,EMPRESAS EMISORAS,DIVERSOS,,Anual Individual,Anual,Soles,M todo Indirecto,5231390,972056,4259334,637322,541282,-37339,,,3F0501,,True,INCOMPLETO
CS0002,20382748566,INTERSEGURO COMPAÑIA DE SEGUROS S.A.,2012,EMPRESAS EMISORAS,SEGUROS,,Anual Individual,Anual,Soles,M todo Directo,3103109,2566506,536603,83349,189207,601775,-1561,600214,3E0301,3E0405,False,PRELIMINAR
TI0002,20417378911,INTRADEVCO INDUSTRIAL S.A.,2012,EMPRESAS EMISORAS,INDUSTRIALES,,Anual Individual,Anual,Soles,M todo Directo,625308,306948,318360,373735,23856,76675,-14726,61949,3D01ST,3D0206,True,PRELIMINAR
B80057,20101099149,INVERSIONES ASPI S.A.,2012,EMPRESAS EMISORAS,DIVERSOS,,Anual Individual,Anual,Soles,M todo Indirecto,421123,38677,382446,43308,8330,7148,-879,6269,3D01ST,3D0206,True,PRELIMINAR
B80077,20101045995,INVERSIONES CENTENARIO S.A.A.,2012,EMPRESAS EMISORAS,DIVERSOS,,Anual Individual,Anual,Soles,M todo Directo,1452321,668960,783361,185854,168468,69128,-150622,-81494,3D01ST,3D0206,True,PRELIMINAR
B60004,20104347691,INVERSIONES EN TURISMO S.A. INVERTUR,2012,EMPRESAS EMISORAS,DIVERSOS,,Anual Individual,Anual,Soles,M todo Directo,40108,7127,32981,17382,1835,3847,-1137,2710,3D01ST,3D0206,False,PRELIMINAR
003512,20334766714,INVERSIONES LA RIOJA S.A.,2012,EMPRESAS EMISORAS,DIVERSOS,,Anual Individual,Anual,Soles,M todo Directo,465777,192566,273211,86350,9946,30674,-34156,-3482,3D01ST,3D0206,False,PRELIMINAR
B60005,20114803228,INVERSIONES NACIONALES DE TURISMO S.A. INTURSA,2012,EMPRESAS EMISORAS,DIVERSOS,,Anual Individual,Anual,Soles,M todo Directo,1067100,253391,813709,164811,-7725,31669,-34297,-2628,3D01ST,3D0206,False,PRELIMINAR
OE4189,20510992904,KALLPA GENERACION S.A.,2012,EMPRESAS EMISORAS,SERVICIOS PUBLICOS,,Anual Individual,Anual,D lares,M todo Directo,668712,474014,194698,276341,33818,54534,-43939,10595,3D01ST,3D0206,True,PRELIMINAR
OE4812,20516373301,KUNTUR TRANSPORTADORA DE GAS S.A.,2012,EMPRESAS EMISORAS,SERVICIOS PUBLICOS,,Anual Individual,Anual,D lares,M todo Directo,80195,20362,59833,0,-5617,-15471,-74,-15545,3D01ST,3D0206,False,PRELIMINAR
A80069,20100210909,LA POSITIVA SEGUROS Y REASEGUROS S.A.,2012,EMPRESAS EMISORAS,SEGUROS,,Anual Individual,Anual,Soles,M todo Indirecto,657593,381486,276107,559194,18505,49252,-17428,31824,3E0301,3E0405,False,PRELIMINAR
OE2069,20454073143,LA POSITIVA VIDA SEGUROS Y REASEGUROS S.A.,2012,EMPRESAS EMISORAS,SEGUROS,,Anual Individual,Anual,Soles,M todo Indirecto,1749903,1559538,190365,217238,11851,148388,-800,147588,3E0301,3E0405,False,PRELIMINAR
CI0011,20100095450,LAIVE S.A.,2012,EMPRESAS EMISORAS,INDUSTRIALES,,Anual Individual,Anual,Soles,M todo Directo,260594,127177,133417,397585,12113,18552,-7715,10837,3D01ST,3D0206,False,PRELIMINAR
B30230,20100190100,LAPICES Y CONEXOS S.A. LAYCONSA,2012,EMPRESAS EMISORAS,INDUSTRIALES,,Anual Individual,Anual,Soles,M todo Directo,110038,59012,51026,46931,1054,-3569,-901,-4470,3D01ST,3D0206,False,PRELIMINAR
OE4447,20524981981,LEASING PERU S.A. (EN LIQUIDACION),2012,EMPRESAS EMISORAS,DIVERSOS,,Anual Individual,Anual,Soles,M todo Indirecto,279956,236016,43940,45806,-75,801,,,3F0501,,False,INCOMPLETO
006166,20100190797,LECHE GLORIA S.A.,2012,EMPRESAS EMISORAS,INDUSTRIALES,,Anual Individual,Anual,Soles,M todo Directo,2436811,1037295,1399516,2806691,241622,203475,-162658,40817,3D01ST,3D0206,False,PRELIMINAR
B30099,20100182778,LIMA CAUCHO S.A. EN LIQUIDACION,2012,EMPRESAS EMISORAS,INDUSTRIALES,,Anual Individual,Anual,Soles,M todo Directo,351558,157598,193960,143998,1510,25457,-4377,21080,3D01ST,3D0206,False,PRELIMINAR
J00121,20100007348,LIMA GAS S.A.,2012,EMPRESAS EMISORAS,DIVERSOS,,Anual Individual,Anual,Soles,M todo Directo,146070,72071,73999,296481,10380,15921,-6894,9027,3D01ST,3D0206,True,PRELIMINAR
B70032,20301837896,LOS PORTALES S.A.,2012,EMPRESAS EMISORAS,DIVERSOS,,Anual Individual,Anual,Soles,M todo Indirecto,843057,644504,198553,379301,39245,-30739,-17259,-47998,3D01ST,3D0206,True,PRELIMINAR
B40008,20331898008,LUZ DEL SUR S.A.A.,2012,EMPRESAS EMISORAS,SERVICIOS PUBLICOS,,Anual Individual,Anual,Soles,M todo Directo,2890803,1475826,1414977,2045625,306214,317163,-292444,24719,3D01ST,3D0206,False,PRELIMINAR
B30134,20100074371,MANUFACTURA DE METALES Y ALUMINIO RECORD S.A. EN LIQUIDACION,2012,EMPRESAS EMISORAS,INDUSTRIALES,,Anual Individual,Anual,Soles,M todo Indirecto,130985,44662,86323,60733,2640,728,0,728,3D01ST,3D0206,True,PRELIMINAR
CS0004,20418896915,MAPFRE PERU COMPAÑIA DE SEGUROS Y REASEGUROS,2012,EMPRESAS EMISORAS,SEGUROS,,Anual Individual,Anual,Soles,M todo Indirecto,649951,559968,89983,221921,24144,58382,-10422,47960,3E0301,3E0405,False,PRELIMINAR
B80122,20202380621,MAPFRE PERU COMPAÑIA DE SEGUROS Y REASEGUROS (SOCIEDAD ABSORBIDA),2012,EMPRESAS EMISORAS,SEGUROS,,Anual Individual,Anual,Soles,M todo Indirecto,733933,547800,186133,600286,21191,95014,-19764,75250,3E0301,3E0405,False,PRELIMINAR
B20030,20100037841,MARMOLES Y GRANITOS S.A.,2012,EMPRESAS EMISORAS,MINERAS,,Anual Individual,Anual,Soles,M todo Directo,27597,19469,8128,2904,-5790,-3786,-366,-4152,3D01ST,3D0206,True,PRELIMINAR
CB0001,20382036655,MIBANCO BANCO DE LA MICROEMPRESA S.A.,2012,EMPRESAS EMISORAS,BANCOS,,Anual Individual,Anual,Soles,M todo Indirecto,5561881,4919680,642201,1053692,68311,-465300,,,3F0501,,True,INCOMPLETO
TI0003,20100192650,MICHELL Y CIA. S.A.,2012,EMPRESAS EMISORAS,INDUSTRIALES,,Anual Individual,Anual,Soles,M todo Directo,261434,99253,162181,205242,11291,31235,-12514,18721,3D01ST,3D0206,False,PRELIMINAR
CM0002,20338426781,MINERA ANDINA DE EXPLORACIONES S.A.A.,2012,EMPRESAS EMISORAS,MINERAS,,Anual Individual,Anual,Soles,M todo Directo,4382,1368,3014,3755,-161,-1581,-691,-2272,3D01ST,3D0206,False,PRELIMINAR
002728,20209133394,MINERA BARRICK MISQUICHILCA SA,2012,EMPRESAS EMISORAS,MINERAS,,Anual Individual,Anual,D lares,M todo Indirecto,2907045,760602,2146443,1424784,602914,642423,-131682,510741,3D01ST,3D0206,False,PRELIMINAR
A20032,20100136741,MINSUR S.A.,2012,EMPRESAS EMISORAS,MINERAS,,Anual Individual,Anual,D lares,M todo Directo,2367593,370197,1997396,640507,261378,266362,-128790,137572,3D01ST,3D0206,True,PRELIMINAR
BF0001,20375361991,MITSUI AUTO FINANCE PERU S.A.,2012,EMPRESAS EMISORAS,FINANCIERAS,,Anual Individual,Anual,Soles,M todo Indirecto,404523,294434,110089,42464,1432,-5225,,,3F0501,,True,INCOMPLETO
OE5065,20548312184,MOLPACK DEL PERU S.A.,2012,EMPRESAS EMISORAS,INDUSTRIALES,,Anual Individual,Anual,Soles,M todo Indirecto,23137,7655,15482,2399,470,606,-157,449,3D01ST,3D0206,False,PRELIMINAR
TI0001,20417926632,MOTORES DIESEL ANDINOS S.A.,2012,EMPRESAS EMISORAS,INDUSTRIALES,,Anual Individual,Anual,Soles,M todo Directo,368858,177279,191579,301396,17822,12822,-6674,6148,3D01ST,3D0206,False,PRELIMINAR
B80136,20100007852,NEGOCIOS E INMUEBLES S.A.,2012,EMPRESAS EMISORAS,DIVERSOS,,Anual Individual,Anual,Soles,M todo Directo,596603,70910,525693,28862,147809,-7305,0,-7305,3D01ST,3D0206,True,PRELIMINAR
CM0007,20100123500,NEXA RESOURCES ATACOCHA S.A.A.,2012,EMPRESAS EMISORAS,MINERAS,,Anual Individual,Anual,D lares,M todo Directo,189269,91869,97400,111207,-8721,14495,-14299,196,3D01ST,3D0206,False,PRELIMINAR
B20010,20100110513,NEXA RESOURCES PERU S.A.A.,2012,EMPRESAS EMISORAS,MINERAS,,Anual Individual,Anual,D lares,M todo Directo,857786,371874,485912,520493,20058,168071,-151268,16803,3D01ST,3D0206,True,PRELIMINAR
OE5008,20547203608,NISA MALLS S.A.,2012,EMPRESAS EMISORAS,DIVERSOS,,Anual Individual,Anual,Soles,M todo Directo,9,38,-29,0,-31,-36,0,-36,3D01ST,3D0206,True,PRELIMINAR
023154,20338646802,ORAZUL ENERGY EGENOR SOCIEDAD EN COMANDITA POR ACCIONES,2012,EMPRESAS EMISORAS,SERVICIOS PUBLICOS,,Anual Individual,Anual,Soles,M todo Directo,1389060,616980,772080,475683,99294,191959,-6704,185255,3D01ST,3D0206,False,PRELIMINAR
B40009,20330791412,ORYGEN PERU S.A.A.,2012,EMPRESAS EMISORAS,SERVICIOS PUBLICOS,,Anual Individual,Anual,Soles,M todo Directo,4039526,1660272,2379254,1347273,307332,374752,-67530,307222,3D01ST,3D0206,False,PRELIMINAR
B60055,20332970411,PACIFICO COMPAÑIA DE SEGUROS Y REASEGUROS,2012,EMPRESAS EMISORAS,SEGUROS,,Anual Individual,Anual,Soles,M todo Indirecto,3762559,3218597,543962,637081,99840,498007,-44718,453289,3E0301,3E0405,True,PRELIMINAR
B50003,20118206208,PERU HOLDING DE TURISMO S.A.A.,2012,EMPRESAS EMISORAS,DIVERSOS,,Anual Individual,Anual,Soles,M todo Directo,198572,16716,181856,157,35,780,0,780,3D01ST,3D0206,True,PRELIMINAR
OE4139,20506342563,PERU LNG S.R.L.,2012,EMPRESAS EMISORAS,DIVERSOS,,Anual Individual,Anual,D lares,M todo Indirecto,3515486,2176971,1338515,1333336,43414,227945,-13161,214784,3D01ST,3D0206,False,PRELIMINAR
002927,20338352728,PERUANA DE ENERGIA S.A.A.,2012,EMPRESAS EMISORAS,SERVICIOS PUBLICOS,,Anual Individual,Anual,Soles,M todo Directo,51992,2469,49523,5920,2458,8658,-90,8568,3D01ST,3D0206,False,PRELIMINAR
OE4680,20251995967,PERUANA DE MOLDEADOS S.A. - PAMOLSA,2012,EMPRESAS EMISORAS,INDUSTRIALES,,Anual Individual,Anual,Soles,M todo Indirecto,185166,80271,104895,233001,30137,45713,-5505,40208,3D01ST,3D0206,False,PRELIMINAR
B20023,20100136237,PERUBAR S.A.,2012,EMPRESAS EMISORAS,MINERAS,,Anual Individual,Anual,D lares,M todo Directo,69517,4463,65054,19255,4341,5132,-14555,-9423,3D01ST,3D0206,False,PRELIMINAR
CI0012,20380336384,PESQUERA EXALMAR S.A.A.,2012,EMPRESAS EMISORAS,INDUSTRIALES,,Anual Individual,Anual,D lares,M todo Directo,470041,235812,234229,216989,21199,36039,-41850,-5811,3D01ST,3D0206,True,PRELIMINAR
J00171,20100128218,PETROLEOS DEL PERU - PETROPERU S.A.,2012,EMPRESAS EMISORAS,INDUSTRIALES,,Anual Individual,Anual,Soles,M todo Directo,6246089,3486317,2759772,13382272,66193,576535,-254881,321654,3D01ST,3D0206,False,PRELIMINAR
OE2008,20510889135,PLUSPETROL CAMISEA S.A.,2012,EMPRESAS EMISORAS,DIVERSOS,,Anual Individual,Anual,D lares,M todo Indirecto,554477,326746,227731,429476,146804,153957,-32860,121097,3D01ST,3D0206,False,PRELIMINAR
OE2009,20510888911,PLUSPETROL LOTE 56 S.A.,2012,EMPRESAS EMISORAS,DIVERSOS,,Anual Individual,Anual,D lares,M todo Indirecto,438932,211921,227011,482174,158094,193262,-75882,117380,3D01ST,3D0206,False,PRELIMINAR
B40010,20269985900,PLUZ ENERGIA PERU S.A.A.,2012,EMPRESAS EMISORAS,SERVICIOS PUBLICOS,,Anual Individual,Anual,Soles,M todo Indirecto,2802098,1724361,1077737,2095671,216704,464206,-287231,176975,3D01ST,3D0206,False,PRELIMINAR
OE1928,20510398158,PRIMA AFP S.A.,2012,EMPRESAS EMISORAS,A.F.P.,,Anual Individual,Anual,Soles,M todo Directo,786354,282709,503645,335989,110678,155350,-1494,153856,3A01ST,3A0206,True,PRELIMINAR
AFP004,20142829551,PROFUTURO AFP,2012,EMPRESAS EMISORAS,A.F.P.,,Anual Individual,Anual,Soles,M todo Directo,327421,81559,245862,196544,62291,63609,-2197,61412,3A01ST,3A0206,True,PRELIMINAR
OE3191,20517207331,PROTECTA S.A. COMPAÑIA DE SEGUROS Y REASEGUROS,2012,EMPRESAS EMISORAS,SEGUROS,,Anual Individual,Anual,Soles,M todo Indirecto,217865,175193,42672,54010,2095,70874,-381,70493,3E0301,3E0405,True,PRELIMINAR
B20042,20330791501,QUIMPAC S.A.,2012,EMPRESAS EMISORAS,INDUSTRIALES,,Anual Individual,Anual,Soles,M todo Directo,1226693,633847,592846,472160,94377,75743,-207076,-131333,3D01ST,3D0206,True,PRELIMINAR
J00123,20378890161,RASH PERU S.A.C.,2012,EMPRESAS EMISORAS,DIVERSOS,,Anual Individual,Anual,Soles,M todo Indirecto,93993,58447,35546,151937,10506,2185,-4730,-2545,3D01ST,3D0206,True,PRELIMINAR
B30084,20100026997,RAYON INDUSTRIAL S.A. EN LIQUIDACION,2012,EMPRESAS EMISORAS,INDUSTRIALES,,Anual Individual,Anual,Soles,M todo Directo,639,6,633,0,-171,-1,0,-1,3D01ST,3D0206,True,PRELIMINAR
B30220,20100005566,REACTIVOS NACIONALES S.A. RENASA,2012,EMPRESAS EMISORAS,INDUSTRIALES,,Anual Individual,Anual,Soles,M todo Directo,88125,12664,75461,39932,1795,2747,-701,2046,3D01ST,3D0206,False,PRELIMINAR
B90002,20100298725,RED BICOLOR DE COMUNICACIONES S.A.A. - RBC TV S.A.A.,2012,EMPRESAS EMISORAS,DIVERSOS,,Anual Individual,Anual,Soles,M todo Directo,6613,186,6427,7193,-23,-1611,-249,-1860,3D01ST,3D0206,False,PRELIMINAR
SP0008,20504645046,RED DE ENERGIA DEL PERU S.A.,2012,EMPRESAS EMISORAS,SERVICIOS PUBLICOS,,Anual Individual,Anual,D lares,M todo Directo,587567,339606,247961,147698,25138,49808,-1194,48614,3D01ST,3D0206,False,PRELIMINAR
OE3927,20505377142,RED VIAL 5 S.A.,2012,EMPRESAS EMISORAS,DIVERSOS,,Anual Individual,Anual,Soles,M todo Directo,167835,52055,115780,85700,27156,29495,-148,29347,3D01ST,3D0206,True,PRELIMINAR
002766,20259829594,REFINERIA LA PAMPILLA S.A.A.,2012,EMPRESAS EMISORAS,INDUSTRIALES,,Anual Individual,Anual,D lares,M todo Directo,1297450,814923,482527,4682050,29503,215565,-26303,189262,3D01ST,3D0206,False,PRELIMINAR
B80037,20100041953,RIMAC SEGUROS Y REASEGUROS,2012,EMPRESAS EMISORAS,SEGUROS,,Anual Individual,Anual,Soles,M todo Indirecto,5842260,4610498,1231762,2139262,169052,477256,-86804,390452,3E0301,3E0405,True,PRELIMINAR
014313,20100128056,SAGA FALABELLA S.A.,2012,EMPRESAS EMISORAS,DIVERSOS,,Anual Individual,Anual,Soles,M todo Directo,1360132,787117,573015,2422332,129081,21847,-75082,-53235,3D01ST,3D0206,False,PRELIMINAR
000717,20100154308,SAN FERNANDO S.A.,2012,EMPRESAS EMISORAS,INDUSTRIALES,,Anual Individual,Anual,Soles,M todo Directo,1534679,662224,872455,1854208,36002,38876,-72706,-33830,3D01ST,3D0206,True,PRELIMINAR
B80134,20255993225,SANTANDER CONSUMER BANK S.A.,2012,EMPRESAS EMISORAS,BANCOS,,Anual Individual,Anual,Soles,M todo Indirecto,3865245,3309509,555736,1033122,138710,457137,,,3F0501,,True,INCOMPLETO
B80012,20100043140,SCOTIABANK PERU S.A.A.,2012,EMPRESAS EMISORAS,BANCOS,,Anual Individual,Anual,Soles,M todo Indirecto,31271202,26642588,4628614,2436313,822560,1039737,,,3F0501,,True,INCOMPLETO
CS0005,20463627488,SEGUROS SURA,2012,EMPRESAS EMISORAS,SEGUROS,,Anual Individual,Anual,Soles,M todo Indirecto,3046974,2744287,302687,213276,31040,269198,-1136,268062,3E0301,3E0405,True,PRELIMINAR
SP0012,20100152356,SERVICIO DE AGUA POTABLE Y ALCANTARILLADO - SEDAPAL,2012,EMPRESAS EMISORAS,SERVICIOS PUBLICOS,,Anual Individual,Anual,Soles,M todo Directo,11817570,5295232,6522338,1384420,131706,414425,-228037,186388,3D01ST,3D0206,True,PRELIMINAR
SP0002,20325493811,SHOUGANG GENERACION ELECTRICA S.A.A.,2012,EMPRESAS EMISORAS,SERVICIOS PUBLICOS,,Anual Individual,Anual,Soles,M todo Directo,130909,28358,102551,68820,7508,-576,140,,3D01ST,3D0206,False,REVISAR_CAPEX_POSITIVO
CM0004,20100142989,SHOUGANG HIERRO PERU S.A.A.,2012,EMPRESAS EMISORAS,MINERAS,,Anual Individual,Anual,Soles,M todo Indirecto,4103907,2994443,1109464,1948930,614669,551048,-98113,452935,3D01ST,3D0206,True,PRELIMINAR
SP0010,20100188628,SOCIEDAD ELECTRICA DEL SUR OESTE S.A. - SEAL,2012,EMPRESAS EMISORAS,SERVICIOS PUBLICOS,,Anual Individual,Anual,Soles,M todo Directo,398118,88367,309751,312893,29736,48019,-28906,19113,3D01ST,3D0206,True,PRELIMINAR
B30143,20100113539,SOCIEDAD INDUSTRIAL DE ARTICULOS DE METAL S.A.C. - SIAM EN LIQUIDACION,2012,EMPRESAS EMISORAS,INDUSTRIALES,,Anual Individual,Anual,Soles,M todo Directo,26619,8149,18470,21213,1530,1739,-58,1681,3D01ST,3D0206,True,PRELIMINAR
CM0006,20170072465,SOCIEDAD MINERA CERRO VERDE S.A.A.,2012,EMPRESAS EMISORAS,MINERAS,,Anual Individual,Anual,D lares,M todo Indirecto,4042771,593063,3449708,2127023,772070,644691,-600872,43819,3D01ST,3D0206,True,PRELIMINAR
002597,20217427593,SOCIEDAD MINERA CORONA S.A.,2012,EMPRESAS EMISORAS,MINERAS,,Anual Individual,Anual,D lares,M todo Indirecto,141826,52231,89595,149566,51083,50264,-8144,42120,3D01ST,3D0206,True,PRELIMINAR
B20026,20100017572,SOCIEDAD MINERA EL BROCAL S.A.A.,2012,EMPRESAS EMISORAS,MINERAS,,Anual Individual,Anual,D lares,M todo Directo,561002,177681,383321,268480,24464,26723,-9635,17088,3D01ST,3D0206,True,PRELIMINAR
J40138,20536903519,SOLDEX SA,2012,EMPRESAS EMISORAS,INDUSTRIALES,,Anual Individual,Anual,Soles,M todo Indirecto,454642,107413,347229,193999,27711,30463,-3824,26639,3D01ST,3D0206,False,PRELIMINAR
B80013,20100161771,SOLUCION EMPRESA ADMINISTRADORA HIPOTECARIA S.A.,2012,EMPRESAS EMISORAS,DIVERSOS,,Anual Individual,Anual,Soles,M todo Indirecto,249343,210780,38563,16326,2709,-49184,,,3F0501,,False,INCOMPLETO
B20027,20100147514,"SOUTHERN PERU COPPER CORPORATION, SUCURSAL DEL PERU",2012,EMPRESAS EMISORAS,MINERAS,,Anual Individual,Anual,D lares,M todo Directo,3233184,377451,2855733,2952317,993605,734426,-250081,484345,3D01ST,3D0206,True,PRELIMINAR
000432,20100070970,SUPERMERCADOS PERUANOS S.A.,2012,EMPRESAS EMISORAS,DIVERSOS,,Anual Individual,Anual,Soles,M todo Directo,2029526,1433423,596103,3054522,57680,210382,-197103,13279,3D01ST,3D0206,False,PRELIMINAR
B70020,20100177774,TELEFONICA MOVILES S.A.,2012,EMPRESAS EMISORAS,SERVICIOS PUBLICOS,,Anual Individual,Anual,Soles,M todo Directo,3971893,2626998,1344895,4718673,723930,1322537,-647556,674981,3D01ST,3D0206,False,PRELIMINAR
OE3895,20112273922,TIENDAS DEL MEJORAMIENTO DEL HOGAR S.A.,2012,EMPRESAS EMISORAS,DIVERSOS,,Anual Individual,Anual,Soles,M todo Directo,1006796,836003,170793,1222645,45525,68851,-97986,-29135,3D01ST,3D0206,False,PRELIMINAR
CF0001,20377892918,TOTAL SERVICIOS FINANCIEROS EMPRESA DE CREDITOS,2012,EMPRESAS EMISORAS,FINANCIERAS,,Anual Individual,Anual,Soles,M todo Indirecto,165399,138847,26552,33982,2616,-5750,,,3F0501,,True,INCOMPLETO
OE2487,20100087198,TRADI S.A.,2012,EMPRESAS EMISORAS,DIVERSOS,,Anual Individual,Anual,Soles,M todo Directo,424800,209782,215018,635234,14324,14652,-10343,4309,3D01ST,3D0206,True,PRELIMINAR
CD0009,20468451451,TRANSACCIONES FINANCIERAS S.A.,2012,EMPRESAS EMISORAS,DIVERSOS,,Anual Individual,Anual,Soles,M todo Indirecto,29432,638,28794,0,4711,-10081,0,-10081,3D01ST,3D0206,False,PRELIMINAR
CI0009,20499432021,TRANSPORTADORA DE GAS DEL PERU S.A.,2012,EMPRESAS EMISORAS,SERVICIOS PUBLICOS,,Anual Individual,Anual,D lares,M todo Directo,1851571,1298920,552651,463694,91482,215498,-122461,93037,3D01ST,3D0206,True,PRELIMINAR
B30121,20100137390,UNACEM CORP SOCIEDAD ANONIMA ABIERTA - UNACEM CORP S.A.A.,2012,EMPRESAS EMISORAS,DIVERSOS,,Anual Individual,Anual,Soles,M todo Directo,6062625,2760062,3302563,1725896,359794,221172,-272543,-51371,3D01ST,3D0206,True,PRELIMINAR
B30021,20100113610,UNION DE CERVECERIAS PERUANAS BACKUS Y JOHNSTON S.A.A.,2012,EMPRESAS EMISORAS,INDUSTRIALES,,Anual Individual,Anual,Soles,M todo Indirecto,3448182,1643126,1805056,3467170,948709,1113259,-344983,768276,3D01ST,3D0206,True,PRELIMINAR
OE0032,20138149022,UNIVERSIDAD DE SAN MARTIN DE PORRES,2012,EMPRESAS EMISORAS,DIVERSOS,,Anual Individual,Anual,Soles,M todo Indirecto,870781,159037,711744,372528,34819,3265,-15281,-12016,3D01ST,3D0206,False,PRELIMINAR
CM0001,20383045267,VOLCAN COMPAÑIA MINERA S.A.A.,2012,EMPRESAS EMISORAS,MINERAS,,Anual Individual,Anual,D lares,M todo Directo,2418954,982241,1436713,634295,237548,97390,-75096,22294,3D01ST,3D0206,True,PRELIMINAR
023490,20312372895,YURA S.A.,2012,EMPRESAS EMISORAS,INDUSTRIALES,,Anual Individual,Anual,Soles,M todo Directo,1573502,682644,890858,830478,219423,309375,-103267,206108,3D01ST,3D0206,False,PRELIMINAR
020045,20260172035,ACTIVO INMOBILIARIO PERUANO S.A.A. (ANTES FALABELLA PERU S.A.A.),2013,EMPRESAS EMISORAS,DIVERSOS,,Anual Individual,Anual,Soles,M todo Directo,1624805,71,1624734,0,154193,54936,0,54936,3D01ST,3D0206,False,PRELIMINAR
B80018,20100047307,ADMINISTRADORA DEL COMERCIO S.A. EN LIQUIDACION,2013,EMPRESAS EMISORAS,DIVERSOS,,Anual Individual,Anual,Soles,M todo Directo,63447,35881,27566,7326,1860,9033,0,9033,3D01ST,3D0206,False,PRELIMINAR
023106,20332600592,AENZA S.A.A.,2013,EMPRESAS EMISORAS,DIVERSOS,,Anual Individual,Anual,Soles,M todo Indirecto,2360770,73328,2287442,95994,121331,-39739,-27533,-67272,3D01ST,3D0206,False,PRELIMINAR
OE4132,20551464971,AFP HABITAT S.A.,2013,EMPRESAS EMISORAS,A.F.P.,,Anual Individual,Anual,Soles,M todo Directo,33418,4007,29411,1432,-14430,-16637,-8890,-25527,3A01ST,3A0206,True,PRELIMINAR
AFP002,20157036794,AFP INTEGRA,2013,EMPRESAS EMISORAS,A.F.P.,,Anual Individual,Anual,Soles,M todo Directo,1316838,237497,1079341,407584,120159,149095,-9479,139616,3A01ST,3A0206,True,PRELIMINAR
B11073,20164042686,AGRICOLA CAYALTI SOCIEDAD ANONIMA ABIERTA,2013,EMPRESAS EMISORAS,AGRICOLAS,,Anual Individual,Anual,Soles,M todo Directo,263189,236696,26493,12553,-32652,-19945,-279,-20224,3D01ST,3D0206,False,PRELIMINAR
B11067,20135948641,AGRO INDUSTRIAL PARAMONGA S.A.,2013,EMPRESAS EMISORAS,AGRICOLAS,,Anual Individual,Anual,Soles,M todo Indirecto,861192,258906,602286,218260,-5546,25565,-23342,2223,3D01ST,3D0206,True,PRELIMINAR
B08363,20132377783,AGROINDUSTRIAL LAREDO S.A.A.,2013,EMPRESAS EMISORAS,AGRICOLAS,,Anual Individual,Anual,Soles,M todo Directo,764081,217158,546923,257912,36588,45574,-21583,23991,3D01ST,3D0206,True,PRELIMINAR
OE4115,20104420282,AGROINDUSTRIAS AIB S.A.,2013,EMPRESAS EMISORAS,INDUSTRIALES,,Anual Individual,Anual,Soles,M todo Directo,233053,99034,134019,122008,-1748,8589,-4308,4281,3D01ST,3D0206,False,PRELIMINAR
B11068,20116225779,AGROINDUSTRIAS SAN JACINTO S.A.A.,2013,EMPRESAS EMISORAS,AGRICOLAS,,Anual Individual,Anual,Soles,M todo Directo,519045,218638,300407,140960,640,43931,-46602,-2671,3D01ST,3D0206,False,PRELIMINAR
OE4977,20546844791,AGROKASA HOLDINGS S.A.,2013,EMPRESAS EMISORAS,DIVERSOS,,Anual Individual,Anual,D lares,M todo Directo,137419,5,137414,1378,1344,-32,0,-32,3D01ST,3D0206,True,PRELIMINAR
OE3203,20517476405,ALFIN BANCO S.A.,2013,EMPRESAS EMISORAS,BANCOS,,Anual Individual,Anual,Soles,M todo Indirecto,1140876,1044840,96036,475131,10789,274091,-24635,249456,3F0501,3F0625,True,PRELIMINAR
B30006,20100055237,ALICORP S.A.A.,2013,EMPRESAS EMISORAS,INDUSTRIALES,,Anual Individual,Anual,Soles,M todo Directo,4321592,2163352,2158240,3838726,221324,404227,-296625,107602,3D01ST,3D0206,True,PRELIMINAR
B60053,20265391886,AMERIKA FINANCIERA S.A. EN LIQUIDACION,2013,EMPRESAS EMISORAS,FINANCIERAS,,Anual Individual,Anual,Soles,M todo Directo,22017,4624,17393,6307,-343,2338,-963,1375,3F0501,3F0625,True,PRELIMINAR
J40120,20511230188,ANDINO INVESTMENT HOLDING S.A.A.,2013,EMPRESAS EMISORAS,DIVERSOS,,Anual Individual,Anual,Soles,M todo Indirecto,571690,340144,231546,5693,9284,21034,-185,20849,3D01ST,3D0206,True,PRELIMINAR
CI0006,20338054115,AUSTRAL GROUP S.A.A.,2013,EMPRESAS EMISORAS,INDUSTRIALES,,Anual Individual,Anual,Soles,M todo Directo,1092833,515337,577496,545534,2086,19,-101705,-101686,3D01ST,3D0206,False,PRELIMINAR
B80004,20100130204,BANCO BBVA PERU,2013,EMPRESAS EMISORAS,BANCOS,,Anual Individual,Anual,Soles,M todo Indirecto,56548413,51657818,4890595,3631144,1304338,-1888696,-226398,-2115094,3F0501,3F0625,False,PRELIMINAR
CF0004,20509507199,BANCO DE COMERCIO,2013,EMPRESAS EMISORAS,BANCOS,,Anual Individual,Anual,Soles,M todo Directo,1648753,1486053,162700,181610,10496,-8391,-6096,-14487,3F0501,3F0625,True,PRELIMINAR
B80005,20100047218,BANCO DE CREDITO DEL PERU,2013,EMPRESAS EMISORAS,BANCOS,,Anual Individual,Anual,Soles,M todo Directo,91108815,82913787,8195028,5656220,1647418,1545277,-561492,983785,3F0501,3F0625,False,PRELIMINAR
OE2254,20441805960,BANCO EFECTIVA S.A. (ANTES FINANCIERA EFECTIVA S.A.),2013,EMPRESAS EMISORAS,BANCOS,,Anual Individual,Anual,Soles,M todo Directo,355754,269565,86189,153385,16864,101080,-1774,99306,3F0501,3F0625,False,PRELIMINAR
B80144,20330401991,BANCO FALABELLA PERU S.A.,2013,EMPRESAS EMISORAS,BANCOS,,Anual Individual,Anual,Soles,M todo Indirecto,3251533,2720704,530829,711793,107867,-188005,-38433,-226438,3F0501,3F0625,False,PRELIMINAR
OE2271,20513074370,BANCO GNB PERU S.A.,2013,EMPRESAS EMISORAS,BANCOS,,Anual Individual,Anual,Soles,M todo Indirecto,3631597,3231667,399930,278690,14118,-422300,-6836,-429136,3F0501,3F0625,True,PRELIMINAR
B80123,20101036813,BANCO INTERAMERICANO DE FINANZAS,2013,EMPRESAS EMISORAS,BANCOS,,Anual Individual,Anual,Soles,M todo Indirecto,7680658,7018466,662192,512188,106280,-127243,-28836,-156079,3F0501,3F0625,False,PRELIMINAR
B80020,20100053455,BANCO INTERNACIONAL DEL PERU S.A.A. - INTERBANK,2013,EMPRESAS EMISORAS,BANCOS,,Anual Individual,Anual,Soles,M todo Indirecto,29698834,27047194,2651640,2374500,647090,1317860,-75067,1242793,3F0501,3F0625,True,PRELIMINAR
B80009,20100105862,BANCO PICHINCHA,2013,EMPRESAS EMISORAS,BANCOS,,Anual Individual,Anual,Soles,M todo Indirecto,6568647,6097630,471017,642141,56211,156928,-37192,119736,3F0501,3F0625,False,PRELIMINAR
B80141,20259702411,BANCO RIPLEY PERU S.A.,2013,EMPRESAS EMISORAS,BANCOS,,Anual Individual,Anual,Soles,M todo Directo,1475977,1168200,307777,433925,60076,103832,-16242,87590,3F0501,3F0625,True,PRELIMINAR
OE3056,20516711559,BANCO SANTANDER PERU S.A.,2013,EMPRESAS EMISORAS,BANCOS,,Anual Individual,Anual,Soles,M todo Directo,3225379,2943181,282198,134583,34226,-725238,-1629,-726867,3F0501,3F0625,True,PRELIMINAR
B30079,20100096341,BAYER S.A.,2013,EMPRESAS EMISORAS,DIVERSOS,,Anual Individual,Anual,Soles,M todo Directo,308066,46572,261494,336310,17847,-21662,-4569,-26231,3D01ST,3D0206,True,PRELIMINAR
OE4837,20513328819,BNP PARIBAS CARDIF S.A. COMPAÑIA DE SEGUROS Y REASEGUROS,2013,EMPRESAS EMISORAS,SEGUROS,,Anual Individual,Anual,Soles,M todo Indirecto,163659,100721,62938,160310,-5181,-4799,-183,-4982,3E0301,3E0405,True,PRELIMINAR
OE5176,20536294661,BRAJA CONSTRUCTORA INMOBILIARIA SOCIEDAD ANONIMA,2013,EMPRESAS EMISORAS,DIVERSOS,,Anual Individual,Anual,Soles,M todo Directo,7175,5996,1179,7549,243,633,-5,628,3D01ST,3D0206,False,PRELIMINAR
B30031,20100124492,BRITISH AMERICAN TOBACCO DEL PERU HOLDINGS S.A.,2013,EMPRESAS EMISORAS,INDUSTRIALES,,Anual Individual,Anual,Soles,M todo Directo,147094,115473,31621,358815,63286,31381,-2654,28727,3D01ST,3D0206,False,PRELIMINAR
J00124,20100209641,CAJA MUNICIPAL DE AHORRO Y CREDITO DE AREQUIPA S.A.,2013,EMPRESAS EMISORAS,FINANCIERAS,,Anual Individual,Anual,Soles,M todo Directo,3424025,3023388,400637,616404,81034,108771,-29109,79662,3F0501,3F0625,False,PRELIMINAR
J40137,20130200789,CAJA MUNICIPAL DE AHORRO Y CREDITO DE HUANCAYO S.A.,2013,EMPRESAS EMISORAS,FINANCIERAS,,Anual Individual,Anual,Soles,M todo Indirecto,1608373,1381108,227265,259835,42447,110654,-5389,105265,3F0501,3F0625,False,PRELIMINAR
J00218,20102881347,CAJA MUNICIPAL DE AHORRO Y CREDITO DE SULLANA S.A.,2013,EMPRESAS EMISORAS,FINANCIERAS,,Anual Individual,Anual,Soles,M todo Indirecto,1623865,1413975,209890,294086,20252,36694,-10091,26603,3F0501,3F0625,False,PRELIMINAR
B11082,20131867744,CARTAVIO SOCIEDAD ANONIMA ABIERTA,2013,EMPRESAS EMISORAS,AGRICOLAS,,Anual Individual,Anual,Soles,M todo Directo,674688,267670,407018,242763,19912,36560,-20512,16048,3D01ST,3D0206,False,PRELIMINAR
B08361,20131823020,CASA GRANDE SOCIEDAD ANONIMA ABIERTA,2013,EMPRESAS EMISORAS,AGRICOLAS,,Anual Individual,Anual,Soles,M todo Directo,1782966,575062,1207904,453853,15992,74401,-44681,29720,3D01ST,3D0206,False,PRELIMINAR
B20001,20100163048,CASTROVIRREYNA COMPAÑIA MINERA S.A. EN LIQUIDACION,2013,EMPRESAS EMISORAS,MINERAS,,Anual Individual,Anual,D lares,M todo Directo,105131,62248,42883,22022,-5162,3318,-1042,2276,3D01ST,3D0206,False,PRELIMINAR
CD0005,20419387658,CEMENTOS PACASMAYO S.A.A.,2013,EMPRESAS EMISORAS,INDUSTRIALES,,Anual Individual,Anual,Soles,M todo Indirecto,2834014,1039447,1794567,829307,146143,183936,-110571,73365,3D01ST,3D0206,False,PRELIMINAR
019094,20129854953,CENTRAL AZUCARERA CHUCARAPI-PAMPA BLANCA S.A.,2013,EMPRESAS EMISORAS,AGRICOLAS,,Anual Individual,Anual,Soles,M todo Directo,91972,27621,64351,14546,-2520,-609,0,-609,3D01ST,3D0206,False,PRELIMINAR
B30023,20128915711,CERVECERIA SAN JUAN S.A.,2013,EMPRESAS EMISORAS,INDUSTRIALES,,Anual Individual,Anual,Soles,M todo Indirecto,350372,198382,151990,491941,101482,157945,-51654,106291,3D01ST,3D0206,True,PRELIMINAR
CS0007,20109068498,CESCE PERU S.A. COMPAÑIA DE SEGUROS,2013,EMPRESAS EMISORAS,SEGUROS,,Anual Individual,Anual,Soles,M todo Directo,53331,16060,37271,27972,14630,541,-103,438,3E0301,3E0405,True,PRELIMINAR
CD0001,20390863871,CFI HOLDINGS S.A.,2013,EMPRESAS EMISORAS,DIVERSOS,,Anual Individual,Anual,Soles,M todo Directo,225956,7061,218895,2061,-940,3004,-879,2125,3D01ST,3D0206,False,PRELIMINAR
OE4060,20518723040,CHINANGO S.A.C.,2013,EMPRESAS EMISORAS,SERVICIOS PUBLICOS,,Anual Individual,Anual,Soles,M todo Directo,594848,253835,341013,150581,55468,72238,-1676,70562,3D01ST,3D0206,False,PRELIMINAR
CS0003,20390625007,CHUBB PERU S.A. COMPAÑIA DE SEGUROS Y REASEGUROS,2013,EMPRESAS EMISORAS,SEGUROS,,Anual Individual,Anual,Soles,M todo Indirecto,176090,123185,52905,146918,7078,14311,-351,13960,3E0301,3E0405,False,PRELIMINAR
CB0002,20100116635,CITIBANK DEL PERU S.A.,2013,EMPRESAS EMISORAS,BANCOS,,Anual Individual,Anual,Soles,M todo Indirecto,6804354,6126612,677742,347657,66827,538245,-12068,526177,3F0501,3F0625,False,PRELIMINAR
OE4908,20100020361,COMERCIAL DEL ACERO S.A.C.,2013,EMPRESAS EMISORAS,DIVERSOS,,Anual Individual,Anual,Soles,M todo Directo,436597,236051,200546,487038,12988,-5662,-681,-6343,3D01ST,3D0206,True,PRELIMINAR
B20003,20100079501,COMPAÑIA DE MINAS BUENAVENTURA S.A.A.,2013,EMPRESAS EMISORAS,MINERAS,,Anual Individual,Anual,D lares,M todo Directo,2836254,222588,2613666,973902,37004,159800,-76761,83039,3D01ST,3D0206,True,PRELIMINAR
B30098,20100012856,COMPAÑIA GOODYEAR DEL PERU S.A.,2013,EMPRESAS EMISORAS,INDUSTRIALES,,Anual Individual,Anual,Soles,M todo Directo,547784,125109,422675,453429,45719,30541,-39788,-9247,3D01ST,3D0206,False,PRELIMINAR
B20041,20137025354,COMPAÑIA MINERA PODEROSA S.A.A.,2013,EMPRESAS EMISORAS,MINERAS,,Anual Individual,Anual,Soles,M todo Indirecto,617073,239006,378067,544373,62580,171080,-47168,123912,3D01ST,3D0206,True,PRELIMINAR
B20012,20100163552,COMPAÑIA MINERA RAURA S.A.,2013,EMPRESAS EMISORAS,MINERAS,,Anual Individual,Anual,D lares,M todo Directo,74809,42626,32183,91601,-14671,-9556,-5720,-15276,3D01ST,3D0206,False,PRELIMINAR
B20013,20100177421,COMPAÑIA MINERA SAN IGNACIO DE MOROCOCHA S.A.A.,2013,EMPRESAS EMISORAS,MINERAS,,Anual Individual,Anual,Soles,M todo Indirecto,296690,164988,131702,104582,-29949,19088,-23370,-4282,3D01ST,3D0206,True,PRELIMINAR
B20016,20100120314,COMPAÑIA MINERA SANTA LUISA S.A.,2013,EMPRESAS EMISORAS,MINERAS,,Anual Individual,Anual,Soles,M todo Directo,242443,90813,151630,184940,-3980,24920,-11213,13707,3D01ST,3D0206,True,PRELIMINAR
CI0005,20100562848,COMPAÑIA UNIVERSAL TEXTIL S.A. EN LIQUIDACION,2013,EMPRESAS EMISORAS,INDUSTRIALES,,Anual Individual,Anual,Soles,M todo Directo,210425,67382,143043,81012,-13176,5492,-1501,3991,3D01ST,3D0206,False,PRELIMINAR
OE4501,20369155360,COMPARTAMOS BANCO S.A.,2013,EMPRESAS EMISORAS,BANCOS,,Anual Individual,Anual,Soles,M todo Directo,925913,814320,111593,223815,19186,-44532,157,,3F0501,3F0625,False,REVISAR_CAPEX_POSITIVO
OE3212,20509093521,CONCESIONARIA TRASVASE OLMOS S.A.,2013,EMPRESAS EMISORAS,DIVERSOS,,Anual Individual,Anual,D lares,M todo Indirecto,207469,186105,21364,14324,11798,12064,-292,11772,3D01ST,3D0206,False,PRELIMINAR
CD0020,20141189850,CONECTA RETAIL S.A.,2013,EMPRESAS EMISORAS,DIVERSOS,,Anual Individual,Anual,Soles,M todo Directo,526323,310992,215331,509155,7200,23622,-2583,21039,3D01ST,3D0206,True,PRELIMINAR
CD0012,20465261634,CONSORCIO AGUA AZUL S.A.,2013,EMPRESAS EMISORAS,SERVICIOS PUBLICOS,,Anual Individual,Anual,Soles,M todo Directo,124361,32249,92112,38000,7210,16852,-163,16689,3D01ST,3D0206,False,PRELIMINAR
OE3557,20518410858,CONSORCIO CEMENTERO DEL SUR S.A.,2013,EMPRESAS EMISORAS,DIVERSOS,,Anual Individual,Anual,Soles,M todo Directo,629560,78121,551439,0,100625,58569,0,58569,3D01ST,3D0206,False,PRELIMINAR
000683,20100195080,CONSORCIO INDUSTRIAL DE AREQUIPA SA,2013,EMPRESAS EMISORAS,INDUSTRIALES,,Anual Individual,Anual,Soles,M todo Directo,73300,12265,61035,49748,6279,13073,-1439,11634,3D01ST,3D0206,True,PRELIMINAR
CD0013,20383316473,CONSORCIO TRANSMANTARO S.A.,2013,EMPRESAS EMISORAS,SERVICIOS PUBLICOS,,Anual Individual,Anual,D lares,M todo Directo,866065,574344,291721,170152,20342,50794,-184,50610,3D01ST,3D0206,True,PRELIMINAR
B30144,20100019940,CONSTRUCCIONES ELECTROMECANICAS DELCROSA S.A.,2013,EMPRESAS EMISORAS,INDUSTRIALES,,Anual Individual,Anual,Soles,M todo Directo,106420,73392,33028,86124,-463,4077,-1593,2484,3D01ST,3D0206,False,PRELIMINAR
CI0003,20370146994,CORPORACION ACEROS AREQUIPA S.A.,2013,EMPRESAS EMISORAS,INDUSTRIALES,,Anual Individual,Anual,Soles,M todo Directo,3183230,1640170,1543060,2149383,28622,114423,-85507,28916,3D01ST,3D0206,False,PRELIMINAR
019886,20161636780,CORPORACION CERAMICA S.A.,2013,EMPRESAS EMISORAS,INDUSTRIALES,,Anual Individual,Anual,Soles,M todo Directo,330933,120329,210604,151103,-5667,1184,-4321,-3137,3D01ST,3D0206,False,PRELIMINAR
B30207,20100228352,CORPORACION CERVESUR S.A.A.,2013,EMPRESAS EMISORAS,DIVERSOS,,Anual Individual,Anual,Soles,M todo Directo,521455,15363,506092,12668,10105,16508,-5497,11011,3D01ST,3D0206,False,PRELIMINAR
CF0002,20100116392,CORPORACION FINANCIERA DE DESARROLLO S.A. - COFIDE,2013,EMPRESAS EMISORAS,FINANCIERAS,,Anual Individual,Anual,Soles,M todo Indirecto,8043602,5847746,2195856,389272,76381,-353992,-4304,-358296,3F0501,3F0625,False,PRELIMINAR
OE1566,20501663256,CORPORACION FUNERARIA S.A.,2013,EMPRESAS EMISORAS,DIVERSOS,,Anual Individual,Anual,Soles,M todo Directo,20418,2498,17920,22312,1491,4740,-665,4075,3D01ST,3D0206,False,PRELIMINAR
OE5132,20548185051,CREDICORP CAPITAL PERU S.A.A.,2013,EMPRESAS EMISORAS,DIVERSOS,,Anual Individual,Anual,D lares,M todo Directo,80952,7569,73383,4300,20107,1471,0,1471,3D01ST,3D0206,True,PRELIMINAR
B30060,20133530003,CREDITEX S.A.A.,2013,EMPRESAS EMISORAS,INDUSTRIALES,,Anual Individual,Anual,Soles,M todo Directo,494937,125930,369007,253597,5839,11928,-13389,-1461,3D01ST,3D0206,True,PRELIMINAR
OE3694,20517406610,DEUTSCHE BANK (PERU) S.A. EN LIQUIDACION,2013,EMPRESAS EMISORAS,BANCOS,,Anual Individual,Anual,Soles,M todo Directo,767481,575899,191582,9617,23254,-15192,-1137,-16329,3F0501,3F0625,False,PRELIMINAR
OE2258,20509845167,DIVISO GRUPO FINANCIERO S.A.,2013,EMPRESAS EMISORAS,DIVERSOS,,Anual Individual,Anual,Soles,M todo Indirecto,330065,84931,245134,37344,14359,13330,-8,13322,3D01ST,3D0206,False,PRELIMINAR
OE3808,20516534754,DUNAS ENERGIA S.A.A.,2013,EMPRESAS EMISORAS,DIVERSOS,,Anual Individual,Anual,Soles,M todo Indirecto,88800,20277,68523,5561,4110,8457,0,8457,3D01ST,3D0206,True,PRELIMINAR
OE3108,20375312868,EDYFICAR PERU S.A.,2013,EMPRESAS EMISORAS,DIVERSOS,,Anual Individual,Anual,Soles,M todo Indirecto,3367725,3005084,362641,681931,118175,-553632,-47696,-601328,3F0501,3F0625,True,PRELIMINAR
B80104,20100035392,EL PACIFICO PERUANO-SUIZA CIA DE SEGUROS Y REASEGUROS,2013,EMPRESAS EMISORAS,SEGUROS,,Anual Individual,Anual,Soles,M todo Directo,3004721,1874348,1130373,1239081,102962,40043,-25857,14186,3E0301,3E0405,False,PRELIMINAR
B40013,20106156400,ELECTRO DUNAS S.A.A.,2013,EMPRESAS EMISORAS,SERVICIOS PUBLICOS,,Anual Individual,Anual,Soles,M todo Indirecto,488219,190583,297636,242012,24203,35401,-23510,11891,3D01ST,3D0206,True,PRELIMINAR
B40005,20116544289,ELECTRO SUR ESTE S.A.A.,2013,EMPRESAS EMISORAS,SERVICIOS PUBLICOS,,Anual Individual,Anual,Soles,M todo Directo,684912,90033,594879,254044,23513,53695,-62014,-8319,3D01ST,3D0206,False,PRELIMINAR
B11072,20131835621,EMPRESA AGRARIA CHIQUITOY S.A.,2013,EMPRESAS EMISORAS,AGRICOLAS,,Anual Individual,Anual,Soles,M todo Directo,91083,33962,57121,25869,3586,3177,-1955,1222,3D01ST,3D0206,False,PRELIMINAR
B11074,20103272964,EMPRESA AGRICOLA SAN JUAN S.A.,2013,EMPRESAS EMISORAS,AGRICOLAS,,Anual Individual,Anual,Soles,M todo Directo,155948,64801,91147,47114,6506,-4596,-7440,-12036,3D01ST,3D0206,False,PRELIMINAR
B08358,20133419749,EMPRESA AGRICOLA SINTUCO S.A.,2013,EMPRESAS EMISORAS,AGRICOLAS,,Anual Individual,Anual,Soles,M todo Directo,82253,19072,63181,11628,-49,1160,0,1160,3D01ST,3D0206,False,PRELIMINAR
B08360,20163898200,EMPRESA AGROINDUSTRIAL POMALCA S.A.A.,2013,EMPRESAS EMISORAS,AGRICOLAS,,Anual Individual,Anual,Soles,M todo Directo,886462,421499,464963,99309,-16151,2269,-2666,-397,3D01ST,3D0206,False,PRELIMINAR
B11078,20136009614,EMPRESA AGROINDUSTRIAL TUMAN S.A.A.,2013,EMPRESAS EMISORAS,AGRICOLAS,,Anual Individual,Anual,Soles,M todo Directo,872878,413775,459103,109437,-26556,529,-2181,-1652,3D01ST,3D0206,False,PRELIMINAR
017070,20141723601,EMPRESA AZUCARERA EL INGENIO S.A.,2013,EMPRESAS EMISORAS,AGRICOLAS,,Anual Individual,Anual,Soles,M todo Directo,61755,16983,44772,6412,-3708,2,-4,-2,3D01ST,3D0206,False,PRELIMINAR
OE2027,20279889208,EMPRESA DE GENERACION ELECTRICA DEL SUR S.A.,2013,EMPRESAS EMISORAS,SERVICIOS PUBLICOS,,Anual Individual,Anual,Soles,M todo Directo,156279,23515,132764,49474,5791,11559,-1460,10099,3D01ST,3D0206,False,PRELIMINAR
SP0009,20262221335,EMPRESA DE GENERACION ELECTRICA SAN GABAN S.A.,2013,EMPRESAS EMISORAS,SERVICIOS PUBLICOS,,Anual Individual,Anual,Soles,M todo Directo,437269,120208,317061,160968,36185,64834,-6404,58430,3D01ST,3D0206,False,PRELIMINAR
B30241,20143229816,EMPRESA EDITORA EL COMERCIO S.A.,2013,EMPRESAS EMISORAS,INDUSTRIALES,,Anual Individual,Anual,Soles,M todo Directo,1166447,505211,661236,757967,177010,160895,-15414,145481,3D01ST,3D0206,False,PRELIMINAR
CD0022,20100027705,EMPRESA ELECTRICIDAD DEL PERU - ELECTROPERU S.A.,2013,EMPRESAS EMISORAS,SERVICIOS PUBLICOS,,Anual Individual,Anual,Soles,M todo Directo,3618419,767625,2850794,1046703,326847,587837,-47336,540501,3D01ST,3D0206,False,PRELIMINAR
B40006,20119205949,EMPRESA REGIONAL DE SERVICIO PUBLICO DE ELECTRICIDAD - ELECTROSUR S.A.,2013,EMPRESAS EMISORAS,SERVICIOS PUBLICOS,,Anual Individual,Anual,Soles,M todo Directo,192884,36783,156101,118963,8330,19941,-10711,9230,3D01ST,3D0206,True,PRELIMINAR
SP0006,20405479592,EMPRESA REGIONAL DE SERVICIO PUBLICO DE ELECTRICIDAD DE PUNO S.A.A. - ELECTROPUNO,2013,EMPRESAS EMISORAS,SERVICIOS PUBLICOS,,Anual Individual,Anual,Soles,M todo Directo,386650,128344,258306,129159,11974,22075,-11612,10463,3D01ST,3D0206,True,PRELIMINAR
B40002,20132023540,EMPRESA REGIONAL DE SERVICIO PUBLICO DE ELECTRICIDAD ELECTRONORTE MEDIO S.A. - HIDRANDINA,2013,EMPRESAS EMISORAS,SERVICIOS PUBLICOS,,Anual Individual,Anual,Soles,M todo Directo,1311759,381963,929796,601800,34738,88626,-98077,-9451,3D01ST,3D0206,False,PRELIMINAR
CM0003,20402885549,EMPRESA SIDERURGICA DEL PERU S.A.A. - SIDERPERU,2013,EMPRESAS EMISORAS,INDUSTRIALES,,Anual Individual,Anual,Soles,M todo Directo,2060980,793468,1267512,1738496,-1862,171113,-25748,145365,3D01ST,3D0206,False,PRELIMINAR
003058,20270508163,ENEL GENERACION PIURA S.A.,2013,EMPRESAS EMISORAS,SERVICIOS PUBLICOS,,Anual Individual,Anual,Soles,M todo Indirecto,583521,318064,265457,227198,18955,5719,-34947,-29228,3D01ST,3D0206,False,PRELIMINAR
OE4860,20543420477,ENERGIA DEL PACIFICO S.A.,2013,EMPRESAS EMISORAS,DIVERSOS,,Anual Individual,Anual,Soles,M todo Directo,440130,194093,246037,0,14333,-12133,0,-12133,3D01ST,3D0206,False,PRELIMINAR
002829,20333363900,ENGIE ENERGIA PERU S.A.A.,2013,EMPRESAS EMISORAS,SERVICIOS PUBLICOS,,Anual Individual,Anual,D lares,M todo Directo,1518144,879391,638753,609917,127423,112436,-147418,-34982,3D01ST,3D0206,False,PRELIMINAR
B30094,20100094135,EXSA S.A.,2013,EMPRESAS EMISORAS,INDUSTRIALES,,Anual Individual,Anual,D lares,M todo Indirecto,198538,86891,111647,186236,17928,1627,-9844,-8217,3D01ST,3D0206,False,PRELIMINAR
B30042,20100020956,FABRICA DE HILADOS Y TEJIDOS SAN MIGUEL S.A. - EN LIQUIDACION,2013,EMPRESAS EMISORAS,INDUSTRIALES,,Anual Individual,Anual,Soles,M todo Directo,1412,15,1397,0,38,-3,0,-3,3D01ST,3D0206,False,PRELIMINAR
B30211,20100165687,FABRICA NACIONAL DE ACUMULADORES ETNA S.A.,2013,EMPRESAS EMISORAS,INDUSTRIALES,,Anual Individual,Anual,Soles,M todo Indirecto,190709,60042,130667,87770,13626,9234,-979,8255,3D01ST,3D0206,False,PRELIMINAR
B30122,20100051240,FABRICA PERUANA ETERNIT S.A.,2013,EMPRESAS EMISORAS,INDUSTRIALES,,Anual Individual,Anual,Soles,M todo Directo,249628,104234,145394,213831,23863,22085,-24444,-2359,3D01ST,3D0206,True,PRELIMINAR
OE4746,20538185010,FACTORING TOTAL S.A. (SOCIEDAD ABSORBIDA),2013,EMPRESAS EMISORAS,DIVERSOS,,Anual Individual,Anual,Soles,M todo Directo,11223,7846,3377,1336,476,-3725,-14,-3739,3F0501,3F0625,False,PRELIMINAR
B60001,20100027292,FERREYCORP S.A.A.,2013,EMPRESAS EMISORAS,DIVERSOS,,Anual Individual,Anual,Soles,M todo Directo,2365212,1015906,1349306,176301,103329,122912,-14981,107931,3D01ST,3D0206,False,PRELIMINAR
014819,20100028698,FERREYROS SOCIEDAD ANÓNIMA,2013,EMPRESAS EMISORAS,DIVERSOS,,Anual Individual,Anual,Soles,M todo Directo,2032216,1274699,757517,3357786,117319,430688,-159903,270785,3D01ST,3D0206,False,PRELIMINAR
B30083,20100083010,FILAMENTOS INDUSTRIALES S.A.,2013,EMPRESAS EMISORAS,DIVERSOS,,Anual Individual,Anual,Soles,M todo Indirecto,135804,40190,95614,64517,-18780,-1360,-1374,-2734,3D01ST,3D0206,False,PRELIMINAR
OE3205,20228319768,FINANCIERA CONFIANZA S.A.A.,2013,EMPRESAS EMISORAS,FINANCIERAS,,Anual Individual,Anual,Soles,M todo Directo,1779302,1518451,260851,358222,5930,-77690,-11811,-89501,3F0501,3F0625,True,PRELIMINAR
L00416,20328178070,FINANCIERA CREDINKA S.A. EN LIQUIDACION,2013,EMPRESAS EMISORAS,FINANCIERAS,,Anual Individual,Anual,Soles,M todo Indirecto,236820,202893,33927,54046,55,24257,-3686,20571,3F0501,3F0625,True,PRELIMINAR
OE5251,20348067053,FINANCIERA PROEMPRESA S.A.,2013,EMPRESAS EMISORAS,FINANCIERAS,,Anual Individual,Anual,Soles,M todo Indirecto,340671,286115,54556,70992,3072,17997,-3747,14250,3F0501,3F0625,False,PRELIMINAR
OE4241,20521308321,FINANCIERA QAPAQ S.A.,2013,EMPRESAS EMISORAS,FINANCIERAS,,Anual Individual,Anual,Soles,M todo Indirecto,356802,293052,63750,76507,203,13145,-1576,11569,3F0501,3F0625,True,PRELIMINAR
B80145,20337996834,FINANCIERA TFC S.A. EN LIQUIDACION,2013,EMPRESAS EMISORAS,FINANCIERAS,,Anual Individual,Anual,Soles,M todo Indirecto,372082,309942,62140,65691,-3010,-15208,-987,-16195,3F0501,3F0625,False,PRELIMINAR
J40093,20414671773,FONDO MIVIVIENDA S.A.,2013,EMPRESAS EMISORAS,FINANCIERAS,,Anual Individual,Anual,Soles,M todo Directo,5194881,2068594,3126287,248712,65790,33742,-971,32771,3F0501,3F0625,True,PRELIMINAR
OE4159,20523108574,FOSFATOS DEL PACIFICO S.A.,2013,EMPRESAS EMISORAS,MINERAS,,Anual Individual,Anual,Soles,M todo Indirecto,233756,5689,228067,0,-7495,-19935,-44944,-64879,3D01ST,3D0206,False,PRELIMINAR
001152,20100094054,FUTURA CONSORCIO INMOBILIARIO S.A.,2013,EMPRESAS EMISORAS,DIVERSOS,,Anual Individual,Anual,Soles,M todo Directo,352035,90877,261158,6610,25854,3430,-206,3224,3D01ST,3D0206,False,PRELIMINAR
022984,20297652274,GENERANDES PERU S.A.,2013,EMPRESAS EMISORAS,SERVICIOS PUBLICOS,,Anual Individual,Anual,Soles,M todo Directo,1081757,60,1081697,0,182615,182629,0,182629,3D01ST,3D0206,False,PRELIMINAR
B80049,20100116988,GR HOLDING S.A.,2013,EMPRESAS EMISORAS,DIVERSOS,,Anual Individual,Anual,Soles,M todo Indirecto,213817,7734,206083,7503,10398,63581,-13,63568,3D01ST,3D0206,False,PRELIMINAR
OE5100,20549302671,GRUPO ACP CORP. S.A.,2013,EMPRESAS EMISORAS,DIVERSOS,,Anual Individual,Anual,Soles,M todo Indirecto,565113,19818,545295,9565,-11010,-1099,0,-1099,3D01ST,3D0206,False,PRELIMINAR
BV0001,20100055661,GRUPO BVL S.A.A.,2013,EMPRESAS EMISORAS,DIVERSOS,,Anual Individual,Anual,Soles,M todo Directo,86780,6219,80561,46418,18574,22845,-676,22169,3D01ST,3D0206,True,PRELIMINAR
B30140,20100171814,HIDROSTAL S.A.,2013,EMPRESAS EMISORAS,INDUSTRIALES,,Anual Individual,Anual,Soles,M todo Directo,167196,55482,111714,132485,8453,10346,-2299,8047,3D01ST,3D0206,False,PRELIMINAR
OE1679,20508565934,HIPERMERCADOS TOTTUS S.A,2013,EMPRESAS EMISORAS,DIVERSOS,,Anual Individual,Anual,Soles,M todo Directo,1337820,805893,531927,2596668,63170,123290,-199755,-76465,3D01ST,3D0206,True,PRELIMINAR
OE3986,20518201426,HIPOTECARIA SURA EMPRESA ADMINISTRADORA HIPOTECARIA S.A. - EN LIQUIDACION,2013,EMPRESAS EMISORAS,DIVERSOS,,Anual Individual,Anual,Soles,M todo Directo,85730,62591,23139,6129,-579,-22782,-95,-22877,3F0501,3F0625,False,PRELIMINAR
OE5021,20523611250,H2OLMOS S.A.,2013,EMPRESAS EMISORAS,DIVERSOS,,Anual Individual,Anual,Soles,M todo Indirecto,671178,646927,24251,0,-4190,-122824,-446,-123270,3D01ST,3D0206,False,PRELIMINAR
J40414,20546892175,ICBC PERU BANK,2013,EMPRESAS EMISORAS,BANCOS,,Anual Individual,Anual,Soles,M todo Directo,124456,2170,122286,2335,-3401,-1455,-1190,-2645,3F0501,3F0625,False,PRELIMINAR
B30236,20251293181,INDECO S.A.,2013,EMPRESAS EMISORAS,INDUSTRIALES,,Anual Individual,Anual,D lares,M todo Directo,133586,32431,101155,291975,14382,25724,-2899,22825,3D01ST,3D0206,False,PRELIMINAR
B30050,20102728743,INDUSTRIA TEXTIL PIURA S.A.,2013,EMPRESAS EMISORAS,INDUSTRIALES,,Anual Individual,Anual,Soles,M todo Directo,287273,141584,145689,109861,-23000,11396,-4112,7284,3D01ST,3D0206,False,PRELIMINAR
B30107,20100004322,INDUSTRIAS DEL ENVASE S.A.,2013,EMPRESAS EMISORAS,INDUSTRIALES,,Anual Individual,Anual,Soles,M todo Directo,167925,80610,87315,137765,5211,12392,-6311,6081,3D01ST,3D0206,False,PRELIMINAR
B30152,20100003512,INDUSTRIAS ELECTRO QUIMICAS S.A. IEQSA,2013,EMPRESAS EMISORAS,INDUSTRIALES,,Anual Individual,Anual,Soles,M todo Directo,163941,46974,116967,263581,3199,9873,-3999,5874,3D01ST,3D0206,False,PRELIMINAR
OE4256,20522291201,INFINANCE XP S.A. (ANTES FINANCIERA OH! S.A.),2013,EMPRESAS EMISORAS,FINANCIERAS,,Anual Individual,Anual,Soles,M todo Indirecto,393922,234687,159235,105104,-33661,-157897,-42945,-200842,3F0501,3F0625,False,PRELIMINAR
OE4660,20543135942,INMOBILIARIA IDE S.A.,2013,EMPRESAS EMISORAS,DIVERSOS,,Anual Individual,Anual,Soles,M todo Indirecto,14718,1980,12738,681,238,254,0,254,3D01ST,3D0206,False,PRELIMINAR
B30127,20100049938,INMOBILIARIA KANPU S.A.,2013,EMPRESAS EMISORAS,DIVERSOS,,Anual Individual,Anual,Soles,M todo Directo,228998,135906,93092,202092,-3098,-1147,-3825,-4972,3D01ST,3D0206,False,PRELIMINAR
CN0002,20499141051,INMOBILIARIA MILENIA S.A.,2013,EMPRESAS EMISORAS,DIVERSOS,,Anual Individual,Anual,Soles,M todo Directo,171493,44328,127165,7093,9422,3625,-1187,2438,3D01ST,3D0206,False,PRELIMINAR
J00194,20511910642,INMUEBLES COMERCIALES DEL PERU S.A.C.,2013,EMPRESAS EMISORAS,DIVERSOS,,Anual Individual,Anual,Soles,M todo Directo,628996,80843,548153,3271,3406,-5070,0,-5070,3D01ST,3D0206,False,PRELIMINAR
OE1274,20423264617,INMUEBLES PANAMERICANA S.A.,2013,EMPRESAS EMISORAS,DIVERSOS,,Anual Individual,Anual,Soles,M todo Directo,1023757,523270,500487,76251,50549,-2140,-104763,-106903,3D01ST,3D0206,False,PRELIMINAR
OE5087,0,INRETAIL PERU CORP.,2013,EMPRESAS EMISORAS,DIVERSOS,,Anual Individual,Anual,Soles,M todo Directo,3707989,368157,3339832,100000,29146,61745,0,61745,3D01ST,3D0206,True,PRELIMINAR
OE4150,20492497721,INSUR S.A. COMPAÑIA DE SEGUROS,2013,EMPRESAS EMISORAS,SEGUROS,,Anual Individual,Anual,Soles,M todo Indirecto,32808,14675,18133,18965,5859,2243,0,2243,3E0301,3E0405,False,PRELIMINAR
B70009,20100017491,INTEGRATEL PERU S.A.A.,2013,EMPRESAS EMISORAS,SERVICIOS PUBLICOS,,Anual Individual,Anual,Soles,M todo Directo,8557221,4064193,4493028,4362162,219489,869537,-603449,266088,3D01ST,3D0206,True,PRELIMINAR
OE2305,0,INTERCORP FINANCIAL SERVICES INC.,2013,EMPRESAS EMISORAS,DIVERSOS,,Anual Individual,Anual,Soles,M todo Indirecto,3031422,24537,3006885,0,744589,-78361,0,-78361,3F0501,3F0625,True,PRELIMINAR
CD0010,0,INTERCORP PERU LTD.,2013,EMPRESAS EMISORAS,DIVERSOS,,Anual Individual,Anual,Soles,M todo Directo,5481185,996085,4485100,3322,416726,-74923,0,-74923,3F0501,3F0625,False,PRELIMINAR
CS0002,20382748566,INTERSEGURO COMPAÑIA DE SEGUROS S.A.,2013,EMPRESAS EMISORAS,SEGUROS,,Anual Individual,Anual,Soles,M todo Directo,3627454,3186511,440943,135627,152376,498656,-1871,496785,3E0301,3E0405,True,PRELIMINAR
TI0002,20417378911,INTRADEVCO INDUSTRIAL S.A.,2013,EMPRESAS EMISORAS,INDUSTRIALES,,Anual Individual,Anual,Soles,M todo Directo,584850,259428,325422,416105,12731,4100,0,4100,3D01ST,3D0206,True,PRELIMINAR
B80057,20101099149,INVERSIONES ASPI S.A.,2013,EMPRESAS EMISORAS,DIVERSOS,,Anual Individual,Anual,Soles,M todo Indirecto,500651,143418,357233,29644,14963,15942,0,15942,3D01ST,3D0206,True,PRELIMINAR
B80077,20101045995,INVERSIONES CENTENARIO S.A.A.,2013,EMPRESAS EMISORAS,DIVERSOS,,Anual Individual,Anual,Soles,M todo Directo,2200859,1321766,879093,250870,142126,69164,-2776,66388,3D01ST,3D0206,True,PRELIMINAR
B60004,20104347691,INVERSIONES EN TURISMO S.A. INVERTUR,2013,EMPRESAS EMISORAS,DIVERSOS,,Anual Individual,Anual,Soles,M todo Directo,42145,8601,33544,17559,1419,2272,-2926,-654,3D01ST,3D0206,False,PRELIMINAR
003512,20334766714,INVERSIONES LA RIOJA S.A.,2013,EMPRESAS EMISORAS,DIVERSOS,,Anual Individual,Anual,Soles,M todo Directo,525245,257642,267603,105320,-5462,2775,-9257,-6482,3D01ST,3D0206,True,PRELIMINAR
B60005,20114803228,INVERSIONES NACIONALES DE TURISMO S.A. INTURSA,2013,EMPRESAS EMISORAS,DIVERSOS,,Anual Individual,Anual,Soles,M todo Directo,1007230,200124,807106,180991,-6603,34307,-18852,15455,3D01ST,3D0206,False,PRELIMINAR
OE4189,20510992904,KALLPA GENERACION S.A.,2013,EMPRESAS EMISORAS,SERVICIOS PUBLICOS,,Anual Individual,Anual,D lares,M todo Directo,613027,466047,146980,394055,43221,143740,-10318,133422,3D01ST,3D0206,False,PRELIMINAR
OE4812,20516373301,KUNTUR TRANSPORTADORA DE GAS S.A.,2013,EMPRESAS EMISORAS,SERVICIOS PUBLICOS,,Anual Individual,Anual,D lares,M todo Directo,82413,26350,56063,0,-3773,-4970,0,-4970,3D01ST,3D0206,False,PRELIMINAR
A80069,20100210909,LA POSITIVA SEGUROS Y REASEGUROS S.A.,2013,EMPRESAS EMISORAS,SEGUROS,,Anual Individual,Anual,Soles,M todo Indirecto,948109,661434,286675,585305,21590,31499,-19690,11809,3E0301,3E0405,False,PRELIMINAR
OE2069,20454073143,LA POSITIVA VIDA SEGUROS Y REASEGUROS S.A.,2013,EMPRESAS EMISORAS,SEGUROS,,Anual Individual,Anual,Soles,M todo Directo,2115289,1926068,189221,228930,12722,228535,-599,227936,3E0301,3E0405,True,PRELIMINAR
CI0011,20100095450,LAIVE S.A.,2013,EMPRESAS EMISORAS,INDUSTRIALES,,Anual Individual,Anual,Soles,M todo Directo,277186,136035,141151,453279,11387,17904,-7332,10572,3D01ST,3D0206,False,PRELIMINAR
OE4447,20524981981,LEASING PERU S.A. (EN LIQUIDACION),2013,EMPRESAS EMISORAS,DIVERSOS,,Anual Individual,Anual,Soles,M todo Indirecto,370037,323338,46699,21906,2759,-85232,0,-85232,3F0501,3F0625,True,PRELIMINAR
006166,20100190797,LECHE GLORIA S.A.,2013,EMPRESAS EMISORAS,INDUSTRIALES,,Anual Individual,Anual,Soles,M todo Directo,2560743,1110262,1450481,3036935,250965,300463,-139506,160957,3D01ST,3D0206,False,PRELIMINAR
B30099,20100182778,LIMA CAUCHO S.A. EN LIQUIDACION,2013,EMPRESAS EMISORAS,INDUSTRIALES,,Anual Individual,Anual,Soles,M todo Directo,478795,197477,281318,139856,589,-8096,-3221,-11317,3D01ST,3D0206,True,PRELIMINAR
J00121,20100007348,LIMA GAS S.A.,2013,EMPRESAS EMISORAS,DIVERSOS,,Anual Individual,Anual,Soles,M todo Directo,165706,87026,78680,327939,11911,26057,-6681,19376,3D01ST,3D0206,False,PRELIMINAR
B70032,20301837896,LOS PORTALES S.A.,2013,EMPRESAS EMISORAS,DIVERSOS,,Anual Individual,Anual,Soles,M todo Indirecto,1061701,779026,282675,552844,47997,-59357,-27930,-87287,3D01ST,3D0206,False,PRELIMINAR
B40008,20331898008,LUZ DEL SUR S.A.A.,2013,EMPRESAS EMISORAS,SERVICIOS PUBLICOS,,Anual Individual,Anual,Soles,M todo Directo,3449912,1841552,1608360,2166171,315855,257119,-317275,-60156,3D01ST,3D0206,False,PRELIMINAR
B30134,20100074371,MANUFACTURA DE METALES Y ALUMINIO RECORD S.A. EN LIQUIDACION,2013,EMPRESAS EMISORAS,INDUSTRIALES,,Anual Individual,Anual,Soles,M todo Directo,127262,42153,85109,68927,1210,10515,0,10515,3D01ST,3D0206,False,PRELIMINAR
CS0004,20418896915,MAPFRE PERU COMPAÑIA DE SEGUROS Y REASEGUROS,2013,EMPRESAS EMISORAS,SEGUROS,,Anual Individual,Anual,Soles,M todo Directo,806358,701015,105343,271000,38718,99022,-14343,84679,3E0301,3E0405,False,PRELIMINAR
B80122,20202380621,MAPFRE PERU COMPAÑIA DE SEGUROS Y REASEGUROS (SOCIEDAD ABSORBIDA),2013,EMPRESAS EMISORAS,SEGUROS,,Anual Individual,Anual,Soles,M todo Directo,1200241,1008013,192228,722248,34635,81226,-17438,63788,3E0301,3E0405,False,PRELIMINAR
B20030,20100037841,MARMOLES Y GRANITOS S.A.,2013,EMPRESAS EMISORAS,MINERAS,,Anual Individual,Anual,Soles,M todo Directo,14889,9516,5373,2752,6792,-2142,-275,-2417,3D01ST,3D0206,False,PRELIMINAR
CB0001,20382036655,MIBANCO BANCO DE LA MICROEMPRESA S.A.,2013,EMPRESAS EMISORAS,BANCOS,,Anual Individual,Anual,Soles,M todo Directo,5975623,5319201,656422,1034695,35209,118362,-22715,95647,3F0501,3F0625,False,PRELIMINAR
TI0003,20100192650,MICHELL Y CIA. S.A.,2013,EMPRESAS EMISORAS,INDUSTRIALES,,Anual Individual,Anual,Soles,M todo Directo,328767,137239,191528,254362,15494,-20601,-8836,-29437,3D01ST,3D0206,False,PRELIMINAR
CM0002,20338426781,MINERA ANDINA DE EXPLORACIONES S.A.A.,2013,EMPRESAS EMISORAS,MINERAS,,Anual Individual,Anual,Soles,M todo Directo,5717,1527,4190,3809,1093,783,-84,699,3D01ST,3D0206,True,PRELIMINAR
A20032,20100136741,MINSUR S.A.,2013,EMPRESAS EMISORAS,MINERAS,,Anual Individual,Anual,D lares,M todo Directo,2551813,369462,2182351,755827,234955,278125,-54557,223568,3D01ST,3D0206,False,PRELIMINAR
BF0001,20375361991,MITSUI AUTO FINANCE PERU S.A.,2013,EMPRESAS EMISORAS,FINANCIERAS,,Anual Individual,Anual,Soles,M todo Indirecto,552459,428218,124241,69365,14152,24814,0,24814,3F0501,3F0625,False,PRELIMINAR
J40329,20513120584,MOCHE INVERSIONES S.A.,2013,EMPRESAS EMISORAS,SERVICIOS PUBLICOS,,Anual Individual,Anual,Soles,M todo Directo,2587,418,2169,1750,-125,-990,-518,-1508,3D01ST,3D0206,True,PRELIMINAR
TI0001,20417926632,MOTORES DIESEL ANDINOS S.A.,2013,EMPRESAS EMISORAS,INDUSTRIALES,,Anual Individual,Anual,Soles,M todo Directo,528713,273438,255275,379252,36936,-29627,-5995,-35622,3D01ST,3D0206,False,PRELIMINAR
B80136,20100007852,NEGOCIOS E INMUEBLES S.A.,2013,EMPRESAS EMISORAS,DIVERSOS,,Anual Individual,Anual,Soles,M todo Directo,579097,69778,509319,6797,54363,107737,-325,107412,3D01ST,3D0206,True,PRELIMINAR
CM0007,20100123500,NEXA RESOURCES ATACOCHA S.A.A.,2013,EMPRESAS EMISORAS,MINERAS,,Anual Individual,Anual,D lares,M todo Directo,159567,75180,84387,94113,-14024,12220,-11681,539,3D01ST,3D0206,False,PRELIMINAR
B20010,20100110513,NEXA RESOURCES PERU S.A.A.,2013,EMPRESAS EMISORAS,MINERAS,,Anual Individual,Anual,D lares,M todo Directo,1108505,556421,552084,615240,65481,161612,-46823,114789,3D01ST,3D0206,True,PRELIMINAR
OE5008,20547203608,NISA MALLS S.A.,2013,EMPRESAS EMISORAS,DIVERSOS,,Anual Individual,Anual,Soles,M todo Directo,28,18,10,0,-19,-21,0,-21,3D01ST,3D0206,False,PRELIMINAR
023154,20338646802,ORAZUL ENERGY EGENOR SOCIEDAD EN COMANDITA POR ACCIONES,2013,EMPRESAS EMISORAS,SERVICIOS PUBLICOS,,Anual Individual,Anual,Soles,M todo Directo,1386267,629442,756825,387260,99745,145939,-10909,135030,3D01ST,3D0206,False,PRELIMINAR
B40009,20330791412,ORYGEN PERU S.A.A.,2013,EMPRESAS EMISORAS,SERVICIOS PUBLICOS,,Anual Individual,Anual,Soles,M todo Directo,4134519,1696857,2437662,1284263,438730,460052,-53246,406806,3D01ST,3D0206,True,PRELIMINAR
B60055,20332970411,PACIFICO COMPAÑIA DE SEGUROS Y REASEGUROS,2013,EMPRESAS EMISORAS,SEGUROS,,Anual Individual,Anual,Soles,M todo Directo,4434180,3880342,553838,771536,167054,587999,-83694,504305,3E0301,3E0405,True,PRELIMINAR
B50003,20118206208,PERU HOLDING DE TURISMO S.A.A.,2013,EMPRESAS EMISORAS,DIVERSOS,,Anual Individual,Anual,Soles,M todo Indirecto,200637,4933,195704,157,-28,-2483,0,-2483,3D01ST,3D0206,False,PRELIMINAR
OE4139,20506342563,PERU LNG S.R.L.,2013,EMPRESAS EMISORAS,DIVERSOS,,Anual Individual,Anual,D lares,M todo Indirecto,3394440,1932813,1461627,1350381,102629,311970,-570,311400,3D01ST,3D0206,True,PRELIMINAR
002927,20338352728,PERUANA DE ENERGIA S.A.A.,2013,EMPRESAS EMISORAS,SERVICIOS PUBLICOS,,Anual Individual,Anual,Soles,M todo Directo,67710,8048,59662,9715,10140,6624,-221,6403,3D01ST,3D0206,True,PRELIMINAR
OE4680,20251995967,PERUANA DE MOLDEADOS S.A. - PAMOLSA,2013,EMPRESAS EMISORAS,INDUSTRIALES,,Anual Individual,Anual,Soles,M todo Indirecto,248216,130305,117911,272380,29156,32095,-46439,-14344,3D01ST,3D0206,True,PRELIMINAR
B20023,20100136237,PERUBAR S.A.,2013,EMPRESAS EMISORAS,MINERAS,,Anual Individual,Anual,D lares,M todo Directo,100650,28276,72374,24020,6974,2688,-35240,-32552,3D01ST,3D0206,False,PRELIMINAR
CI0012,20380336384,PESQUERA EXALMAR S.A.A.,2013,EMPRESAS EMISORAS,INDUSTRIALES,,Anual Individual,Anual,D lares,M todo Directo,528202,305329,222873,168890,-1470,-37178,-37181,-74359,3D01ST,3D0206,True,PRELIMINAR
J00171,20100128218,PETROLEOS DEL PERU - PETROPERU S.A.,2013,EMPRESAS EMISORAS,INDUSTRIALES,,Anual Individual,Anual,Soles,M todo Directo,7321650,4469863,2851787,15242925,92015,-247569,-401101,-648670,3D01ST,3D0206,False,PRELIMINAR
OE2008,20510889135,PLUSPETROL CAMISEA S.A.,2013,EMPRESAS EMISORAS,DIVERSOS,,Anual Individual,Anual,D lares,M todo Indirecto,572300,313418,258882,563867,205983,238303,-23445,214858,3D01ST,3D0206,True,PRELIMINAR
OE2009,20510888911,PLUSPETROL LOTE 56 S.A.,2013,EMPRESAS EMISORAS,DIVERSOS,,Anual Individual,Anual,D lares,M todo Indirecto,408557,283010,125547,472922,158966,192408,-31587,160821,3D01ST,3D0206,False,PRELIMINAR
B40010,20269985900,PLUZ ENERGIA PERU S.A.A.,2013,EMPRESAS EMISORAS,SERVICIOS PUBLICOS,,Anual Individual,Anual,Soles,M todo Indirecto,3114761,1861174,1253587,2234851,270698,357318,-298187,59131,3D01ST,3D0206,False,PRELIMINAR
OE1928,20510398158,PRIMA AFP S.A.,2013,EMPRESAS EMISORAS,A.F.P.,,Anual Individual,Anual,Soles,M todo Directo,804881,301938,502943,377323,121237,149980,-6858,143122,3A01ST,3A0206,False,PRELIMINAR
AFP004,20142829551,PROFUTURO AFP,2013,EMPRESAS EMISORAS,A.F.P.,,Anual Individual,Anual,Soles,M todo Directo,1036845,155118,881727,290801,79297,86632,-7978,78654,3A01ST,3A0206,False,PRELIMINAR
OE3191,20517207331,PROTECTA S.A. COMPAÑIA DE SEGUROS Y REASEGUROS,2013,EMPRESAS EMISORAS,SEGUROS,,Anual Individual,Anual,Soles,M todo Directo,309162,263522,45640,60841,-954,79029,-4037,74992,3E0301,3E0405,True,PRELIMINAR
B20042,20330791501,QUIMPAC S.A.,2013,EMPRESAS EMISORAS,INDUSTRIALES,,Anual Individual,Anual,Soles,M todo Directo,1461468,802983,658485,471814,53833,45979,-148561,-102582,3D01ST,3D0206,False,PRELIMINAR
J00123,20378890161,RASH PERU S.A.C.,2013,EMPRESAS EMISORAS,DIVERSOS,,Anual Individual,Anual,Soles,M todo Indirecto,113351,74710,38641,169015,7315,-6089,-9073,-15162,3D01ST,3D0206,True,PRELIMINAR
B30084,20100026997,RAYON INDUSTRIAL S.A. EN LIQUIDACION,2013,EMPRESAS EMISORAS,INDUSTRIALES,,Anual Individual,Anual,Soles,M todo Directo,594,5,589,0,-44,-1,0,-1,3D01ST,3D0206,False,PRELIMINAR
B30220,20100005566,REACTIVOS NACIONALES S.A. RENASA,2013,EMPRESAS EMISORAS,INDUSTRIALES,,Anual Individual,Anual,Soles,M todo Directo,89029,17331,71698,49660,4393,-359,-1455,-1814,3D01ST,3D0206,False,PRELIMINAR
B90002,20100298725,RED BICOLOR DE COMUNICACIONES S.A.A. - RBC TV S.A.A.,2013,EMPRESAS EMISORAS,DIVERSOS,,Anual Individual,Anual,Soles,M todo Directo,7867,1633,6234,6760,-193,-495,0,-495,3D01ST,3D0206,False,PRELIMINAR
SP0008,20504645046,RED DE ENERGIA DEL PERU S.A.,2013,EMPRESAS EMISORAS,SERVICIOS PUBLICOS,,Anual Individual,Anual,D lares,M todo Directo,498422,319848,178574,143639,19081,42373,-2336,40037,3D01ST,3D0206,False,PRELIMINAR
OE3927,20505377142,RED VIAL 5 S.A.,2013,EMPRESAS EMISORAS,DIVERSOS,,Anual Individual,Anual,Soles,M todo Indirecto,172205,51569,120636,92252,30096,37124,-416,36708,3D01ST,3D0206,False,PRELIMINAR
002766,20259829594,REFINERIA LA PAMPILLA S.A.A.,2013,EMPRESAS EMISORAS,INDUSTRIALES,,Anual Individual,Anual,D lares,M todo Directo,1233605,806860,426745,4246113,-49144,-46158,-54025,-100183,3D01ST,3D0206,False,PRELIMINAR
J40285,20552322704,RIGEL PERU S.A. COMPAÑIA DE SEGUROS DE VIDA - EN LIQUIDACION,2013,EMPRESAS EMISORAS,SEGUROS,,Anual Individual,Anual,Soles,M todo Indirecto,41971,24186,17785,24764,74,7518,-208,7310,3E0301,3E0405,True,PRELIMINAR
B80037,20100041953,RIMAC SEGUROS Y REASEGUROS,2013,EMPRESAS EMISORAS,SEGUROS,,Anual Individual,Anual,Soles,M todo Directo,7625393,6505939,1119454,2497364,130627,510103,-96685,413418,3E0301,3E0405,False,PRELIMINAR
014313,20100128056,SAGA FALABELLA S.A.,2013,EMPRESAS EMISORAS,DIVERSOS,,Anual Individual,Anual,Soles,M todo Directo,1520108,873296,646812,2664740,165647,42507,-77988,-35481,3D01ST,3D0206,True,PRELIMINAR
000717,20100154308,SAN FERNANDO S.A.,2013,EMPRESAS EMISORAS,INDUSTRIALES,,Anual Individual,Anual,Soles,M todo Directo,1548026,664436,883590,2083396,15106,24803,-71211,-46408,3D01ST,3D0206,False,PRELIMINAR
B80134,20255993225,SANTANDER CONSUMER BANK S.A.,2013,EMPRESAS EMISORAS,BANCOS,,Anual Individual,Anual,Soles,M todo Indirecto,3517074,2980840,536234,930559,86924,288770,-7218,281552,3F0501,3F0625,True,PRELIMINAR
B80012,20100043140,SCOTIABANK PERU S.A.A.,2013,EMPRESAS EMISORAS,BANCOS,,Anual Individual,Anual,Soles,M todo Directo,40951474,35892844,5058630,2204011,854917,3515960,-63395,3452565,3F0501,3F0625,True,PRELIMINAR
CS0005,20463627488,SEGUROS SURA,2013,EMPRESAS EMISORAS,SEGUROS,,Anual Individual,Anual,Soles,M todo Indirecto,3576695,3265098,311597,221874,6720,274799,-2648,272151,3E0301,3E0405,True,PRELIMINAR
SP0012,20100152356,SERVICIO DE AGUA POTABLE Y ALCANTARILLADO - SEDAPAL,2013,EMPRESAS EMISORAS,SERVICIOS PUBLICOS,,Anual Individual,Anual,Soles,M todo Directo,9726660,4412397,5314263,1471680,227011,473937,-392218,81719,3D01ST,3D0206,True,PRELIMINAR
SP0002,20325493811,SHOUGANG GENERACION ELECTRICA S.A.A.,2013,EMPRESAS EMISORAS,SERVICIOS PUBLICOS,,Anual Individual,Anual,Soles,M todo Directo,146426,36929,109497,75550,13703,26489,331,,3D01ST,3D0206,False,REVISAR_CAPEX_POSITIVO
CM0004,20100142989,SHOUGANG HIERRO PERU S.A.A.,2013,EMPRESAS EMISORAS,MINERAS,,Anual Individual,Anual,Soles,M todo Indirecto,5271972,3911801,1360171,2363341,824911,1097228,-366769,730459,3D01ST,3D0206,False,PRELIMINAR
SP0010,20100188628,SOCIEDAD ELECTRICA DEL SUR OESTE S.A. - SEAL,2013,EMPRESAS EMISORAS,SERVICIOS PUBLICOS,,Anual Individual,Anual,Soles,M todo Indirecto,433022,99482,333540,326467,30977,39867,-28817,11050,3D01ST,3D0206,True,PRELIMINAR
B30143,20100113539,SOCIEDAD INDUSTRIAL DE ARTICULOS DE METAL S.A.C. - SIAM EN LIQUIDACION,2013,EMPRESAS EMISORAS,INDUSTRIALES,,Anual Individual,Anual,Soles,M todo Directo,25864,6811,19053,13439,991,2216,-7,2209,3D01ST,3D0206,False,PRELIMINAR
CM0006,20170072465,SOCIEDAD MINERA CERRO VERDE S.A.A.,2013,EMPRESAS EMISORAS,MINERAS,,Anual Individual,Anual,D lares,M todo Indirecto,4828201,740717,4087484,1811488,613262,768325,-1066267,-297942,3D01ST,3D0206,False,PRELIMINAR
002597,20217427593,SOCIEDAD MINERA CORONA S.A.,2013,EMPRESAS EMISORAS,MINERAS,,Anual Individual,Anual,D lares,M todo Indirecto,117583,58831,58752,106175,16715,17703,-17268,435,3D01ST,3D0206,True,PRELIMINAR
B20026,20100017572,SOCIEDAD MINERA EL BROCAL S.A.A.,2013,EMPRESAS EMISORAS,MINERAS,,Anual Individual,Anual,D lares,M todo Directo,686936,243304,443632,187769,-7709,83421,-32106,51315,3D01ST,3D0206,True,PRELIMINAR
B80013,20100161771,SOLUCION EMPRESA ADMINISTRADORA HIPOTECARIA S.A.,2013,EMPRESAS EMISORAS,DIVERSOS,,Anual Individual,Anual,Soles,M todo Indirecto,398304,315468,82836,27155,4266,-124158,0,-124158,3F0501,3F0625,False,PRELIMINAR
B20027,20100147514,"SOUTHERN PERU COPPER CORPORATION, SUCURSAL DEL PERU",2013,EMPRESAS EMISORAS,MINERAS,,Anual Individual,Anual,D lares,M todo Directo,3855876,403784,3452092,2614635,716318,832495,-363627,468868,3D01ST,3D0206,True,PRELIMINAR
000432,20100070970,SUPERMERCADOS PERUANOS S.A.,2013,EMPRESAS EMISORAS,DIVERSOS,,Anual Individual,Anual,Soles,M todo Directo,2333713,1671966,661747,3325104,9506,131918,-183892,-51974,3D01ST,3D0206,True,PRELIMINAR
B70020,20100177774,TELEFONICA MOVILES S.A.,2013,EMPRESAS EMISORAS,SERVICIOS PUBLICOS,,Anual Individual,Anual,Soles,M todo Directo,4832206,2939259,1892947,5275739,720413,1377796,-684148,693648,3D01ST,3D0206,False,PRELIMINAR
OE3895,20112273922,TIENDAS DEL MEJORAMIENTO DEL HOGAR S.A.,2013,EMPRESAS EMISORAS,DIVERSOS,,Anual Individual,Anual,Soles,M todo Directo,1238320,1022823,215497,1449196,47412,89692,-134297,-44605,3D01ST,3D0206,True,PRELIMINAR
CF0001,20377892918,TOTAL SERVICIOS FINANCIEROS EMPRESA DE CREDITOS,2013,EMPRESAS EMISORAS,FINANCIERAS,,Anual Individual,Anual,Soles,M todo Indirecto,206004,169846,36158,20195,3703,-34828,-162,-34990,3F0501,3F0625,False,PRELIMINAR
OE2487,20100087198,TRADI S.A.,2013,EMPRESAS EMISORAS,DIVERSOS,,Anual Individual,Anual,Soles,M todo Directo,421306,199040,222266,580177,11090,-4988,-1919,-6907,3D01ST,3D0206,True,PRELIMINAR
CD0009,20468451451,TRANSACCIONES FINANCIERAS S.A.,2013,EMPRESAS EMISORAS,DIVERSOS,,Anual Individual,Anual,Soles,M todo Indirecto,31658,14,31644,0,2735,-117,0,-117,3D01ST,3D0206,True,PRELIMINAR
CI0009,20499432021,TRANSPORTADORA DE GAS DEL PERU S.A.,2013,EMPRESAS EMISORAS,SERVICIOS PUBLICOS,,Anual Individual,Anual,D lares,M todo Directo,1848663,1302290,546373,509403,63432,189910,-59811,130099,3D01ST,3D0206,False,PRELIMINAR
B30121,20100137390,UNACEM CORP SOCIEDAD ANONIMA ABIERTA - UNACEM CORP S.A.A.,2013,EMPRESAS EMISORAS,DIVERSOS,,Anual Individual,Anual,Soles,M todo Directo,6542784,3124660,3418124,1785163,204742,305199,-259799,45400,3D01ST,3D0206,True,PRELIMINAR
B30021,20100113610,UNION DE CERVECERIAS PERUANAS BACKUS Y JOHNSTON S.A.A.,2013,EMPRESAS EMISORAS,INDUSTRIALES,,Anual Individual,Anual,Soles,M todo Indirecto,3594997,1773131,1821866,3541413,915615,914928,-232828,682100,3D01ST,3D0206,True,PRELIMINAR
CM0001,20383045267,VOLCAN COMPAÑIA MINERA S.A.A.,2013,EMPRESAS EMISORAS,MINERAS,,Anual Individual,Anual,D lares,M todo Directo,2686697,1167115,1519582,734962,168261,-164337,-62209,-226546,3D01ST,3D0206,True,PRELIMINAR
023490,20312372895,YURA S.A.,2013,EMPRESAS EMISORAS,INDUSTRIALES,,Anual Individual,Anual,Soles,M todo Directo,1801202,797201,1004001,981652,243143,351567,-263544,88023,3D01ST,3D0206,False,PRELIMINAR
020045,20260172035,ACTIVO INMOBILIARIO PERUANO S.A.A. (ANTES FALABELLA PERU S.A.A.),2014,EMPRESAS EMISORAS,DIVERSOS,,Anual Individual,Anual,Soles,M todo Directo,4321215,619,4320596,0,429235,170023,0,170023,3D01ST,3D0206,False,PRELIMINAR
B80018,20100047307,ADMINISTRADORA DEL COMERCIO S.A. EN LIQUIDACION,2014,EMPRESAS EMISORAS,DIVERSOS,,Anual Individual,Anual,Soles,M todo Directo,64188,32680,31508,7825,3942,11401,-17,11384,3D01ST,3D0206,True,PRELIMINAR
023106,20332600592,AENZA S.A.A.,2014,EMPRESAS EMISORAS,DIVERSOS,,Anual Individual,Anual,Soles,M todo Indirecto,2751509,55987,2695522,82493,302882,-5738,-17460,-23198,3D01ST,3D0206,True,PRELIMINAR
OE4132,20551464971,AFP HABITAT S.A.,2014,EMPRESAS EMISORAS,A.F.P.,,Anual Individual,Anual,Soles,M todo Directo,28193,7185,21008,14014,-17558,-17411,-1239,-18650,3A01ST,3A0206,False,PRELIMINAR
AFP002,20157036794,AFP INTEGRA,2014,EMPRESAS EMISORAS,A.F.P.,,Anual Individual,Anual,Soles,M todo Directo,1390887,237641,1153246,420368,169191,187300,-1141,186159,3A01ST,3A0206,False,PRELIMINAR
B11073,20164042686,AGRICOLA CAYALTI SOCIEDAD ANONIMA ABIERTA,2014,EMPRESAS EMISORAS,AGRICOLAS,,Anual Individual,Anual,Soles,M todo Directo,283584,258219,25365,21787,-25300,-24532,-321,-24853,3D01ST,3D0206,True,PRELIMINAR
OE4006,20461642706,AGRICOLA CERRO PRIETO S.A.,2014,EMPRESAS EMISORAS,AGRICOLAS,,Anual Individual,Anual,D lares,M todo Directo,143929,40287,103642,31760,3525,5431,-7439,-2008,3D01ST,3D0206,True,PRELIMINAR
B11067,20135948641,AGRO INDUSTRIAL PARAMONGA S.A.,2014,EMPRESAS EMISORAS,AGRICOLAS,,Anual Individual,Anual,Soles,M todo Indirecto,857673,253210,604463,206958,2597,21269,-11312,9957,3D01ST,3D0206,True,PRELIMINAR
B08363,20132377783,AGROINDUSTRIAL LAREDO S.A.A.,2014,EMPRESAS EMISORAS,AGRICOLAS,,Anual Individual,Anual,Soles,M todo Directo,781900,223620,558280,283089,42217,62372,-20794,41578,3D01ST,3D0206,True,PRELIMINAR
OE4115,20104420282,AGROINDUSTRIAS AIB S.A.,2014,EMPRESAS EMISORAS,INDUSTRIALES,,Anual Individual,Anual,Soles,M todo Directo,233514,96625,136889,141256,2985,11176,-4263,6913,3D01ST,3D0206,False,PRELIMINAR
B11068,20116225779,AGROINDUSTRIAS SAN JACINTO S.A.A.,2014,EMPRESAS EMISORAS,AGRICOLAS,,Anual Individual,Anual,Soles,M todo Directo,537660,234798,302862,141824,2455,25985,-29283,-3298,3D01ST,3D0206,True,PRELIMINAR
OE4977,20546844791,AGROKASA HOLDINGS S.A.,2014,EMPRESAS EMISORAS,DIVERSOS,,Anual Individual,Anual,D lares,M todo Directo,137542,122,137420,1334,1311,1306,0,1306,3D01ST,3D0206,False,PRELIMINAR
OE3203,20517476405,ALFIN BANCO S.A.,2014,EMPRESAS EMISORAS,BANCOS,,Anual Individual,Anual,Soles,M todo Indirecto,1169424,1056799,112625,586181,16589,110415,-7368,103047,3F0501,3F0625,False,PRELIMINAR
B30006,20100055237,ALICORP S.A.A.,2014,EMPRESAS EMISORAS,INDUSTRIALES,,Anual Individual,Anual,Soles,M todo Directo,5289635,3202770,2086865,3926549,10421,259499,-205523,53976,3D01ST,3D0206,False,PRELIMINAR
B60053,20265391886,AMERIKA FINANCIERA S.A. EN LIQUIDACION,2014,EMPRESAS EMISORAS,FINANCIERAS,,Anual Individual,Anual,Soles,M todo Directo,19917,4310,15607,394,-1786,-1820,-373,-2193,3F0501,3F0625,False,PRELIMINAR
J40120,20511230188,ANDINO INVESTMENT HOLDING S.A.A.,2014,EMPRESAS EMISORAS,DIVERSOS,,Anual Individual,Anual,Soles,M todo Indirecto,599365,362233,237132,5986,5586,-1172,-89,-1261,3D01ST,3D0206,True,PRELIMINAR
J40450,20554816526,AUGUSTAR SEGUROS Y REASEGUROS S.A. (ANTES OHIO NATIONAL SEGUROS DE VIDA Y REASEGUROS S.A.),2014,EMPRESAS EMISORAS,SEGUROS,,Anual Individual,Anual,Soles,M todo Indirecto,317418,244532,72886,221314,-14831,107556,-136,107420,3E0301,3E0405,True,PRELIMINAR
CI0006,20338054115,AUSTRAL GROUP S.A.A.,2014,EMPRESAS EMISORAS,INDUSTRIALES,,Anual Individual,Anual,Soles,M todo Directo,1008519,483942,524577,454491,-27019,114513,-16685,97828,3D01ST,3D0206,True,PRELIMINAR
B80004,20100130204,BANCO BBVA PERU,2014,EMPRESAS EMISORAS,BANCOS,,Anual Individual,Anual,Soles,M todo Indirecto,62896260,57318391,5577869,3741378,1343780,-686646,-198127,-884773,3F0501,3F0625,False,PRELIMINAR
CF0004,20509507199,BANCO DE COMERCIO,2014,EMPRESAS EMISORAS,BANCOS,,Anual Individual,Anual,Soles,M todo Indirecto,1635644,1454002,181642,183924,18540,51104,-2044,49060,3F0501,3F0625,True,PRELIMINAR
B80005,20100047218,BANCO DE CREDITO DEL PERU,2014,EMPRESAS EMISORAS,BANCOS,,Anual Individual,Anual,Soles,M todo Directo,102200300,92415096,9785204,6227661,1914519,4841116,-360482,4480634,3F0501,3F0625,True,PRELIMINAR
OE2254,20441805960,BANCO EFECTIVA S.A. (ANTES FINANCIERA EFECTIVA S.A.),2014,EMPRESAS EMISORAS,BANCOS,,Anual Individual,Anual,Soles,M todo Directo,437538,330628,106910,217222,20721,157601,-1004,156597,3F0501,3F0625,False,PRELIMINAR
B80144,20330401991,BANCO FALABELLA PERU S.A.,2014,EMPRESAS EMISORAS,BANCOS,,Anual Individual,Anual,Soles,M todo Indirecto,4032635,3449673,582962,757025,103109,-420495,-26136,-446631,3F0501,3F0625,False,PRELIMINAR
OE2271,20513074370,BANCO GNB PERU S.A.,2014,EMPRESAS EMISORAS,BANCOS,,Anual Individual,Anual,Soles,M todo Indirecto,4369537,3868876,500661,305844,31224,-75584,-27456,-103040,3F0501,3F0625,False,PRELIMINAR
B80123,20101036813,BANCO INTERAMERICANO DE FINANZAS,2014,EMPRESAS EMISORAS,BANCOS,,Anual Individual,Anual,Soles,M todo Indirecto,9265673,8543349,722324,645557,95479,353083,-22001,331082,3F0501,3F0625,False,PRELIMINAR
B80020,20100053455,BANCO INTERNACIONAL DEL PERU S.A.A. - INTERBANK,2014,EMPRESAS EMISORAS,BANCOS,,Anual Individual,Anual,Soles,M todo Directo,32715058,29620084,3094974,2810473,708686,-2780971,-101720,-2882691,3F0501,3F0625,False,PRELIMINAR
B80009,20100105862,BANCO PICHINCHA,2014,EMPRESAS EMISORAS,BANCOS,,Anual Individual,Anual,Soles,M todo Indirecto,7133012,6542315,590697,692815,64003,80930,-24182,56748,3F0501,3F0625,False,PRELIMINAR
B80141,20259702411,BANCO RIPLEY PERU S.A.,2014,EMPRESAS EMISORAS,BANCOS,,Anual Individual,Anual,Soles,M todo Indirecto,1551368,1198540,352828,437385,50036,-85463,0,-85463,3F0501,3F0625,False,PRELIMINAR
OE3056,20516711559,BANCO SANTANDER PERU S.A.,2014,EMPRESAS EMISORAS,BANCOS,,Anual Individual,Anual,Soles,M todo Directo,3926605,3561970,364635,144141,42650,-100110,-4016,-104126,3F0501,3F0625,True,PRELIMINAR
B30079,20100096341,BAYER S.A.,2014,EMPRESAS EMISORAS,DIVERSOS,,Anual Individual,Anual,Soles,M todo Directo,335551,57619,277932,339742,15336,21016,-1729,19287,3D01ST,3D0206,True,PRELIMINAR
OE4837,20513328819,BNP PARIBAS CARDIF S.A. COMPAÑIA DE SEGUROS Y REASEGUROS,2014,EMPRESAS EMISORAS,SEGUROS,,Anual Individual,Anual,Soles,M todo Indirecto,196341,126950,69391,179583,-12787,14264,-73,14191,3E0301,3E0405,True,PRELIMINAR
B30031,20100124492,BRITISH AMERICAN TOBACCO DEL PERU HOLDINGS S.A.,2014,EMPRESAS EMISORAS,INDUSTRIALES,,Anual Individual,Anual,Soles,M todo Directo,130880,73513,57367,335733,63438,87765,0,87765,3D01ST,3D0206,False,PRELIMINAR
J00124,20100209641,CAJA MUNICIPAL DE AHORRO Y CREDITO DE AREQUIPA S.A.,2014,EMPRESAS EMISORAS,FINANCIERAS,,Anual Individual,Anual,Soles,M todo Directo,3596345,3161006,435339,652426,69046,169731,-20277,149454,3F0501,3F0625,False,PRELIMINAR
J40137,20130200789,CAJA MUNICIPAL DE AHORRO Y CREDITO DE HUANCAYO S.A.,2014,EMPRESAS EMISORAS,FINANCIERAS,,Anual Individual,Anual,Soles,M todo Indirecto,1757514,1485344,272170,314141,54458,-142541,-8552,-151093,3F0501,3F0625,False,PRELIMINAR
B11082,20131867744,CARTAVIO SOCIEDAD ANONIMA ABIERTA,2014,EMPRESAS EMISORAS,AGRICOLAS,,Anual Individual,Anual,Soles,M todo Directo,677443,247379,430064,298179,27046,65484,-16558,48926,3D01ST,3D0206,True,PRELIMINAR
B08361,20131823020,CASA GRANDE SOCIEDAD ANONIMA ABIERTA,2014,EMPRESAS EMISORAS,AGRICOLAS,,Anual Individual,Anual,Soles,M todo Directo,1764128,509977,1254151,468352,54247,137628,-39556,98072,3D01ST,3D0206,False,PRELIMINAR
B20001,20100163048,CASTROVIRREYNA COMPAÑIA MINERA S.A. EN LIQUIDACION,2014,EMPRESAS EMISORAS,MINERAS,,Anual Individual,Anual,D lares,M todo Directo,99735,61188,38547,0,-8405,3288,-375,2913,3D01ST,3D0206,True,PRELIMINAR
CD0005,20419387658,CEMENTOS PACASMAYO S.A.A.,2014,EMPRESAS EMISORAS,INDUSTRIALES,,Anual Individual,Anual,Soles,M todo Indirecto,3096316,1103776,1992540,822496,192827,216995,-519814,-302819,3D01ST,3D0206,False,PRELIMINAR
019094,20129854953,CENTRAL AZUCARERA CHUCARAPI-PAMPA BLANCA S.A.,2014,EMPRESAS EMISORAS,AGRICOLAS,,Anual Individual,Anual,Soles,M todo Directo,86730,27871,58859,14045,-6354,-3391,0,-3391,3D01ST,3D0206,False,PRELIMINAR
B30023,20128915711,CERVECERIA SAN JUAN S.A.,2014,EMPRESAS EMISORAS,INDUSTRIALES,,Anual Individual,Anual,Soles,M todo Indirecto,418949,268814,150135,553797,112905,188789,-99355,89434,3D01ST,3D0206,False,PRELIMINAR
CS0007,20109068498,CESCE PERU S.A. COMPAÑIA DE SEGUROS,2014,EMPRESAS EMISORAS,SEGUROS,,Anual Individual,Anual,Soles,M todo Directo,61570,28323,33247,34364,7758,6625,-626,5999,3E0301,3E0405,False,PRELIMINAR
CD0001,20390863871,CFI HOLDINGS S.A.,2014,EMPRESAS EMISORAS,DIVERSOS,,Anual Individual,Anual,Soles,M todo Directo,271465,33267,238198,18261,11244,2817,-103,2714,3D01ST,3D0206,False,PRELIMINAR
CS0003,20390625007,CHUBB PERU S.A. COMPAÑIA DE SEGUROS Y REASEGUROS,2014,EMPRESAS EMISORAS,SEGUROS,,Anual Individual,Anual,Soles,M todo Directo,231477,186438,45039,162747,896,-499,-805,-1304,3E0301,3E0405,False,PRELIMINAR
CB0002,20100116635,CITIBANK DEL PERU S.A.,2014,EMPRESAS EMISORAS,BANCOS,,Anual Individual,Anual,Soles,M todo Indirecto,6567063,5845548,721515,332467,39908,-747802,-13473,-761275,3F0501,3F0625,False,PRELIMINAR
OE4908,20100020361,COMERCIAL DEL ACERO S.A.C.,2014,EMPRESAS EMISORAS,DIVERSOS,,Anual Individual,Anual,Soles,M todo Directo,460673,250198,210475,470508,13167,-27818,-4876,-32694,3D01ST,3D0206,True,PRELIMINAR
B20003,20100079501,COMPAÑIA DE MINAS BUENAVENTURA S.A.A.,2014,EMPRESAS EMISORAS,MINERAS,,Anual Individual,Anual,D lares,M todo Directo,3758131,294026,3464105,855304,-76065,120208,-99927,20281,3D01ST,3D0206,False,PRELIMINAR
B30098,20100012856,COMPAÑIA GOODYEAR DEL PERU S.A.,2014,EMPRESAS EMISORAS,INDUSTRIALES,,Anual Individual,Anual,Soles,M todo Directo,555005,108892,446113,413600,34482,21531,-26989,-5458,3D01ST,3D0206,False,PRELIMINAR
B20041,20137025354,COMPAÑIA MINERA PODEROSA S.A.A.,2014,EMPRESAS EMISORAS,MINERAS,,Anual Individual,Anual,Soles,M todo Indirecto,640558,250543,390015,556239,43448,172927,-55807,117120,3D01ST,3D0206,False,PRELIMINAR
B20012,20100163552,COMPAÑIA MINERA RAURA S.A.,2014,EMPRESAS EMISORAS,MINERAS,,Anual Individual,Anual,D lares,M todo Directo,73704,53804,19900,83335,-12283,2673,-9731,-7058,3D01ST,3D0206,False,PRELIMINAR
B20013,20100177421,COMPAÑIA MINERA SAN IGNACIO DE MOROCOCHA S.A.A.,2014,EMPRESAS EMISORAS,MINERAS,,Anual Individual,Anual,Soles,M todo Indirecto,304161,195723,108438,45749,-44288,2674,-4546,-1872,3D01ST,3D0206,True,PRELIMINAR
B20016,20100120314,COMPAÑIA MINERA SANTA LUISA S.A.,2014,EMPRESAS EMISORAS,MINERAS,,Anual Individual,Anual,Soles,M todo Directo,247926,91242,156684,170721,2616,-848,-13117,-13965,3D01ST,3D0206,False,PRELIMINAR
CI0005,20100562848,COMPAÑIA UNIVERSAL TEXTIL S.A. EN LIQUIDACION,2014,EMPRESAS EMISORAS,INDUSTRIALES,,Anual Individual,Anual,Soles,M todo Directo,217607,66342,151265,81474,-1840,664,-1379,-715,3D01ST,3D0206,True,PRELIMINAR
OE4501,20369155360,COMPARTAMOS BANCO S.A.,2014,EMPRESAS EMISORAS,BANCOS,,Anual Individual,Anual,Soles,M todo Directo,1017253,882534,134719,299544,23108,19099,-6890,12209,3F0501,3F0625,False,PRELIMINAR
OE3212,20509093521,CONCESIONARIA TRASVASE OLMOS S.A.,2014,EMPRESAS EMISORAS,DIVERSOS,,Anual Individual,Anual,D lares,M todo Indirecto,185964,166708,19256,19248,-2115,4536,-457,4079,3D01ST,3D0206,False,PRELIMINAR
CD0020,20141189850,CONECTA RETAIL S.A.,2014,EMPRESAS EMISORAS,DIVERSOS,,Anual Individual,Anual,Soles,M todo Directo,508184,286767,221417,518072,6137,-43709,-2904,-46613,3D01ST,3D0206,False,PRELIMINAR
OE3557,20518410858,CONSORCIO CEMENTERO DEL SUR S.A.,2014,EMPRESAS EMISORAS,DIVERSOS,,Anual Individual,Anual,Soles,M todo Directo,649403,29982,619421,0,51195,42495,0,42495,3D01ST,3D0206,False,PRELIMINAR
000683,20100195080,CONSORCIO INDUSTRIAL DE AREQUIPA SA,2014,EMPRESAS EMISORAS,INDUSTRIALES,,Anual Individual,Anual,Soles,M todo Directo,67658,15099,52559,46896,5469,4395,-1463,2932,3D01ST,3D0206,False,PRELIMINAR
CD0013,20383316473,CONSORCIO TRANSMANTARO S.A.,2014,EMPRESAS EMISORAS,SERVICIOS PUBLICOS,,Anual Individual,Anual,D lares,M todo Directo,952164,637350,314814,191308,23093,43969,0,43969,3D01ST,3D0206,False,PRELIMINAR
B30144,20100019940,CONSTRUCCIONES ELECTROMECANICAS DELCROSA S.A.,2014,EMPRESAS EMISORAS,INDUSTRIALES,,Anual Individual,Anual,Soles,M todo Directo,99611,67144,32467,86348,140,-155,-1314,-1469,3D01ST,3D0206,False,PRELIMINAR
CI0003,20370146994,CORPORACION ACEROS AREQUIPA S.A.,2014,EMPRESAS EMISORAS,INDUSTRIALES,,Anual Individual,Anual,Soles,M todo Directo,3115728,1423655,1692073,2403307,68232,402960,-53569,349391,3D01ST,3D0206,True,PRELIMINAR
019886,20161636780,CORPORACION CERAMICA S.A.,2014,EMPRESAS EMISORAS,INDUSTRIALES,,Anual Individual,Anual,Soles,M todo Directo,340373,121952,218421,161005,7817,4948,-5340,-392,3D01ST,3D0206,False,PRELIMINAR
B30207,20100228352,CORPORACION CERVESUR S.A.A.,2014,EMPRESAS EMISORAS,DIVERSOS,,Anual Individual,Anual,Soles,M todo Directo,507988,10846,497142,18649,13771,11213,-70,11143,3D01ST,3D0206,False,PRELIMINAR
J40570,20553486000,CORPORACION DE GESTION MINERA S.A.,2014,EMPRESAS EMISORAS,MINERAS,,Anual Individual,Anual,D lares,M todo Indirecto,112113,273,111840,0,672,-2464,0,-2464,3D01ST,3D0206,False,PRELIMINAR
CF0002,20100116392,CORPORACION FINANCIERA DE DESARROLLO S.A. - COFIDE,2014,EMPRESAS EMISORAS,FINANCIERAS,,Anual Individual,Anual,Soles,M todo Indirecto,9714844,7460410,2254434,446672,77105,-1484618,-1638,-1486256,3F0501,3F0625,True,PRELIMINAR
OE1566,20501663256,CORPORACION FUNERARIA S.A.,2014,EMPRESAS EMISORAS,DIVERSOS,,Anual Individual,Anual,Soles,M todo Directo,16913,10872,6041,20897,2400,1013,-293,720,3D01ST,3D0206,False,PRELIMINAR
OE5132,20548185051,CREDICORP CAPITAL PERU S.A.A.,2014,EMPRESAS EMISORAS,DIVERSOS,,Anual Individual,Anual,Soles,M todo Directo,185493,6246,179247,21064,21625,41346,0,41346,3D01ST,3D0206,False,PRELIMINAR
B30060,20133530003,CREDITEX S.A.A.,2014,EMPRESAS EMISORAS,INDUSTRIALES,,Anual Individual,Anual,Soles,M todo Directo,486041,104497,381544,270199,23223,39244,-4669,34575,3D01ST,3D0206,False,PRELIMINAR
OE3694,20517406610,DEUTSCHE BANK (PERU) S.A. EN LIQUIDACION,2014,EMPRESAS EMISORAS,BANCOS,,Anual Individual,Anual,Soles,M todo Indirecto,787872,592976,194896,3921,24264,47018,-801,46217,3F0501,3F0625,False,PRELIMINAR
OE2258,20509845167,DIVISO GRUPO FINANCIERO S.A.,2014,EMPRESAS EMISORAS,DIVERSOS,,Anual Individual,Anual,Soles,M todo Indirecto,352944,95220,257724,64554,974,-19307,0,-19307,3D01ST,3D0206,True,PRELIMINAR
OE3808,20516534754,DUNAS ENERGIA S.A.A.,2014,EMPRESAS EMISORAS,DIVERSOS,,Anual Individual,Anual,Soles,M todo Indirecto,275371,4267,271104,8661,25768,53937,0,53937,3D01ST,3D0206,False,PRELIMINAR
OE3108,20375312868,EDYFICAR PERU S.A.,2014,EMPRESAS EMISORAS,DIVERSOS,,Anual Individual,Anual,Soles,M todo Indirecto,5210448,4160934,1049514,868846,55310,-82849,-39743,-122592,3F0501,3F0625,False,PRELIMINAR
B80104,20100035392,EL PACIFICO PERUANO-SUIZA CIA DE SEGUROS Y REASEGUROS,2014,EMPRESAS EMISORAS,SEGUROS,,Anual Individual,Anual,Soles,M todo Directo,3113797,1796437,1317360,1336865,180965,75375,-8114,67261,3E0301,3E0405,True,PRELIMINAR
B40013,20106156400,ELECTRO DUNAS S.A.A.,2014,EMPRESAS EMISORAS,SERVICIOS PUBLICOS,,Anual Individual,Anual,Soles,M todo Indirecto,474625,203849,270776,287349,23931,45734,-22037,23697,3D01ST,3D0206,True,PRELIMINAR
B40005,20116544289,ELECTRO SUR ESTE S.A.A.,2014,EMPRESAS EMISORAS,SERVICIOS PUBLICOS,,Anual Individual,Anual,Soles,M todo Directo,798674,100932,697742,298814,18221,49678,-70583,-20905,3D01ST,3D0206,False,PRELIMINAR
B11072,20131835621,EMPRESA AGRARIA CHIQUITOY S.A.,2014,EMPRESAS EMISORAS,AGRICOLAS,,Anual Individual,Anual,Soles,M todo Directo,88382,36438,51944,24790,-3686,314,-135,179,3D01ST,3D0206,False,PRELIMINAR
B11074,20103272964,EMPRESA AGRICOLA SAN JUAN S.A.,2014,EMPRESAS EMISORAS,AGRICOLAS,,Anual Individual,Anual,Soles,M todo Directo,162540,67602,94938,61712,3791,8703,-5934,2769,3D01ST,3D0206,True,PRELIMINAR
B08358,20133419749,EMPRESA AGRICOLA SINTUCO S.A.,2014,EMPRESAS EMISORAS,AGRICOLAS,,Anual Individual,Anual,Soles,M todo Directo,77881,12311,65570,7690,2389,10127,-41,10086,3D01ST,3D0206,True,PRELIMINAR
017070,20141723601,EMPRESA AZUCARERA EL INGENIO S.A.,2014,EMPRESAS EMISORAS,AGRICOLAS,,Anual Individual,Anual,Soles,M todo Directo,58697,13608,45089,6763,317,56,0,56,3D01ST,3D0206,False,PRELIMINAR
OE2027,20279889208,EMPRESA DE GENERACION ELECTRICA DEL SUR S.A.,2014,EMPRESAS EMISORAS,SERVICIOS PUBLICOS,,Anual Individual,Anual,Soles,M todo Directo,163434,23777,139657,49144,7178,13212,-2943,10269,3D01ST,3D0206,False,PRELIMINAR
SP0009,20262221335,EMPRESA DE GENERACION ELECTRICA SAN GABAN S.A.,2014,EMPRESAS EMISORAS,SERVICIOS PUBLICOS,,Anual Individual,Anual,Soles,M todo Directo,448022,84939,363083,125960,46022,48254,-11216,37038,3D01ST,3D0206,True,PRELIMINAR
B30241,20143229816,EMPRESA EDITORA EL COMERCIO S.A.,2014,EMPRESAS EMISORAS,INDUSTRIALES,,Anual Individual,Anual,Soles,M todo Directo,1270853,525372,745481,674337,160424,134652,-18837,115815,3D01ST,3D0206,False,PRELIMINAR
CD0022,20100027705,EMPRESA ELECTRICIDAD DEL PERU - ELECTROPERU S.A.,2014,EMPRESAS EMISORAS,SERVICIOS PUBLICOS,,Anual Individual,Anual,Soles,M todo Directo,3752884,791191,2961693,1018654,493391,504225,-88626,415599,3D01ST,3D0206,False,PRELIMINAR
B40006,20119205949,EMPRESA REGIONAL DE SERVICIO PUBLICO DE ELECTRICIDAD - ELECTROSUR S.A.,2014,EMPRESAS EMISORAS,SERVICIOS PUBLICOS,,Anual Individual,Anual,Soles,M todo Directo,254122,77623,176499,148823,14248,11764,-12134,-370,3D01ST,3D0206,False,PRELIMINAR
SP0006,20405479592,EMPRESA REGIONAL DE SERVICIO PUBLICO DE ELECTRICIDAD DE PUNO S.A.A. - ELECTROPUNO,2014,EMPRESAS EMISORAS,SERVICIOS PUBLICOS,,Anual Individual,Anual,Soles,M todo Directo,393242,87354,305888,150750,13023,22846,-13131,9715,3D01ST,3D0206,True,PRELIMINAR
B40002,20132023540,EMPRESA REGIONAL DE SERVICIO PUBLICO DE ELECTRICIDAD ELECTRONORTE MEDIO S.A. - HIDRANDINA,2014,EMPRESAS EMISORAS,SERVICIOS PUBLICOS,,Anual Individual,Anual,Soles,M todo Directo,1373254,381425,991829,712851,65801,122665,-107045,15620,3D01ST,3D0206,False,PRELIMINAR
CM0003,20402885549,EMPRESA SIDERURGICA DEL PERU S.A.A. - SIDERPERU,2014,EMPRESAS EMISORAS,INDUSTRIALES,,Anual Individual,Anual,Soles,M todo Directo,1693563,630577,1062986,1607544,-204755,202187,-37883,164304,3D01ST,3D0206,True,PRELIMINAR
003058,20270508163,ENEL GENERACION PIURA S.A.,2014,EMPRESAS EMISORAS,SERVICIOS PUBLICOS,,Anual Individual,Anual,Soles,M todo Indirecto,595312,297128,298184,253909,45047,100013,-17346,82667,3D01ST,3D0206,False,PRELIMINAR
OE4860,20543420477,ENERGIA DEL PACIFICO S.A.,2014,EMPRESAS EMISORAS,DIVERSOS,,Anual Individual,Anual,Soles,M todo Directo,537378,258158,279220,0,10497,-15519,0,-15519,3D01ST,3D0206,True,PRELIMINAR
002829,20333363900,ENGIE ENERGIA PERU S.A.A.,2014,EMPRESAS EMISORAS,SERVICIOS PUBLICOS,,Anual Individual,Anual,D lares,M todo Directo,1724092,987734,736358,618881,137568,223277,-154575,68702,3D01ST,3D0206,False,PRELIMINAR
B30094,20100094135,EXSA S.A.,2014,EMPRESAS EMISORAS,INDUSTRIALES,,Anual Individual,Anual,D lares,M todo Indirecto,189217,88668,100549,217709,9114,8019,-5591,2428,3D01ST,3D0206,False,PRELIMINAR
B30042,20100020956,FABRICA DE HILADOS Y TEJIDOS SAN MIGUEL S.A. - EN LIQUIDACION,2014,EMPRESAS EMISORAS,INDUSTRIALES,,Anual Individual,Anual,Soles,M todo Directo,1450,10,1440,0,43,2,0,2,3D01ST,3D0206,False,PRELIMINAR
B30211,20100165687,FABRICA NACIONAL DE ACUMULADORES ETNA S.A.,2014,EMPRESAS EMISORAS,INDUSTRIALES,,Anual Individual,Anual,Soles,M todo Directo,193969,82501,111468,103594,12618,17194,-2470,14724,3D01ST,3D0206,True,PRELIMINAR
B30122,20100051240,FABRICA PERUANA ETERNIT S.A.,2014,EMPRESAS EMISORAS,INDUSTRIALES,,Anual Individual,Anual,Soles,M todo Directo,328814,154678,174136,214128,15020,25709,-51993,-26284,3D01ST,3D0206,False,PRELIMINAR
OE4746,20538185010,FACTORING TOTAL S.A. (SOCIEDAD ABSORBIDA),2014,EMPRESAS EMISORAS,DIVERSOS,,Anual Individual,Anual,Soles,M todo Directo,13111,8943,4168,1939,791,-606,0,-606,3F0501,3F0625,False,PRELIMINAR
B60001,20100027292,FERREYCORP S.A.A.,2014,EMPRESAS EMISORAS,DIVERSOS,,Anual Individual,Anual,Soles,M todo Directo,2683980,1088223,1595757,186428,91981,172792,-4930,167862,3D01ST,3D0206,False,PRELIMINAR
B30083,20100083010,FILAMENTOS INDUSTRIALES S.A.,2014,EMPRESAS EMISORAS,DIVERSOS,,Anual Individual,Anual,Soles,M todo Directo,129444,39425,90019,50958,-5595,-10330,-1130,-11460,3D01ST,3D0206,False,PRELIMINAR
OE3205,20228319768,FINANCIERA CONFIANZA S.A.A.,2014,EMPRESAS EMISORAS,FINANCIERAS,,Anual Individual,Anual,Soles,M todo Directo,1681525,1419077,262448,357582,1739,159839,-13988,145851,3F0501,3F0625,False,PRELIMINAR
L00416,20328178070,FINANCIERA CREDINKA S.A. EN LIQUIDACION,2014,EMPRESAS EMISORAS,FINANCIERAS,,Anual Individual,Anual,Soles,M todo Directo,201022,164439,36583,46872,-12345,-20433,-2715,-23148,3F0501,3F0625,True,PRELIMINAR
OE5251,20348067053,FINANCIERA PROEMPRESA S.A.,2014,EMPRESAS EMISORAS,FINANCIERAS,,Anual Individual,Anual,Soles,M todo Indirecto,389626,331107,58519,85185,4222,-17425,-5256,-22681,3F0501,3F0625,False,PRELIMINAR
OE4241,20521308321,FINANCIERA QAPAQ S.A.,2014,EMPRESAS EMISORAS,FINANCIERAS,,Anual Individual,Anual,Soles,M todo Directo,327911,263378,64533,69451,783,9643,-1458,8185,3F0501,3F0625,False,PRELIMINAR
B80145,20337996834,FINANCIERA TFC S.A. EN LIQUIDACION,2014,EMPRESAS EMISORAS,FINANCIERAS,,Anual Individual,Anual,Soles,M todo Indirecto,531782,460139,71643,61416,1103,-9950,-3039,-12989,3F0501,3F0625,True,PRELIMINAR
J40093,20414671773,FONDO MIVIVIENDA S.A.,2014,EMPRESAS EMISORAS,FINANCIERAS,,Anual Individual,Anual,Soles,M todo Directo,7773403,4545149,3228254,315755,71500,1001774,-1651,1000123,3F0501,3F0625,False,PRELIMINAR
OE4159,20523108574,FOSFATOS DEL PACIFICO S.A.,2014,EMPRESAS EMISORAS,MINERAS,,Anual Individual,Anual,Soles,M todo Indirecto,237623,16091,221532,0,-10765,-15986,-29175,-45161,3D01ST,3D0206,False,PRELIMINAR
001152,20100094054,FUTURA CONSORCIO INMOBILIARIO S.A.,2014,EMPRESAS EMISORAS,DIVERSOS,,Anual Individual,Anual,Soles,M todo Directo,396180,89046,307134,7157,49413,2916,-974,1942,3D01ST,3D0206,False,PRELIMINAR
B80049,20100116988,GR HOLDING S.A.,2014,EMPRESAS EMISORAS,DIVERSOS,,Anual Individual,Anual,Soles,M todo Indirecto,224583,10930,213653,12940,10771,4591,-5,4586,3D01ST,3D0206,True,PRELIMINAR
BV0001,20100055661,GRUPO BVL S.A.A.,2014,EMPRESAS EMISORAS,DIVERSOS,,Anual Individual,Anual,Soles,M todo Directo,88062,6320,81742,37771,13813,12953,-449,12504,3D01ST,3D0206,True,PRELIMINAR
B30140,20100171814,HIDROSTAL S.A.,2014,EMPRESAS EMISORAS,INDUSTRIALES,,Anual Individual,Anual,Soles,M todo Directo,205191,69719,135472,127154,4500,9314,-5818,3496,3D01ST,3D0206,False,PRELIMINAR
OE1679,20508565934,HIPERMERCADOS TOTTUS S.A,2014,EMPRESAS EMISORAS,DIVERSOS,,Anual Individual,Anual,Soles,M todo Directo,1683511,1063825,619686,2931767,59089,235644,-260317,-24673,3D01ST,3D0206,False,PRELIMINAR
OE3986,20518201426,HIPOTECARIA SURA EMPRESA ADMINISTRADORA HIPOTECARIA S.A. - EN LIQUIDACION,2014,EMPRESAS EMISORAS,DIVERSOS,,Anual Individual,Anual,Soles,M todo Directo,24002,5462,18540,5922,-4599,44015,625,,3F0501,3F0625,False,REVISAR_CAPEX_POSITIVO
OE5021,20523611250,H2OLMOS S.A.,2014,EMPRESAS EMISORAS,DIVERSOS,,Anual Individual,Anual,Soles,M todo Indirecto,707795,683903,23892,11500,-359,-46944,0,-46944,3D01ST,3D0206,True,PRELIMINAR
J40414,20546892175,ICBC PERU BANK,2014,EMPRESAS EMISORAS,BANCOS,,Anual Individual,Anual,Soles,M todo Indirecto,286808,175013,111795,3759,-10198,1082,-153,929,3F0501,3F0625,True,PRELIMINAR
J40582,20565403851,ICCGSA INVERSIONES S.A.,2014,EMPRESAS EMISORAS,DIVERSOS,,Anual Individual,Anual,Soles,M todo Indirecto,42442,20950,21492,0,-108,-187,0,-187,3D01ST,3D0206,False,PRELIMINAR
B30236,20251293181,INDECO S.A.,2014,EMPRESAS EMISORAS,INDUSTRIALES,,Anual Individual,Anual,D lares,M todo Directo,126922,27188,99734,239969,7667,11638,-1784,9854,3D01ST,3D0206,False,PRELIMINAR
B30050,20102728743,INDUSTRIA TEXTIL PIURA S.A.,2014,EMPRESAS EMISORAS,INDUSTRIALES,,Anual Individual,Anual,Soles,M todo Directo,290359,156821,133538,102145,-12151,-19992,-1267,-21259,3D01ST,3D0206,False,PRELIMINAR
B30107,20100004322,INDUSTRIAS DEL ENVASE S.A.,2014,EMPRESAS EMISORAS,INDUSTRIALES,,Anual Individual,Anual,Soles,M todo Directo,180012,88410,91602,142536,1600,10706,-3292,7414,3D01ST,3D0206,True,PRELIMINAR
B30152,20100003512,INDUSTRIAS ELECTRO QUIMICAS S.A. IEQSA,2014,EMPRESAS EMISORAS,INDUSTRIALES,,Anual Individual,Anual,Soles,M todo Directo,170779,48798,121981,330460,6800,4160,-2747,1413,3D01ST,3D0206,False,PRELIMINAR
OE4256,20522291201,INFINANCE XP S.A. (ANTES FINANCIERA OH! S.A.),2014,EMPRESAS EMISORAS,FINANCIERAS,,Anual Individual,Anual,Soles,M todo Indirecto,651680,492544,159136,220367,-1699,-241063,-4198,-245261,3F0501,3F0625,False,PRELIMINAR
OE4660,20543135942,INMOBILIARIA IDE S.A.,2014,EMPRESAS EMISORAS,DIVERSOS,,Anual Individual,Anual,Soles,M todo Indirecto,14539,2111,12428,761,344,457,0,457,3D01ST,3D0206,False,PRELIMINAR
B30127,20100049938,INMOBILIARIA KANPU S.A.,2014,EMPRESAS EMISORAS,DIVERSOS,,Anual Individual,Anual,Soles,M todo Directo,246316,147324,98992,241924,7490,-4500,-6349,-10849,3D01ST,3D0206,False,PRELIMINAR
CN0002,20499141051,INMOBILIARIA MILENIA S.A.,2014,EMPRESAS EMISORAS,DIVERSOS,,Anual Individual,Anual,Soles,M todo Indirecto,210847,50292,160555,5608,38390,1234,-674,560,3D01ST,3D0206,True,PRELIMINAR
J00194,20511910642,INMUEBLES COMERCIALES DEL PERU S.A.C.,2014,EMPRESAS EMISORAS,DIVERSOS,,Anual Individual,Anual,Soles,M todo Directo,1019463,61310,958153,3702,37733,-6861,-1750,-8611,3D01ST,3D0206,True,PRELIMINAR
OE1274,20423264617,INMUEBLES PANAMERICANA S.A.,2014,EMPRESAS EMISORAS,DIVERSOS,,Anual Individual,Anual,Soles,M todo Directo,1136555,561864,574691,96495,56375,48271,-54294,-6023,3D01ST,3D0206,False,PRELIMINAR
OE5087,0,INRETAIL PERU CORP.,2014,EMPRESAS EMISORAS,DIVERSOS,,Anual Individual,Anual,Soles,M todo Directo,4399367,1115891,3283476,110000,-56356,89013,0,89013,3D01ST,3D0206,False,PRELIMINAR
OE4150,20492497721,INSUR S.A. COMPAÑIA DE SEGUROS,2014,EMPRESAS EMISORAS,SEGUROS,,Anual Individual,Anual,Soles,M todo Indirecto,48976,21604,27372,25330,9277,9100,-50,9050,3E0301,3E0405,False,PRELIMINAR
B70009,20100017491,INTEGRATEL PERU S.A.A.,2014,EMPRESAS EMISORAS,SERVICIOS PUBLICOS,,Anual Individual,Anual,Soles,M todo Directo,11910212,5927107,5983105,9308716,962144,2419386,-1501684,917702,3D01ST,3D0206,False,PRELIMINAR
OE2305,0,INTERCORP FINANCIAL SERVICES INC.,2014,EMPRESAS EMISORAS,DIVERSOS,,Anual Individual,Anual,Soles,M todo Indirecto,4212853,21799,4191054,0,949104,-46131,0,-46131,3F0501,3F0625,False,PRELIMINAR
CD0010,0,INTERCORP PERU LTD.,2014,EMPRESAS EMISORAS,DIVERSOS,,Anual Individual,Anual,Soles,M todo Directo,6187425,1236541,4950884,3364,539738,-134167,0,-134167,3F0501,3F0625,False,PRELIMINAR
CS0002,20382748566,INTERSEGURO COMPAÑIA DE SEGUROS S.A.,2014,EMPRESAS EMISORAS,SEGUROS,,Anual Individual,Anual,Soles,M todo Indirecto,4500829,3970614,530215,149259,207075,518822,-635,518187,3E0301,3E0405,True,PRELIMINAR
TI0002,20417378911,INTRADEVCO INDUSTRIAL S.A.,2014,EMPRESAS EMISORAS,INDUSTRIALES,,Anual Individual,Anual,Soles,M todo Directo,639228,295272,343956,465763,16602,74112,-21287,52825,3D01ST,3D0206,False,PRELIMINAR
B80057,20101099149,INVERSIONES ASPI S.A.,2014,EMPRESAS EMISORAS,DIVERSOS,,Anual Individual,Anual,Soles,M todo Indirecto,1075517,134137,941380,97637,16426,38417,-110,38307,3D01ST,3D0206,False,PRELIMINAR
B80077,20101045995,INVERSIONES CENTENARIO S.A.A.,2014,EMPRESAS EMISORAS,DIVERSOS,,Anual Individual,Anual,Soles,M todo Directo,2626966,1612701,1014265,297579,74189,20344,-2540,17804,3D01ST,3D0206,True,PRELIMINAR
B60004,20104347691,INVERSIONES EN TURISMO S.A. INVERTUR,2014,EMPRESAS EMISORAS,DIVERSOS,,Anual Individual,Anual,Soles,M todo Directo,42152,9170,32982,20437,1764,4137,-2420,1717,3D01ST,3D0206,False,PRELIMINAR
003512,20334766714,INVERSIONES LA RIOJA S.A.,2014,EMPRESAS EMISORAS,DIVERSOS,,Anual Individual,Anual,Soles,M todo Directo,531261,270029,261232,119208,4567,34541,-40960,-6419,3D01ST,3D0206,True,PRELIMINAR
B60005,20114803228,INVERSIONES NACIONALES DE TURISMO S.A. INTURSA,2014,EMPRESAS EMISORAS,DIVERSOS,,Anual Individual,Anual,Soles,M todo Directo,1002571,195674,806897,198166,954,47770,-7369,40401,3D01ST,3D0206,False,PRELIMINAR
OE4189,20510992904,KALLPA GENERACION S.A.,2014,EMPRESAS EMISORAS,SERVICIOS PUBLICOS,,Anual Individual,Anual,D lares,M todo Directo,729881,558662,171219,436673,53089,116915,-19055,97860,3D01ST,3D0206,False,PRELIMINAR
A80069,20100210909,LA POSITIVA SEGUROS Y REASEGUROS S.A.,2014,EMPRESAS EMISORAS,SEGUROS,,Anual Individual,Anual,Soles,M todo Indirecto,994552,710848,283704,679813,35059,21593,-10184,11409,3E0301,3E0405,False,PRELIMINAR
OE2069,20454073143,LA POSITIVA VIDA SEGUROS Y REASEGUROS S.A.,2014,EMPRESAS EMISORAS,SEGUROS,,Anual Individual,Anual,Soles,M todo Indirecto,2418579,2223569,195010,138408,33990,166807,-367,166440,3E0301,3E0405,True,PRELIMINAR
CI0011,20100095450,LAIVE S.A.,2014,EMPRESAS EMISORAS,INDUSTRIALES,,Anual Individual,Anual,Soles,M todo Directo,298926,146224,152702,472346,13581,22576,-14910,7666,3D01ST,3D0206,False,PRELIMINAR
B80031,20100093759,LATINA HOLDING S.A.,2014,EMPRESAS EMISORAS,DIVERSOS,,Anual Individual,Anual,Soles,M todo Directo,24400,40,24360,0,-2876,8136,0,8136,3D01ST,3D0206,False,PRELIMINAR
OE4447,20524981981,LEASING PERU S.A. (EN LIQUIDACION),2014,EMPRESAS EMISORAS,DIVERSOS,,Anual Individual,Anual,Soles,M todo Indirecto,389642,340552,49090,22931,2677,-13371,-55,-13426,3F0501,3F0625,False,PRELIMINAR
006166,20100190797,LECHE GLORIA S.A.,2014,EMPRESAS EMISORAS,INDUSTRIALES,,Anual Individual,Anual,Soles,M todo Directo,2850235,1306375,1543860,3347445,244903,64113,-159614,-95501,3D01ST,3D0206,False,PRELIMINAR
B30099,20100182778,LIMA CAUCHO S.A. EN LIQUIDACION,2014,EMPRESAS EMISORAS,INDUSTRIALES,,Anual Individual,Anual,Soles,M todo Directo,472095,182861,289234,127074,-2103,13852,-859,12993,3D01ST,3D0206,False,PRELIMINAR
J00121,20100007348,LIMA GAS S.A.,2014,EMPRESAS EMISORAS,DIVERSOS,,Anual Individual,Anual,Soles,M todo Directo,149867,63679,86188,328707,18008,5829,-11128,-5299,3D01ST,3D0206,False,PRELIMINAR
B70032,20301837896,LOS PORTALES S.A.,2014,EMPRESAS EMISORAS,DIVERSOS,,Anual Individual,Anual,Soles,M todo Indirecto,1225376,889488,335888,630940,53213,-3574,-20566,-24140,3D01ST,3D0206,True,PRELIMINAR
B40008,20331898008,LUZ DEL SUR S.A.A.,2014,EMPRESAS EMISORAS,SERVICIOS PUBLICOS,,Anual Individual,Anual,Soles,M todo Directo,3855028,2058583,1796445,2508860,399865,330498,-274397,56101,3D01ST,3D0206,True,PRELIMINAR
B30134,20100074371,MANUFACTURA DE METALES Y ALUMINIO RECORD S.A. EN LIQUIDACION,2014,EMPRESAS EMISORAS,INDUSTRIALES,,Anual Individual,Anual,Soles,M todo Directo,128042,41047,86995,74423,3128,13941,0,13941,3D01ST,3D0206,True,PRELIMINAR
CS0004,20418896915,MAPFRE PERU COMPAÑIA DE SEGUROS Y REASEGUROS,2014,EMPRESAS EMISORAS,SEGUROS,,Anual Individual,Anual,Soles,M todo Indirecto,1009122,872908,136214,354350,55424,141077,-17892,123185,3E0301,3E0405,False,PRELIMINAR
B80122,20202380621,MAPFRE PERU COMPAÑIA DE SEGUROS Y REASEGUROS (SOCIEDAD ABSORBIDA),2014,EMPRESAS EMISORAS,SEGUROS,,Anual Individual,Anual,Soles,M todo Indirecto,1316733,1080519,236214,819605,47479,157326,-11586,145740,3E0301,3E0405,False,PRELIMINAR
B20030,20100037841,MARMOLES Y GRANITOS S.A.,2014,EMPRESAS EMISORAS,MINERAS,,Anual Individual,Anual,Soles,M todo Directo,12905,10329,2576,3017,-2798,-5,-225,-230,3D01ST,3D0206,False,PRELIMINAR
CB0001,20382036655,MIBANCO BANCO DE LA MICROEMPRESA S.A.,2014,EMPRESAS EMISORAS,BANCOS,,Anual Individual,Anual,Soles,M todo Directo,5729032,5139211,589821,911948,-67570,366501,-24738,341763,3F0501,3F0625,True,PRELIMINAR
TI0003,20100192650,MICHELL Y CIA. S.A.,2014,EMPRESAS EMISORAS,INDUSTRIALES,,Anual Individual,Anual,Soles,M todo Directo,361893,153415,208478,334869,31940,21480,-7712,13768,3D01ST,3D0206,False,PRELIMINAR
CM0002,20338426781,MINERA ANDINA DE EXPLORACIONES S.A.A.,2014,EMPRESAS EMISORAS,MINERAS,,Anual Individual,Anual,Soles,M todo Indirecto,4001,1669,2332,2972,-821,-852,-7,-859,3D01ST,3D0206,False,PRELIMINAR
A20032,20100136741,MINSUR S.A.,2014,EMPRESAS EMISORAS,MINERAS,,Anual Individual,Anual,D lares,M todo Directo,2283460,605284,1678176,760160,84898,289925,-34659,255266,3D01ST,3D0206,False,PRELIMINAR
BF0001,20375361991,MITSUI AUTO FINANCE PERU S.A.,2014,EMPRESAS EMISORAS,FINANCIERAS,,Anual Individual,Anual,Soles,M todo Indirecto,610297,460519,149778,95244,25537,62160,0,62160,3F0501,3F0625,False,PRELIMINAR
J40329,20513120584,MOCHE INVERSIONES S.A.,2014,EMPRESAS EMISORAS,SERVICIOS PUBLICOS,,Anual Individual,Anual,Soles,M todo Directo,130409,35044,95365,840,-2711,-58,-480,-538,3D01ST,3D0206,False,PRELIMINAR
TI0001,20417926632,MOTORES DIESEL ANDINOS S.A.,2014,EMPRESAS EMISORAS,INDUSTRIALES,,Anual Individual,Anual,Soles,M todo Directo,579992,302596,277396,372707,24257,-28944,-7980,-36924,3D01ST,3D0206,True,PRELIMINAR
B80136,20100007852,NEGOCIOS E INMUEBLES S.A.,2014,EMPRESAS EMISORAS,DIVERSOS,,Anual Individual,Anual,Soles,M todo Directo,557428,73413,484015,7812,74706,94721,-256,94465,3D01ST,3D0206,False,PRELIMINAR
J40451,20505670443,NESSUS HOTELES PERU S.A.,2014,EMPRESAS EMISORAS,DIVERSOS,,Anual Individual,Anual,Soles,M todo Directo,179747,85703,94044,113332,2960,13346,-7131,6215,3D01ST,3D0206,False,PRELIMINAR
CM0007,20100123500,NEXA RESOURCES ATACOCHA S.A.A.,2014,EMPRESAS EMISORAS,MINERAS,,Anual Individual,Anual,D lares,M todo Directo,150516,69732,80784,98694,-2240,29948,-6615,23333,3D01ST,3D0206,False,PRELIMINAR
B20010,20100110513,NEXA RESOURCES PERU S.A.A.,2014,EMPRESAS EMISORAS,MINERAS,,Anual Individual,Anual,D lares,M todo Directo,1166038,517070,648968,502787,108548,185094,-75897,109197,3D01ST,3D0206,False,PRELIMINAR
OE5008,20547203608,NISA MALLS S.A.,2014,EMPRESAS EMISORAS,DIVERSOS,,Anual Individual,Anual,Soles,M todo Directo,45,0,45,0,-19,-33,0,-33,3D01ST,3D0206,False,PRELIMINAR
L00179,20501439020,OBRAS DE INGENIERIA S.A.C.,2014,EMPRESAS EMISORAS,DIVERSOS,,Anual Individual,Anual,Soles,M todo Indirecto,515804,400650,115154,438988,17450,22436,-9270,13166,3D01ST,3D0206,True,PRELIMINAR
023154,20338646802,ORAZUL ENERGY EGENOR SOCIEDAD EN COMANDITA POR ACCIONES,2014,EMPRESAS EMISORAS,SERVICIOS PUBLICOS,,Anual Individual,Anual,Soles,M todo Directo,1063035,459555,603480,373086,156623,158205,-10711,147494,3D01ST,3D0206,False,PRELIMINAR
B40009,20330791412,ORYGEN PERU S.A.A.,2014,EMPRESAS EMISORAS,SERVICIOS PUBLICOS,,Anual Individual,Anual,Soles,M todo Directo,4087454,1578524,2508930,1543915,528334,501715,-91655,410060,3D01ST,3D0206,False,PRELIMINAR
B60055,20332970411,PACIFICO COMPAÑIA DE SEGUROS Y REASEGUROS,2014,EMPRESAS EMISORAS,SEGUROS,,Anual Individual,Anual,Soles,M todo Directo,5169745,4470118,699627,654142,148460,733990,-42991,690999,3E0301,3E0405,False,PRELIMINAR
B50003,20118206208,PERU HOLDING DE TURISMO S.A.A.,2014,EMPRESAS EMISORAS,DIVERSOS,,Anual Individual,Anual,Soles,M todo Indirecto,196430,3677,192753,173,-2978,-646,0,-646,3D01ST,3D0206,False,PRELIMINAR
OE4139,20506342563,PERU LNG S.R.L.,2014,EMPRESAS EMISORAS,DIVERSOS,,Anual Individual,Anual,D lares,M todo Indirecto,3190378,1797098,1393280,788866,43179,192612,-12030,180582,3D01ST,3D0206,False,PRELIMINAR
002927,20338352728,PERUANA DE ENERGIA S.A.A.,2014,EMPRESAS EMISORAS,SERVICIOS PUBLICOS,,Anual Individual,Anual,Soles,M todo Indirecto,78376,19464,58912,9350,2841,2674,-173,2501,3D01ST,3D0206,True,PRELIMINAR
OE4680,20251995967,PERUANA DE MOLDEADOS S.A. - PAMOLSA,2014,EMPRESAS EMISORAS,INDUSTRIALES,,Anual Individual,Anual,Soles,M todo Indirecto,267901,138020,129881,299172,25483,38043,-8211,29832,3D01ST,3D0206,True,PRELIMINAR
B20023,20100136237,PERUBAR S.A.,2014,EMPRESAS EMISORAS,MINERAS,,Anual Individual,Anual,D lares,M todo Directo,110911,38837,72074,25794,-584,3700,-20366,-16666,3D01ST,3D0206,False,PRELIMINAR
CI0012,20380336384,PESQUERA EXALMAR S.A.A.,2014,EMPRESAS EMISORAS,INDUSTRIALES,,Anual Individual,Anual,D lares,M todo Directo,511299,284451,226848,220944,14295,68537,-19739,48798,3D01ST,3D0206,False,PRELIMINAR
J00171,20100128218,PETROLEOS DEL PERU - PETROPERU S.A.,2014,EMPRESAS EMISORAS,INDUSTRIALES,,Anual Individual,Anual,Soles,M todo Directo,8291940,5530942,2760998,15050088,-94905,12009,-1436709,-1424700,3D01ST,3D0206,True,PRELIMINAR
OE2008,20510889135,PLUSPETROL CAMISEA S.A.,2014,EMPRESAS EMISORAS,DIVERSOS,,Anual Individual,Anual,D lares,M todo Indirecto,529513,295232,234281,529877,174850,191288,-12745,178543,3D01ST,3D0206,False,PRELIMINAR
OE2009,20510888911,PLUSPETROL LOTE 56 S.A.,2014,EMPRESAS EMISORAS,DIVERSOS,,Anual Individual,Anual,D lares,M todo Indirecto,332108,233457,98651,350535,83215,83578,-4033,79545,3D01ST,3D0206,False,PRELIMINAR
B40010,20269985900,PLUZ ENERGIA PERU S.A.A.,2014,EMPRESAS EMISORAS,SERVICIOS PUBLICOS,,Anual Individual,Anual,Soles,M todo Indirecto,3525512,2149146,1376366,2366543,302238,522312,-398072,124240,3D01ST,3D0206,False,PRELIMINAR
OE1928,20510398158,PRIMA AFP S.A.,2014,EMPRESAS EMISORAS,A.F.P.,,Anual Individual,Anual,Soles,M todo Directo,892380,305351,587029,391910,152247,182099,-9274,172825,3A01ST,3A0206,True,PRELIMINAR
AFP004,20142829551,PROFUTURO AFP,2014,EMPRESAS EMISORAS,A.F.P.,,Anual Individual,Anual,Soles,M todo Directo,1111400,169097,942303,316920,125347,148892,-5701,143191,3A01ST,3A0206,False,PRELIMINAR
OE3191,20517207331,PROTECTA S.A. COMPAÑIA DE SEGUROS Y REASEGUROS,2014,EMPRESAS EMISORAS,SEGUROS,,Anual Individual,Anual,Soles,M todo Indirecto,439982,365585,74397,57837,620,88485,-621,87864,3E0301,3E0405,False,PRELIMINAR
J40371,20553157014,QUALITAS COMPAÑIA DE SEGUROS S.A.,2014,EMPRESAS EMISORAS,SEGUROS,,Anual Individual,Anual,Soles,M todo Indirecto,10501,3494,7007,568,-4933,-4243,-32,-4275,3E0301,3E0405,True,PRELIMINAR
B20042,20330791501,QUIMPAC S.A.,2014,EMPRESAS EMISORAS,INDUSTRIALES,,Anual Individual,Anual,Soles,M todo Directo,1797165,967677,829488,509188,49592,116042,-273828,-157786,3D01ST,3D0206,True,PRELIMINAR
J00123,20378890161,RASH PERU S.A.C.,2014,EMPRESAS EMISORAS,DIVERSOS,,Anual Individual,Anual,Soles,M todo Indirecto,93332,57313,36019,170717,3292,21654,-5091,16563,3D01ST,3D0206,False,PRELIMINAR
B30084,20100026997,RAYON INDUSTRIAL S.A. EN LIQUIDACION,2014,EMPRESAS EMISORAS,INDUSTRIALES,,Anual Individual,Anual,Soles,M todo Directo,594,7,587,0,-2,3,0,3,3D01ST,3D0206,False,PRELIMINAR
B30220,20100005566,REACTIVOS NACIONALES S.A. RENASA,2014,EMPRESAS EMISORAS,INDUSTRIALES,,Anual Individual,Anual,Soles,M todo Directo,88890,12600,76290,61562,6754,8844,-1928,6916,3D01ST,3D0206,False,PRELIMINAR
B90002,20100298725,RED BICOLOR DE COMUNICACIONES S.A.A. - RBC TV S.A.A.,2014,EMPRESAS EMISORAS,DIVERSOS,,Anual Individual,Anual,Soles,M todo Directo,7825,1534,6291,5045,58,117,-66,51,3D01ST,3D0206,False,PRELIMINAR
SP0008,20504645046,RED DE ENERGIA DEL PERU S.A.,2014,EMPRESAS EMISORAS,SERVICIOS PUBLICOS,,Anual Individual,Anual,D lares,M todo Directo,519508,326310,193198,178420,31407,42894,-1271,41623,3D01ST,3D0206,True,PRELIMINAR
OE3927,20505377142,RED VIAL 5 S.A.,2014,EMPRESAS EMISORAS,DIVERSOS,,Anual Individual,Anual,Soles,M todo Indirecto,236493,109767,126726,178170,31090,-33371,-73,-33444,3D01ST,3D0206,True,PRELIMINAR
002766,20259829594,REFINERIA LA PAMPILLA S.A.A.,2014,EMPRESAS EMISORAS,INDUSTRIALES,,Anual Individual,Anual,D lares,M todo Directo,1195469,833285,362184,4114450,-64561,48754,-100776,-52022,3D01ST,3D0206,False,PRELIMINAR
J40285,20552322704,RIGEL PERU S.A. COMPAÑIA DE SEGUROS DE VIDA - EN LIQUIDACION,2014,EMPRESAS EMISORAS,SEGUROS,,Anual Individual,Anual,Soles,M todo Indirecto,149307,108886,40421,115192,-1613,36542,-42,36500,3E0301,3E0405,False,PRELIMINAR
B80037,20100041953,RIMAC SEGUROS Y REASEGUROS,2014,EMPRESAS EMISORAS,SEGUROS,,Anual Individual,Anual,Soles,M todo Directo,8989883,7665141,1324742,2761058,203124,903416,-72891,830525,3E0301,3E0405,True,PRELIMINAR
014313,20100128056,SAGA FALABELLA S.A.,2014,EMPRESAS EMISORAS,DIVERSOS,,Anual Individual,Anual,Soles,M todo Directo,1557928,954040,603888,2796846,136591,329827,-73599,256228,3D01ST,3D0206,False,PRELIMINAR
000717,20100154308,SAN FERNANDO S.A.,2014,EMPRESAS EMISORAS,INDUSTRIALES,,Anual Individual,Anual,Soles,M todo Directo,1877425,837126,1040299,2265500,29114,-61391,-89999,-151390,3D01ST,3D0206,False,PRELIMINAR
B80134,20255993225,SANTANDER CONSUMER BANK S.A.,2014,EMPRESAS EMISORAS,BANCOS,,Anual Individual,Anual,Soles,M todo Indirecto,3800522,3324700,475822,921397,101120,-23162,-19599,-42761,3F0501,3F0625,False,PRELIMINAR
B80012,20100043140,SCOTIABANK PERU S.A.A.,2014,EMPRESAS EMISORAS,BANCOS,,Anual Individual,Anual,Soles,M todo Indirecto,44176645,38496424,5680221,2380542,956210,-1945867,-73724,-2019591,3F0501,3F0625,False,PRELIMINAR
CS0005,20463627488,SEGUROS SURA,2014,EMPRESAS EMISORAS,SEGUROS,,Anual Individual,Anual,Soles,M todo Indirecto,3980831,3604269,376562,75364,24533,239480,-3847,235633,3E0301,3E0405,False,PRELIMINAR
SP0012,20100152356,SERVICIO DE AGUA POTABLE Y ALCANTARILLADO - SEDAPAL,2014,EMPRESAS EMISORAS,SERVICIOS PUBLICOS,,Anual Individual,Anual,Soles,M todo Directo,9387142,4512737,4874405,1512882,261124,343437,-471314,-127877,3D01ST,3D0206,False,PRELIMINAR
SP0002,20325493811,SHOUGANG GENERACION ELECTRICA S.A.A.,2014,EMPRESAS EMISORAS,SERVICIOS PUBLICOS,,Anual Individual,Anual,Soles,M todo Directo,163522,47191,116331,93762,19167,32821,-1016,31805,3D01ST,3D0206,False,PRELIMINAR
CM0004,20100142989,SHOUGANG HIERRO PERU S.A.A.,2014,EMPRESAS EMISORAS,MINERAS,,Anual Individual,Anual,Soles,M todo Indirecto,3282575,2296616,985959,1716536,450699,534207,-463297,70910,3D01ST,3D0206,False,PRELIMINAR
SP0010,20100188628,SOCIEDAD ELECTRICA DEL SUR OESTE S.A. - SEAL,2014,EMPRESAS EMISORAS,SERVICIOS PUBLICOS,,Anual Individual,Anual,Soles,M todo Directo,506742,116740,390002,391881,43826,53382,-38210,15172,3D01ST,3D0206,True,PRELIMINAR
B30143,20100113539,SOCIEDAD INDUSTRIAL DE ARTICULOS DE METAL S.A.C. - SIAM EN LIQUIDACION,2014,EMPRESAS EMISORAS,INDUSTRIALES,,Anual Individual,Anual,Soles,M todo Directo,25431,6993,18438,9357,-177,994,-21,973,3D01ST,3D0206,False,PRELIMINAR
CM0006,20170072465,SOCIEDAD MINERA CERRO VERDE S.A.A.,2014,EMPRESAS EMISORAS,MINERAS,,Anual Individual,Anual,D lares,M todo Indirecto,5771984,1306894,4465090,1467097,377606,318103,-1771715,-1453612,3D01ST,3D0206,True,PRELIMINAR
002597,20217427593,SOCIEDAD MINERA CORONA S.A.,2014,EMPRESAS EMISORAS,MINERAS,,Anual Individual,Anual,D lares,M todo Indirecto,111811,62449,49362,119027,29782,46756,-12920,33836,3D01ST,3D0206,True,PRELIMINAR
B20026,20100017572,SOCIEDAD MINERA EL BROCAL S.A.A.,2014,EMPRESAS EMISORAS,MINERAS,,Anual Individual,Anual,D lares,M todo Directo,765063,310717,454346,210002,7514,71682,-41045,30637,3D01ST,3D0206,True,PRELIMINAR
B80013,20100161771,SOLUCION EMPRESA ADMINISTRADORA HIPOTECARIA S.A.,2014,EMPRESAS EMISORAS,DIVERSOS,,Anual Individual,Anual,Soles,M todo Indirecto,458343,362424,95919,31359,13068,-47540,0,-47540,3F0501,3F0625,False,PRELIMINAR
B20027,20100147514,"SOUTHERN PERU COPPER CORPORATION, SUCURSAL DEL PERU",2014,EMPRESAS EMISORAS,MINERAS,,Anual Individual,Anual,D lares,M todo Directo,4327850,461734,3866116,2481765,565732,840366,-325620,514746,3D01ST,3D0206,False,PRELIMINAR
000432,20100070970,SUPERMERCADOS PERUANOS S.A.,2014,EMPRESAS EMISORAS,DIVERSOS,,Anual Individual,Anual,Soles,M todo Directo,2530160,1624019,906141,3756624,14601,125621,-187691,-62070,3D01ST,3D0206,False,PRELIMINAR
OE3895,20112273922,TIENDAS DEL MEJORAMIENTO DEL HOGAR S.A.,2014,EMPRESAS EMISORAS,DIVERSOS,,Anual Individual,Anual,Soles,M todo Directo,1266412,1070253,196159,1462046,-55196,3041,-7116,-4075,3D01ST,3D0206,True,PRELIMINAR
CF0001,20377892918,TOTAL SERVICIOS FINANCIEROS EMPRESA DE CREDITOS,2014,EMPRESAS EMISORAS,FINANCIERAS,,Anual Individual,Anual,Soles,M todo Directo,198854,158206,40648,22795,4490,6095,0,6095,3F0501,3F0625,True,PRELIMINAR
OE2487,20100087198,TRADI S.A.,2014,EMPRESAS EMISORAS,DIVERSOS,,Anual Individual,Anual,Soles,M todo Directo,442515,209837,232678,512639,13616,16471,-3604,12867,3D01ST,3D0206,False,PRELIMINAR
CD0009,20468451451,TRANSACCIONES FINANCIERAS S.A.,2014,EMPRESAS EMISORAS,DIVERSOS,,Anual Individual,Anual,Soles,M todo Indirecto,43292,149,43143,0,11535,-779,0,-779,3D01ST,3D0206,True,PRELIMINAR
CI0009,20499432021,TRANSPORTADORA DE GAS DEL PERU S.A.,2014,EMPRESAS EMISORAS,SERVICIOS PUBLICOS,,Anual Individual,Anual,D lares,M todo Directo,1767383,1313967,453416,537872,107043,253706,-115623,138083,3D01ST,3D0206,True,PRELIMINAR
B30121,20100137390,UNACEM CORP SOCIEDAD ANONIMA ABIERTA - UNACEM CORP S.A.A.,2014,EMPRESAS EMISORAS,DIVERSOS,,Anual Individual,Anual,Soles,M todo Directo,8366704,4742572,3624132,1882982,290113,474781,-363443,111338,3D01ST,3D0206,False,PRELIMINAR
B30021,20100113610,UNION DE CERVECERIAS PERUANAS BACKUS Y JOHNSTON S.A.A.,2014,EMPRESAS EMISORAS,INDUSTRIALES,,Anual Individual,Anual,Soles,M todo Indirecto,3667799,1792006,1875793,3692280,948908,1024147,-264242,759905,3D01ST,3D0206,False,PRELIMINAR
OE5376,20554477721,VIVIR SEGUROS COMPAÑIA DE SEGUROS DE VIDA S.A.,2014,EMPRESAS EMISORAS,SEGUROS,,Anual Individual,Anual,Soles,M todo Indirecto,286025,221858,64167,219048,-10294,119194,-22,119172,3E0301,3E0405,False,PRELIMINAR
CM0001,20383045267,VOLCAN COMPAÑIA MINERA S.A.A.,2014,EMPRESAS EMISORAS,MINERAS,,Anual Individual,Anual,D lares,M todo Directo,3089970,1568380,1521590,631898,73299,-76454,-69353,-145807,3D01ST,3D0206,False,PRELIMINAR
023490,20312372895,YURA S.A.,2014,EMPRESAS EMISORAS,INDUSTRIALES,,Anual Individual,Anual,Soles,M todo Directo,2773269,1587267,1186002,1005184,243382,285960,-228531,57429,3D01ST,3D0206,False,PRELIMINAR
020045,20260172035,ACTIVO INMOBILIARIO PERUANO S.A.A. (ANTES FALABELLA PERU S.A.A.),2015,EMPRESAS EMISORAS,DIVERSOS,,Anual Individual,Anual,Soles,M todo Directo,5295486,532983,4762503,0,542786,16958,0,16958,3D01ST,3D0206,True,PRELIMINAR
B80018,20100047307,ADMINISTRADORA DEL COMERCIO S.A. EN LIQUIDACION,2015,EMPRESAS EMISORAS,DIVERSOS,,Anual Individual,Anual,Soles,M todo Directo,66639,32061,34578,6100,3070,8325,-37,8288,3D01ST,3D0206,True,PRELIMINAR
003277,20306841506,ADMINISTRADORA JOCKEY PLAZA SHOPPING CENTER S.A.,2015,EMPRESAS EMISORAS,DIVERSOS,,Anual Individual,Anual,Soles,M todo Directo,1596962,720131,876831,276378,202176,85035,-148246,-63211,3D01ST,3D0206,False,PRELIMINAR
023106,20332600592,AENZA S.A.A.,2015,EMPRESAS EMISORAS,DIVERSOS,,Anual Individual,Anual,Soles,M todo Indirecto,2838714,178871,2659843,98469,88531,-42506,-12961,-55467,3D01ST,3D0206,True,PRELIMINAR
OE4132,20551464971,AFP HABITAT S.A.,2015,EMPRESAS EMISORAS,A.F.P.,,Anual Individual,Anual,Soles,M todo Directo,42710,12035,30675,31692,-10567,-7838,-1588,-9426,3A01ST,3A0206,False,PRELIMINAR
AFP002,20157036794,AFP INTEGRA,2015,EMPRESAS EMISORAS,A.F.P.,,Anual Individual,Anual,Soles,M todo Directo,1388010,223485,1164525,431217,177759,173128,-2577,170551,3A01ST,3A0206,False,PRELIMINAR
B11073,20164042686,AGRICOLA CAYALTI SOCIEDAD ANONIMA ABIERTA,2015,EMPRESAS EMISORAS,AGRICOLAS,,Anual Individual,Anual,Soles,M todo Directo,300466,156185,144281,19997,-22557,-4424,-6050,-10474,3D01ST,3D0206,False,PRELIMINAR
OE4006,20461642706,AGRICOLA CERRO PRIETO S.A.,2015,EMPRESAS EMISORAS,AGRICOLAS,,Anual Individual,Anual,D lares,M todo Directo,195139,57171,137968,34788,4891,10139,-10611,-472,3D01ST,3D0206,False,PRELIMINAR
B11067,20135948641,AGRO INDUSTRIAL PARAMONGA S.A.,2015,EMPRESAS EMISORAS,AGRICOLAS,,Anual Individual,Anual,Soles,M todo Indirecto,838151,284130,554021,243310,11676,37108,-10084,27024,3D01ST,3D0206,True,PRELIMINAR
B08363,20132377783,AGROINDUSTRIAL LAREDO S.A.A.,2015,EMPRESAS EMISORAS,AGRICOLAS,,Anual Individual,Anual,Soles,M todo Directo,786749,269122,517627,254191,5233,7717,-18825,-11108,3D01ST,3D0206,False,PRELIMINAR
OE4115,20104420282,AGROINDUSTRIAS AIB S.A.,2015,EMPRESAS EMISORAS,INDUSTRIALES,,Anual Individual,Anual,Soles,M todo Directo,268311,127035,141276,165505,5238,-3480,-9154,-12634,3D01ST,3D0206,True,PRELIMINAR
B11068,20116225779,AGROINDUSTRIAS SAN JACINTO S.A.A.,2015,EMPRESAS EMISORAS,AGRICOLAS,,Anual Individual,Anual,Soles,M todo Directo,539101,224312,314789,179149,11927,83564,-21866,61698,3D01ST,3D0206,True,PRELIMINAR
OE4977,20546844791,AGROKASA HOLDINGS S.A.,2015,EMPRESAS EMISORAS,DIVERSOS,,Anual Individual,Anual,D lares,M todo Directo,137651,229,137422,2639,2609,2620,0,2620,3D01ST,3D0206,True,PRELIMINAR
OE3203,20517476405,ALFIN BANCO S.A.,2015,EMPRESAS EMISORAS,BANCOS,,Anual Individual,Anual,Soles,M todo Indirecto,934433,811513,122920,430530,10296,-108756,-6417,-115173,3F0501,3F0625,True,PRELIMINAR
B30006,20100055237,ALICORP S.A.A.,2015,EMPRESAS EMISORAS,INDUSTRIALES,,Anual Individual,Anual,Soles,M todo Directo,5094667,2894458,2200209,3913878,153588,734876,-64302,670574,3D01ST,3D0206,False,PRELIMINAR
B60053,20265391886,AMERIKA FINANCIERA S.A. EN LIQUIDACION,2015,EMPRESAS EMISORAS,FINANCIERAS,,Anual Individual,Anual,Soles,M todo Directo,20583,4271,16312,326,-295,-264,0,-264,3F0501,3F0625,False,PRELIMINAR
J40120,20511230188,ANDINO INVESTMENT HOLDING S.A.A.,2015,EMPRESAS EMISORAS,DIVERSOS,,Anual Individual,Anual,Soles,M todo Indirecto,751474,522261,229213,10126,-7919,-5983,-163,-6146,3D01ST,3D0206,True,PRELIMINAR
J40450,20554816526,AUGUSTAR SEGUROS Y REASEGUROS S.A. (ANTES OHIO NATIONAL SEGUROS DE VIDA Y REASEGUROS S.A.),2015,EMPRESAS EMISORAS,SEGUROS,,Anual Individual,Anual,Soles,M todo Indirecto,286712,208713,77999,134974,2840,-42465,-379,-42844,3E0301,3E0405,False,PRELIMINAR
CI0006,20338054115,AUSTRAL GROUP S.A.A.,2015,EMPRESAS EMISORAS,INDUSTRIALES,,Anual Individual,Anual,Soles,M todo Directo,1055573,538789,516784,421524,-7793,162647,-52901,109746,3D01ST,3D0206,False,PRELIMINAR
J40739,20504565794,BANCO AGROPECUARIO - AGROBANCO,2015,EMPRESAS EMISORAS,BANCOS,,Anual Individual,Anual,Soles,M todo Directo,2334682,1883965,450717,220795,17326,-275649,-6198,-281847,3F0501,3F0625,True,PRELIMINAR
B80004,20100130204,BANCO BBVA PERU,2015,EMPRESAS EMISORAS,BANCOS,,Anual Individual,Anual,Soles,M todo Indirecto,81116142,74860155,6255987,4051709,1371604,1638356,-150203,1488153,3F0501,3F0625,False,PRELIMINAR
CF0004,20509507199,BANCO DE COMERCIO,2015,EMPRESAS EMISORAS,BANCOS,,Anual Individual,Anual,Soles,M todo Indirecto,1707930,1501294,206636,174722,25606,68784,0,68784,3F0501,3F0625,False,PRELIMINAR
B80005,20100047218,BANCO DE CREDITO DEL PERU,2015,EMPRESAS EMISORAS,BANCOS,,Anual Individual,Anual,Soles,M todo Indirecto,120262491,108338739,11923752,6872372,2777586,-2203012,-242886,-2445898,3F0501,3F0625,True,PRELIMINAR
OE2254,20441805960,BANCO EFECTIVA S.A. (ANTES FINANCIERA EFECTIVA S.A.),2015,EMPRESAS EMISORAS,BANCOS,,Anual Individual,Anual,Soles,M todo Directo,431434,302922,128512,225482,21602,23502,-1105,22397,3F0501,3F0625,True,PRELIMINAR
B80144,20330401991,BANCO FALABELLA PERU S.A.,2015,EMPRESAS EMISORAS,BANCOS,,Anual Individual,Anual,Soles,M todo Indirecto,4862339,4200894,661445,981339,117039,-657894,-48819,-706713,3F0501,3F0625,False,PRELIMINAR
OE2271,20513074370,BANCO GNB PERU S.A.,2015,EMPRESAS EMISORAS,BANCOS,,Anual Individual,Anual,Soles,M todo Indirecto,4921291,4380912,540379,353148,41009,58923,-11906,47017,3F0501,3F0625,False,PRELIMINAR
B80123,20101036813,BANCO INTERAMERICANO DE FINANZAS,2015,EMPRESAS EMISORAS,BANCOS,,Anual Individual,Anual,Soles,M todo Indirecto,11268242,10451379,816863,736501,105902,231342,-43937,187405,3F0501,3F0625,False,PRELIMINAR
B80020,20100053455,BANCO INTERNACIONAL DEL PERU S.A.A. - INTERBANK,2015,EMPRESAS EMISORAS,BANCOS,,Anual Individual,Anual,Soles,M todo Indirecto,41438628,37887310,3551318,3284709,860341,-550856,-154437,-705293,3F0501,3F0625,True,PRELIMINAR
B80009,20100105862,BANCO PICHINCHA,2015,EMPRESAS EMISORAS,BANCOS,,Anual Individual,Anual,Soles,M todo Indirecto,8818035,8151242,666793,754412,72017,-553018,-119715,-672733,3F0501,3F0625,False,PRELIMINAR
B80141,20259702411,BANCO RIPLEY PERU S.A.,2015,EMPRESAS EMISORAS,BANCOS,,Anual Individual,Anual,Soles,M todo Indirecto,1934657,1564713,369944,518314,70002,63086,0,63086,3F0501,3F0625,True,PRELIMINAR
OE3056,20516711559,BANCO SANTANDER PERU S.A.,2015,EMPRESAS EMISORAS,BANCOS,,Anual Individual,Anual,Soles,M todo Indirecto,5388202,4882787,505415,190330,67849,-746793,-5662,-752455,3F0501,3F0625,False,PRELIMINAR
B30079,20100096341,BAYER S.A.,2015,EMPRESAS EMISORAS,DIVERSOS,,Anual Individual,Anual,Soles,M todo Directo,403346,107363,295983,418862,18051,4383,-1450,2933,3D01ST,3D0206,False,PRELIMINAR
OE4837,20513328819,BNP PARIBAS CARDIF S.A. COMPAÑIA DE SEGUROS Y REASEGUROS,2015,EMPRESAS EMISORAS,SEGUROS,,Anual Individual,Anual,Soles,M todo Indirecto,233203,151407,81796,210872,-2190,4074,-26,4048,3E0301,3E0405,True,PRELIMINAR
J00124,20100209641,CAJA MUNICIPAL DE AHORRO Y CREDITO DE AREQUIPA S.A.,2015,EMPRESAS EMISORAS,FINANCIERAS,,Anual Individual,Anual,Soles,M todo Directo,4398529,3905859,492670,648966,90680,133990,-16491,117499,3F0501,3F0625,False,PRELIMINAR
J40137,20130200789,CAJA MUNICIPAL DE AHORRO Y CREDITO DE HUANCAYO S.A.,2015,EMPRESAS EMISORAS,FINANCIERAS,,Anual Individual,Anual,Soles,M todo Indirecto,2148758,1814023,334735,378662,74888,4523,-12790,-8267,3F0501,3F0625,False,PRELIMINAR
J00218,20102881347,CAJA MUNICIPAL DE AHORRO Y CREDITO DE SULLANA S.A.,2015,EMPRESAS EMISORAS,FINANCIERAS,,Anual Individual,Anual,Soles,M todo Indirecto,2515943,2239196,276747,417897,42028,148117,-9306,138811,3F0501,3F0625,False,PRELIMINAR
J40630,20322445564,CAJA RURAL DE AHORRO Y CREDITO LOS ANDES S.A.,2015,EMPRESAS EMISORAS,FINANCIERAS,,Anual Individual,Anual,Soles,M todo Indirecto,183162,155217,27945,49826,1238,-204,-709,-913,3F0501,3F0625,False,PRELIMINAR
B11082,20131867744,CARTAVIO SOCIEDAD ANONIMA ABIERTA,2015,EMPRESAS EMISORAS,AGRICOLAS,,Anual Individual,Anual,Soles,M todo Directo,651466,178688,472778,300096,42714,109626,-19405,90221,3D01ST,3D0206,True,PRELIMINAR
B08361,20131823020,CASA GRANDE SOCIEDAD ANONIMA ABIERTA,2015,EMPRESAS EMISORAS,AGRICOLAS,,Anual Individual,Anual,Soles,M todo Directo,1725088,376027,1349061,535377,94910,193518,-40912,152606,3D01ST,3D0206,True,PRELIMINAR
B20001,20100163048,CASTROVIRREYNA COMPAÑIA MINERA S.A. EN LIQUIDACION,2015,EMPRESAS EMISORAS,MINERAS,,Anual Individual,Anual,D lares,M todo Directo,75090,54958,20132,0,-18644,-2190,0,-2190,3D01ST,3D0206,False,PRELIMINAR
CD0005,20419387658,CEMENTOS PACASMAYO S.A.A.,2015,EMPRESAS EMISORAS,INDUSTRIALES,,Anual Individual,Anual,Soles,M todo Indirecto,3235909,1292855,1943054,818875,215532,246059,-425898,-179839,3D01ST,3D0206,False,PRELIMINAR
019094,20129854953,CENTRAL AZUCARERA CHUCARAPI-PAMPA BLANCA S.A.,2015,EMPRESAS EMISORAS,AGRICOLAS,,Anual Individual,Anual,Soles,M todo Directo,102143,31804,70339,7886,-6172,-2435,0,-2435,3D01ST,3D0206,False,PRELIMINAR
B30023,20128915711,CERVECERIA SAN JUAN S.A.,2015,EMPRESAS EMISORAS,INDUSTRIALES,,Anual Individual,Anual,Soles,M todo Indirecto,441282,293777,147505,599286,118905,74595,-33428,41167,3D01ST,3D0206,False,PRELIMINAR
CS0007,20109068498,CESCE PERU S.A. COMPAÑIA DE SEGUROS,2015,EMPRESAS EMISORAS,SEGUROS,,Anual Individual,Anual,Soles,M todo Directo,61359,29805,31554,34846,5260,4767,-365,4402,3E0301,3E0405,True,PRELIMINAR
CD0001,20390863871,CFI HOLDINGS S.A.,2015,EMPRESAS EMISORAS,DIVERSOS,,Anual Individual,Anual,Soles,M todo Directo,238152,7397,230755,36071,30898,-10248,-70,-10318,3D01ST,3D0206,False,PRELIMINAR
CS0003,20390625007,CHUBB PERU S.A. COMPAÑIA DE SEGUROS Y REASEGUROS,2015,EMPRESAS EMISORAS,SEGUROS,,Anual Individual,Anual,Soles,M todo Directo,309053,252459,56594,208599,13146,24456,-424,24032,3E0301,3E0405,False,PRELIMINAR
CB0002,20100116635,CITIBANK DEL PERU S.A.,2015,EMPRESAS EMISORAS,BANCOS,,Anual Individual,Anual,Soles,M todo Indirecto,6167970,5180145,987825,203374,305059,-793989,0,-793989,3F0501,3F0625,True,PRELIMINAR
OE5506,20510713363,COLEGIOS PERUANOS S.A.,2015,EMPRESAS EMISORAS,DIVERSOS,,Anual Individual,Anual,Soles,M todo Directo,416469,232221,184248,92002,-18627,1683,-87858,-86175,3D01ST,3D0206,True,PRELIMINAR
OE4908,20100020361,COMERCIAL DEL ACERO S.A.C.,2015,EMPRESAS EMISORAS,DIVERSOS,,Anual Individual,Anual,Soles,M todo Directo,428230,175860,252370,416890,3939,107570,-2069,105501,3D01ST,3D0206,True,PRELIMINAR
B20003,20100079501,COMPAÑIA DE MINAS BUENAVENTURA S.A.A.,2015,EMPRESAS EMISORAS,MINERAS,,Anual Individual,Anual,D lares,M todo Directo,3677307,516241,3161066,693455,-317210,96070,-131775,-35705,3D01ST,3D0206,False,PRELIMINAR
B30098,20100012856,COMPAÑIA GOODYEAR DEL PERU S.A.,2015,EMPRESAS EMISORAS,INDUSTRIALES,,Anual Individual,Anual,Soles,M todo Directo,593829,124499,469330,423216,36173,39937,-15423,24514,3D01ST,3D0206,False,PRELIMINAR
B20041,20137025354,COMPAÑIA MINERA PODEROSA S.A.A.,2015,EMPRESAS EMISORAS,MINERAS,,Anual Individual,Anual,Soles,M todo Indirecto,700194,296477,403717,690654,93097,269272,-73491,195781,3D01ST,3D0206,True,PRELIMINAR
B20012,20100163552,COMPAÑIA MINERA RAURA S.A.,2015,EMPRESAS EMISORAS,MINERAS,,Anual Individual,Anual,D lares,M todo Directo,80832,64208,16624,89615,-3276,2248,-15843,-13595,3D01ST,3D0206,False,PRELIMINAR
B20013,20100177421,COMPAÑIA MINERA SAN IGNACIO DE MOROCOCHA S.A.A.,2015,EMPRESAS EMISORAS,MINERAS,,Anual Individual,Anual,Soles,M todo Indirecto,295279,214245,81034,88481,-28030,-3424,-7203,-10627,3D01ST,3D0206,True,PRELIMINAR
B20016,20100120314,COMPAÑIA MINERA SANTA LUISA S.A.,2015,EMPRESAS EMISORAS,MINERAS,,Anual Individual,Anual,Soles,M todo Directo,244318,100614,143704,129025,-11892,10278,-4033,6245,3D01ST,3D0206,False,PRELIMINAR
CI0005,20100562848,COMPAÑIA UNIVERSAL TEXTIL S.A. EN LIQUIDACION,2015,EMPRESAS EMISORAS,INDUSTRIALES,,Anual Individual,Anual,Soles,M todo Directo,219943,75987,143956,94605,-7309,-2369,-1001,-3370,3D01ST,3D0206,False,PRELIMINAR
OE4501,20369155360,COMPARTAMOS BANCO S.A.,2015,EMPRESAS EMISORAS,BANCOS,,Anual Individual,Anual,Soles,M todo Directo,1057563,800927,256636,330959,21925,-96497,-9720,-106217,3F0501,3F0625,True,PRELIMINAR
OE3212,20509093521,CONCESIONARIA TRASVASE OLMOS S.A.,2015,EMPRESAS EMISORAS,DIVERSOS,,Anual Individual,Anual,D lares,M todo Indirecto,165891,147391,18500,13739,-1112,10011,-174,9837,3D01ST,3D0206,True,PRELIMINAR
OE3557,20518410858,CONSORCIO CEMENTERO DEL SUR S.A.,2015,EMPRESAS EMISORAS,DIVERSOS,,Anual Individual,Anual,Soles,M todo Directo,651946,32100,619846,0,425,-6654,0,-6654,3D01ST,3D0206,False,PRELIMINAR
000683,20100195080,CONSORCIO INDUSTRIAL DE AREQUIPA SA,2015,EMPRESAS EMISORAS,INDUSTRIALES,,Anual Individual,Anual,Soles,M todo Directo,67623,13699,53924,57043,7530,7629,-326,7303,3D01ST,3D0206,True,PRELIMINAR
CD0013,20383316473,CONSORCIO TRANSMANTARO S.A.,2015,EMPRESAS EMISORAS,SERVICIOS PUBLICOS,,Anual Individual,Anual,D lares,M todo Directo,1084609,728848,355761,108238,24948,74518,-163,74355,3D01ST,3D0206,True,PRELIMINAR
CI0003,20370146994,CORPORACION ACEROS AREQUIPA S.A.,2015,EMPRESAS EMISORAS,INDUSTRIALES,,Anual Individual,Anual,Soles,M todo Directo,2898063,1131721,1766342,2288439,85740,436031,-28484,407547,3D01ST,3D0206,True,PRELIMINAR
019886,20161636780,CORPORACION CERAMICA S.A.,2015,EMPRESAS EMISORAS,INDUSTRIALES,,Anual Individual,Anual,Soles,M todo Directo,352863,136151,216712,156173,-1709,-3320,-11556,-14876,3D01ST,3D0206,True,PRELIMINAR
B30207,20100228352,CORPORACION CERVESUR S.A.A.,2015,EMPRESAS EMISORAS,DIVERSOS,,Anual Individual,Anual,Soles,M todo Directo,507967,16133,491834,18545,13163,17957,-78,17879,3D01ST,3D0206,False,PRELIMINAR
J40570,20553486000,CORPORACION DE GESTION MINERA S.A.,2015,EMPRESAS EMISORAS,MINERAS,,Anual Individual,Anual,D lares,M todo Indirecto,111218,220,110998,0,-842,3,0,3,3D01ST,3D0206,True,PRELIMINAR
CF0002,20100116392,CORPORACION FINANCIERA DE DESARROLLO S.A. - COFIDE,2015,EMPRESAS EMISORAS,FINANCIERAS,,Anual Individual,Anual,Soles,M todo Indirecto,13545230,10844412,2700818,559190,82341,-1847041,-2055,-1849096,3F0501,3F0625,False,PRELIMINAR
OE1566,20501663256,CORPORACION FUNERARIA S.A.,2015,EMPRESAS EMISORAS,DIVERSOS,,Anual Individual,Anual,Soles,M todo Directo,8530,2906,5624,15521,-417,985,-26,959,3D01ST,3D0206,False,PRELIMINAR
000355,20100082391,COSAPI S.A.,2015,EMPRESAS EMISORAS,DIVERSOS,,Anual Individual,Anual,Soles,M todo Indirecto,803618,486990,316628,1173133,59159,-1792,-8900,-10692,3D01ST,3D0206,True,PRELIMINAR
J40768,20600098633,CRECER SEGUROS S.A. COMPANIA DE SEGUROS,2015,EMPRESAS EMISORAS,SEGUROS,,Anual Individual,Anual,Soles,M todo Indirecto,10082,1126,8956,68,-5143,-4230,-784,-5014,3E0301,3E0405,True,PRELIMINAR
OE5132,20548185051,CREDICORP CAPITAL PERU S.A.A.,2015,EMPRESAS EMISORAS,DIVERSOS,,Anual Individual,Anual,Soles,M todo Directo,171671,5489,166182,22259,27123,31332,0,31332,3D01ST,3D0206,False,PRELIMINAR
B30060,20133530003,CREDITEX S.A.A.,2015,EMPRESAS EMISORAS,INDUSTRIALES,,Anual Individual,Anual,Soles,M todo Directo,512935,132855,380080,258331,15031,19119,-4255,14864,3D01ST,3D0206,False,PRELIMINAR
OE3694,20517406610,DEUTSCHE BANK (PERU) S.A. EN LIQUIDACION,2015,EMPRESAS EMISORAS,BANCOS,,Anual Individual,Anual,Soles,M todo Indirecto,327408,78616,248792,4802,53898,-11736,-395,-12131,3F0501,3F0625,False,PRELIMINAR
OE2258,20509845167,DIVISO GRUPO FINANCIERO S.A.,2015,EMPRESAS EMISORAS,DIVERSOS,,Anual Individual,Anual,Soles,M todo Indirecto,409254,143039,266215,70438,692,-2849,-6,-2855,3D01ST,3D0206,True,PRELIMINAR
OE3808,20516534754,DUNAS ENERGIA S.A.A.,2015,EMPRESAS EMISORAS,DIVERSOS,,Anual Individual,Anual,Soles,M todo Indirecto,260338,2388,257950,27205,23361,41523,0,41523,3D01ST,3D0206,False,PRELIMINAR
OE3108,20375312868,EDYFICAR PERU S.A.,2015,EMPRESAS EMISORAS,DIVERSOS,,Anual Individual,Anual,Soles,M todo Indirecto,21430,1033,20397,2803,7397,-7526469,-113064,-7639533,3F0501,3F0625,False,PRELIMINAR
B80104,20100035392,EL PACIFICO PERUANO-SUIZA CIA DE SEGUROS Y REASEGUROS,2015,EMPRESAS EMISORAS,SEGUROS,,Anual Individual,Anual,Soles,M todo Directo,3502072,1861273,1640799,1383726,335599,177138,-40461,136677,3E0301,3E0405,True,PRELIMINAR
B40013,20106156400,ELECTRO DUNAS S.A.A.,2015,EMPRESAS EMISORAS,SERVICIOS PUBLICOS,,Anual Individual,Anual,Soles,M todo Indirecto,490064,236942,253122,330316,18610,53110,-25603,27507,3D01ST,3D0206,True,PRELIMINAR
B40005,20116544289,ELECTRO SUR ESTE S.A.A.,2015,EMPRESAS EMISORAS,SERVICIOS PUBLICOS,,Anual Individual,Anual,Soles,M todo Directo,877281,139009,738272,358717,36991,70380,-102372,-31992,3D01ST,3D0206,False,PRELIMINAR
B11072,20131835621,EMPRESA AGRARIA CHIQUITOY S.A.,2015,EMPRESAS EMISORAS,AGRICOLAS,,Anual Individual,Anual,Soles,M todo Directo,95933,36814,59119,34864,7175,4111,-1019,3092,3D01ST,3D0206,True,PRELIMINAR
B11074,20103272964,EMPRESA AGRICOLA SAN JUAN S.A.,2015,EMPRESAS EMISORAS,AGRICOLAS,,Anual Individual,Anual,Soles,M todo Directo,182071,100976,81095,59594,-1546,-6176,-29149,-35325,3D01ST,3D0206,True,PRELIMINAR
B08358,20133419749,EMPRESA AGRICOLA SINTUCO S.A.,2015,EMPRESAS EMISORAS,AGRICOLAS,,Anual Individual,Anual,Soles,M todo Directo,82544,13037,69507,13031,3937,-526,-73,-599,3D01ST,3D0206,True,PRELIMINAR
017070,20141723601,EMPRESA AZUCARERA EL INGENIO S.A.,2015,EMPRESAS EMISORAS,AGRICOLAS,,Anual Individual,Anual,Soles,M todo Directo,66252,19810,46442,8055,1353,40,0,40,3D01ST,3D0206,False,PRELIMINAR
OE2027,20279889208,EMPRESA DE GENERACION ELECTRICA DEL SUR S.A.,2015,EMPRESAS EMISORAS,SERVICIOS PUBLICOS,,Anual Individual,Anual,Soles,M todo Directo,176214,33306,142908,63658,9426,19487,-4639,14848,3D01ST,3D0206,False,PRELIMINAR
SP0009,20262221335,EMPRESA DE GENERACION ELECTRICA SAN GABAN S.A.,2015,EMPRESAS EMISORAS,SERVICIOS PUBLICOS,,Anual Individual,Anual,Soles,M todo Directo,461574,71931,389643,131397,50436,69695,-13725,55970,3D01ST,3D0206,False,PRELIMINAR
B30241,20143229816,EMPRESA EDITORA EL COMERCIO S.A.,2015,EMPRESAS EMISORAS,INDUSTRIALES,,Anual Individual,Anual,Soles,M todo Directo,1383403,629704,753699,635896,94665,89776,-19063,70713,3D01ST,3D0206,True,PRELIMINAR
CD0022,20100027705,EMPRESA ELECTRICIDAD DEL PERU - ELECTROPERU S.A.,2015,EMPRESAS EMISORAS,SERVICIOS PUBLICOS,,Anual Individual,Anual,Soles,M todo Directo,3871365,822941,3048424,1081586,471966,475458,-48679,426779,3D01ST,3D0206,True,PRELIMINAR
B40006,20119205949,EMPRESA REGIONAL DE SERVICIO PUBLICO DE ELECTRICIDAD - ELECTROSUR S.A.,2015,EMPRESAS EMISORAS,SERVICIOS PUBLICOS,,Anual Individual,Anual,Soles,M todo Directo,272378,84818,187560,165283,14857,22984,-13230,9754,3D01ST,3D0206,True,PRELIMINAR
SP0006,20405479592,EMPRESA REGIONAL DE SERVICIO PUBLICO DE ELECTRICIDAD DE PUNO S.A.A. - ELECTROPUNO,2015,EMPRESAS EMISORAS,SERVICIOS PUBLICOS,,Anual Individual,Anual,Soles,M todo Directo,427887,131726,296161,172422,22545,25540,-5625,19915,3D01ST,3D0206,False,PRELIMINAR
B40002,20132023540,EMPRESA REGIONAL DE SERVICIO PUBLICO DE ELECTRICIDAD ELECTRONORTE MEDIO S.A. - HIDRANDINA,2015,EMPRESAS EMISORAS,SERVICIOS PUBLICOS,,Anual Individual,Anual,Soles,M todo Directo,1459383,419550,1039833,822191,91870,157722,-123261,34461,3D01ST,3D0206,False,PRELIMINAR
CM0003,20402885549,EMPRESA SIDERURGICA DEL PERU S.A.A. - SIDERPERU,2015,EMPRESAS EMISORAS,INDUSTRIALES,,Anual Individual,Anual,Soles,M todo Directo,1579306,501948,1077358,1486080,14372,86210,-27363,58847,3D01ST,3D0206,False,PRELIMINAR
003058,20270508163,ENEL GENERACION PIURA S.A.,2015,EMPRESAS EMISORAS,SERVICIOS PUBLICOS,,Anual Individual,Anual,Soles,M todo Indirecto,622456,320592,301864,283436,37548,99671,-25017,74654,3D01ST,3D0206,False,PRELIMINAR
OE4860,20543420477,ENERGIA DEL PACIFICO S.A.,2015,EMPRESAS EMISORAS,DIVERSOS,,Anual Individual,Anual,D lares,M todo Directo,190075,106316,83759,0,-2239,-6385,0,-6385,3D01ST,3D0206,False,PRELIMINAR
002829,20333363900,ENGIE ENERGIA PERU S.A.A.,2015,EMPRESAS EMISORAS,SERVICIOS PUBLICOS,,Anual Individual,Anual,D lares,M todo Directo,2053484,1182664,870820,713722,181456,242994,-110662,132332,3D01ST,3D0206,False,PRELIMINAR
B30094,20100094135,EXSA S.A.,2015,EMPRESAS EMISORAS,INDUSTRIALES,,Anual Individual,Anual,D lares,M todo Directo,162352,54335,108017,170886,-6958,8295,-7231,1064,3D01ST,3D0206,True,PRELIMINAR
B30042,20100020956,FABRICA DE HILADOS Y TEJIDOS SAN MIGUEL S.A. - EN LIQUIDACION,2015,EMPRESAS EMISORAS,INDUSTRIALES,,Anual Individual,Anual,Soles,M todo Directo,1480,5,1475,0,35,6,0,6,3D01ST,3D0206,False,PRELIMINAR
B30211,20100165687,FABRICA NACIONAL DE ACUMULADORES ETNA S.A.,2015,EMPRESAS EMISORAS,INDUSTRIALES,,Anual Individual,Anual,Soles,M todo Directo,222887,107547,115340,128034,13631,8115,-4497,3618,3D01ST,3D0206,False,PRELIMINAR
B30122,20100051240,FABRICA PERUANA ETERNIT S.A.,2015,EMPRESAS EMISORAS,INDUSTRIALES,,Anual Individual,Anual,Soles,M todo Directo,359764,174833,184931,259485,10795,-19849,-22769,-42618,3D01ST,3D0206,False,PRELIMINAR
OE4746,20538185010,FACTORING TOTAL S.A. (SOCIEDAD ABSORBIDA),2015,EMPRESAS EMISORAS,DIVERSOS,,Anual Individual,Anual,Soles,M todo Directo,18834,8972,9862,2572,1194,-3425,0,-3425,3F0501,3F0625,True,PRELIMINAR
B60001,20100027292,FERREYCORP S.A.A.,2015,EMPRESAS EMISORAS,DIVERSOS,,Anual Individual,Anual,Soles,M todo Directo,2884576,1190429,1694147,295093,161766,302884,-63053,239831,3D01ST,3D0206,False,PRELIMINAR
B30083,20100083010,FILAMENTOS INDUSTRIALES S.A.,2015,EMPRESAS EMISORAS,DIVERSOS,,Anual Individual,Anual,Soles,M todo Directo,130979,36302,94677,43241,8329,-7701,-287,-7988,3D01ST,3D0206,False,PRELIMINAR
OE3205,20228319768,FINANCIERA CONFIANZA S.A.A.,2015,EMPRESAS EMISORAS,FINANCIERAS,,Anual Individual,Anual,Soles,M todo Directo,1831014,1556587,274427,375775,12086,-142906,-9414,-152320,3F0501,3F0625,True,PRELIMINAR
L00416,20328178070,FINANCIERA CREDINKA S.A. EN LIQUIDACION,2015,EMPRESAS EMISORAS,FINANCIERAS,,Anual Individual,Anual,Soles,M todo Indirecto,856072,761539,94533,137801,-9867,131093,-34379,96714,3F0501,3F0625,True,PRELIMINAR
OE5251,20348067053,FINANCIERA PROEMPRESA S.A.,2015,EMPRESAS EMISORAS,FINANCIERAS,,Anual Individual,Anual,Soles,M todo Indirecto,406229,344831,61398,88827,2129,-5108,-3907,-9015,3F0501,3F0625,False,PRELIMINAR
OE4241,20521308321,FINANCIERA QAPAQ S.A.,2015,EMPRESAS EMISORAS,FINANCIERAS,,Anual Individual,Anual,Soles,M todo Directo,289779,224054,65725,73866,1192,-31731,-2648,-34379,3F0501,3F0625,False,PRELIMINAR
B80145,20337996834,FINANCIERA TFC S.A. EN LIQUIDACION,2015,EMPRESAS EMISORAS,FINANCIERAS,,Anual Individual,Anual,Soles,M todo Indirecto,747998,661012,86986,78055,-755,-68829,-27524,-96353,3F0501,3F0625,False,PRELIMINAR
J40093,20414671773,FONDO MIVIVIENDA S.A.,2015,EMPRESAS EMISORAS,FINANCIERAS,,Anual Individual,Anual,Soles,M todo Directo,8059373,4717217,3342156,366259,92041,-564250,-1320,-565570,3F0501,3F0625,False,PRELIMINAR
OE4159,20523108574,FOSFATOS DEL PACIFICO S.A.,2015,EMPRESAS EMISORAS,MINERAS,,Anual Individual,Anual,Soles,M todo Indirecto,315935,10384,305551,0,-9972,-21950,-31312,-53262,3D01ST,3D0206,False,PRELIMINAR
001152,20100094054,FUTURA CONSORCIO INMOBILIARIO S.A.,2015,EMPRESAS EMISORAS,DIVERSOS,,Anual Individual,Anual,Soles,M todo Directo,473416,108429,364987,8084,58865,6504,-1356,5148,3D01ST,3D0206,False,PRELIMINAR
B80049,20100116988,GR HOLDING S.A.,2015,EMPRESAS EMISORAS,DIVERSOS,,Anual Individual,Anual,Soles,M todo Indirecto,257391,13569,243822,3,14874,16514,0,16514,3D01ST,3D0206,True,PRELIMINAR
BV0001,20100055661,GRUPO BVL S.A.A.,2015,EMPRESAS EMISORAS,DIVERSOS,,Anual Individual,Anual,Soles,M todo Directo,239085,10891,228194,41159,37981,8048,-1338,6710,3D01ST,3D0206,False,PRELIMINAR
B30140,20100171814,HIDROSTAL S.A.,2015,EMPRESAS EMISORAS,INDUSTRIALES,,Anual Individual,Anual,Soles,M todo Directo,222899,75016,147883,149377,6051,5911,-3482,2429,3D01ST,3D0206,False,PRELIMINAR
OE3986,20518201426,HIPOTECARIA SURA EMPRESA ADMINISTRADORA HIPOTECARIA S.A. - EN LIQUIDACION,2015,EMPRESAS EMISORAS,DIVERSOS,,Anual Individual,Anual,Soles,M todo Directo,21999,6901,15098,2377,-3442,-4153,92,,3F0501,3F0625,True,REVISAR_CAPEX_POSITIVO
OE5021,20523611250,H2OLMOS S.A.,2015,EMPRESAS EMISORAS,DIVERSOS,,Anual Individual,Anual,Soles,M todo Indirecto,691759,670059,21700,82698,-2192,38048,-487,37561,3D01ST,3D0206,True,PRELIMINAR
J40414,20546892175,ICBC PERU BANK,2015,EMPRESAS EMISORAS,BANCOS,,Anual Individual,Anual,Soles,M todo Indirecto,494867,395089,99778,8927,-8244,-115588,-82,-115670,3F0501,3F0625,True,PRELIMINAR
J40582,20565403851,ICCGSA INVERSIONES S.A.,2015,EMPRESAS EMISORAS,DIVERSOS,,Anual Individual,Anual,Soles,M todo Indirecto,181358,163714,17644,7347,-3848,-4549,-16726,-21275,3D01ST,3D0206,False,PRELIMINAR
B30236,20251293181,INDECO S.A.,2015,EMPRESAS EMISORAS,INDUSTRIALES,,Anual Individual,Anual,D lares,M todo Directo,109630,32216,77414,213812,9928,22957,-1337,21620,3D01ST,3D0206,False,PRELIMINAR
B30050,20102728743,INDUSTRIA TEXTIL PIURA S.A.,2015,EMPRESAS EMISORAS,INDUSTRIALES,,Anual Individual,Anual,Soles,M todo Directo,256508,158575,97933,94817,-28612,483,-115,368,3D01ST,3D0206,False,PRELIMINAR
B30107,20100004322,INDUSTRIAS DEL ENVASE S.A.,2015,EMPRESAS EMISORAS,INDUSTRIALES,,Anual Individual,Anual,Soles,M todo Directo,183662,85183,98479,152310,6877,27324,-2631,24693,3D01ST,3D0206,True,PRELIMINAR
B30152,20100003512,INDUSTRIAS ELECTRO QUIMICAS S.A. IEQSA,2015,EMPRESAS EMISORAS,INDUSTRIALES,,Anual Individual,Anual,Soles,M todo Directo,150210,29188,121022,319469,2613,12061,-3412,8649,3D01ST,3D0206,False,PRELIMINAR
OE4256,20522291201,INFINANCE XP S.A. (ANTES FINANCIERA OH! S.A.),2015,EMPRESAS EMISORAS,FINANCIERAS,,Anual Individual,Anual,Soles,M todo Indirecto,791518,617710,173808,278007,14672,-75877,-4019,-79896,3F0501,3F0625,False,PRELIMINAR
OE4660,20543135942,INMOBILIARIA IDE S.A.,2015,EMPRESAS EMISORAS,DIVERSOS,,Anual Individual,Anual,Soles,M todo Indirecto,15472,2348,13124,1741,979,1642,-56,1586,3D01ST,3D0206,False,PRELIMINAR
B30127,20100049938,INMOBILIARIA KANPU S.A.,2015,EMPRESAS EMISORAS,DIVERSOS,,Anual Individual,Anual,Soles,M todo Directo,241997,146558,95439,243655,-3553,-3951,-3853,-7804,3D01ST,3D0206,True,PRELIMINAR
CN0002,20499141051,INMOBILIARIA MILENIA S.A.,2015,EMPRESAS EMISORAS,DIVERSOS,,Anual Individual,Anual,Soles,M todo Directo,212741,50806,161935,4752,21380,-6168,-141,-6309,3D01ST,3D0206,False,PRELIMINAR
J00194,20511910642,INMUEBLES COMERCIALES DEL PERU S.A.C.,2015,EMPRESAS EMISORAS,DIVERSOS,,Anual Individual,Anual,Soles,M todo Directo,1255184,90652,1164532,5209,52978,-13410,-1061,-14471,3D01ST,3D0206,False,PRELIMINAR
OE1274,20423264617,INMUEBLES PANAMERICANA S.A.,2015,EMPRESAS EMISORAS,DIVERSOS,,Anual Individual,Anual,Soles,M todo Directo,1378861,669536,709325,106020,80467,7837,-39143,-31306,3D01ST,3D0206,False,PRELIMINAR
OE5087,0,INRETAIL PERU CORP.,2015,EMPRESAS EMISORAS,DIVERSOS,,Anual Individual,Anual,Soles,M todo Directo,4184902,917214,3267688,105000,-1810,106916,0,106916,3D01ST,3D0206,True,PRELIMINAR
OE4150,20492497721,INSUR S.A. COMPAÑIA DE SEGUROS,2015,EMPRESAS EMISORAS,SEGUROS,,Anual Individual,Anual,Soles,M todo Directo,62128,22548,39580,36141,12527,10366,-551,9815,3E0301,3E0405,True,PRELIMINAR
B70009,20100017491,INTEGRATEL PERU S.A.A.,2015,EMPRESAS EMISORAS,SERVICIOS PUBLICOS,,Anual Individual,Anual,Soles,M todo Directo,12866132,7378346,5487786,9571568,-498717,2417845,-1448962,968883,3D01ST,3D0206,False,PRELIMINAR
OE2305,0,INTERCORP FINANCIAL SERVICES INC.,2015,EMPRESAS EMISORAS,DIVERSOS,,Anual Individual,Anual,Soles,M todo Indirecto,4378929,33378,4345551,3137,1231766,-25665,0,-25665,3F0501,3F0625,False,PRELIMINAR
CD0010,0,INTERCORP PERU LTD.,2015,EMPRESAS EMISORAS,DIVERSOS,,Anual Individual,Anual,Soles,M todo Directo,7029389,1423746,5605643,1876,665356,-202598,0,-202598,3F0501,3F0625,False,PRELIMINAR
J40778,20514184331,INTEROC SOCIEDAD ANONIMA,2015,EMPRESAS EMISORAS,DIVERSOS,,Anual Individual,Anual,Soles,M todo Indirecto,145963,27199,118764,40214,2983,-2503,0,-2503,3D01ST,3D0206,False,PRELIMINAR
CS0002,20382748566,INTERSEGURO COMPAÑIA DE SEGUROS S.A.,2015,EMPRESAS EMISORAS,SEGUROS,,Anual Individual,Anual,Soles,M todo Indirecto,5351519,5059918,291601,319401,100321,607607,-824,606783,3E0301,3E0405,False,PRELIMINAR
TI0002,20417378911,INTRADEVCO INDUSTRIAL S.A.,2015,EMPRESAS EMISORAS,INDUSTRIALES,,Anual Individual,Anual,Soles,M todo Directo,691932,309994,381938,539617,37982,61206,-59713,1493,3D01ST,3D0206,True,PRELIMINAR
B80057,20101099149,INVERSIONES ASPI S.A.,2015,EMPRESAS EMISORAS,DIVERSOS,,Anual Individual,Anual,Soles,M todo Indirecto,1053301,188419,864882,104822,108237,72664,-124,72540,3D01ST,3D0206,False,PRELIMINAR
B80077,20101045995,INVERSIONES CENTENARIO S.A.A.,2015,EMPRESAS EMISORAS,DIVERSOS,,Anual Individual,Anual,Soles,M todo Directo,3033416,1561994,1471422,327300,285825,9272,-3403,5869,3D01ST,3D0206,True,PRELIMINAR
B60004,20104347691,INVERSIONES EN TURISMO S.A. INVERTUR,2015,EMPRESAS EMISORAS,DIVERSOS,,Anual Individual,Anual,Soles,M todo Directo,43412,9041,34371,23313,2780,4692,-1516,3176,3D01ST,3D0206,False,PRELIMINAR
003512,20334766714,INVERSIONES LA RIOJA S.A.,2015,EMPRESAS EMISORAS,DIVERSOS,,Anual Individual,Anual,Soles,M todo Directo,767412,354304,413108,137814,-4756,31643,-53642,-21999,3D01ST,3D0206,True,PRELIMINAR
B60005,20114803228,INVERSIONES NACIONALES DE TURISMO S.A. INTURSA,2015,EMPRESAS EMISORAS,DIVERSOS,,Anual Individual,Anual,Soles,M todo Directo,1005328,211206,794122,219495,16225,83056,-5751,77305,3D01ST,3D0206,True,PRELIMINAR
OE4189,20510992904,KALLPA GENERACION S.A.,2015,EMPRESAS EMISORAS,SERVICIOS PUBLICOS,,Anual Individual,Anual,D lares,M todo Directo,732331,546027,186304,447679,45138,113111,-8519,104592,3D01ST,3D0206,False,PRELIMINAR
A80069,20100210909,LA POSITIVA SEGUROS Y REASEGUROS S.A.,2015,EMPRESAS EMISORAS,SEGUROS,,Anual Individual,Anual,Soles,M todo Indirecto,1141611,836528,305083,849113,25943,80755,-7318,73437,3E0301,3E0405,False,PRELIMINAR
OE2069,20454073143,LA POSITIVA VIDA SEGUROS Y REASEGUROS S.A.,2015,EMPRESAS EMISORAS,SEGUROS,,Anual Individual,Anual,Soles,M todo Directo,3058307,2740141,318166,291142,21073,314024,-598,313426,3E0301,3E0405,True,PRELIMINAR
CI0011,20100095450,LAIVE S.A.,2015,EMPRESAS EMISORAS,INDUSTRIALES,,Anual Individual,Anual,Soles,M todo Directo,374623,193259,181364,495043,9055,20973,-26513,-5540,3D01ST,3D0206,True,PRELIMINAR
B80031,20100093759,LATINA HOLDING S.A.,2015,EMPRESAS EMISORAS,DIVERSOS,,Anual Individual,Anual,Soles,M todo Directo,17632,18,17614,0,-6746,-304,-39,-343,3D01ST,3D0206,False,PRELIMINAR
OE4447,20524981981,LEASING PERU S.A. (EN LIQUIDACION),2015,EMPRESAS EMISORAS,DIVERSOS,,Anual Individual,Anual,Soles,M todo Indirecto,338334,287283,51051,22270,1961,51600,-44,51556,3F0501,3F0625,False,PRELIMINAR
006166,20100190797,LECHE GLORIA S.A.,2015,EMPRESAS EMISORAS,INDUSTRIALES,,Anual Individual,Anual,Soles,M todo Directo,3177595,1576591,1601004,3519762,214014,433365,-281765,151600,3D01ST,3D0206,True,PRELIMINAR
B30099,20100182778,LIMA CAUCHO S.A. EN LIQUIDACION,2015,EMPRESAS EMISORAS,INDUSTRIALES,,Anual Individual,Anual,Soles,M todo Directo,430234,163692,266542,85312,-24146,23336,-145,23191,3D01ST,3D0206,False,PRELIMINAR
J00121,20100007348,LIMA GAS S.A.,2015,EMPRESAS EMISORAS,DIVERSOS,,Anual Individual,Anual,Soles,M todo Directo,166029,63015,103014,307594,20452,31056,-12341,18715,3D01ST,3D0206,True,PRELIMINAR
B70032,20301837896,LOS PORTALES S.A.,2015,EMPRESAS EMISORAS,DIVERSOS,,Anual Individual,Anual,Soles,M todo Indirecto,1519695,1149296,370399,717251,53111,23264,-18363,4901,3D01ST,3D0206,True,PRELIMINAR
B40008,20331898008,LUZ DEL SUR S.A.A.,2015,EMPRESAS EMISORAS,SERVICIOS PUBLICOS,,Anual Individual,Anual,Soles,M todo Directo,4312236,2376721,1935515,2937234,426248,375938,-280246,95692,3D01ST,3D0206,False,PRELIMINAR
B30134,20100074371,MANUFACTURA DE METALES Y ALUMINIO RECORD S.A. EN LIQUIDACION,2015,EMPRESAS EMISORAS,INDUSTRIALES,,Anual Individual,Anual,Soles,M todo Directo,131773,47717,84056,69104,3,-1141,0,-1141,3D01ST,3D0206,True,PRELIMINAR
CS0004,20418896915,MAPFRE PERU COMPAÑIA DE SEGUROS Y REASEGUROS,2015,EMPRESAS EMISORAS,SEGUROS,,Anual Individual,Anual,Soles,M todo Indirecto,1098381,955528,142853,417163,48521,62274,-10227,52047,3E0301,3E0405,False,PRELIMINAR
B80122,20202380621,MAPFRE PERU COMPAÑIA DE SEGUROS Y REASEGUROS (SOCIEDAD ABSORBIDA),2015,EMPRESAS EMISORAS,SEGUROS,,Anual Individual,Anual,Soles,M todo Indirecto,1593069,1317269,275800,993448,52247,38055,-8143,29912,3E0301,3E0405,False,PRELIMINAR
B20030,20100037841,MARMOLES Y GRANITOS S.A.,2015,EMPRESAS EMISORAS,MINERAS,,Anual Individual,Anual,Soles,M todo Directo,10735,5526,5209,2424,2634,6825,-163,6662,3D01ST,3D0206,False,PRELIMINAR
CB0001,20382036655,MIBANCO BANCO DE LA MICROEMPRESA S.A.,2015,EMPRESAS EMISORAS,BANCOS,,Anual Individual,Anual,Soles,M todo Directo,10920988,9614007,1306981,1701988,154490,1123523,-99393,1024130,3F0501,3F0625,False,PRELIMINAR
TI0003,20100192650,MICHELL Y CIA. S.A.,2015,EMPRESAS EMISORAS,INDUSTRIALES,,Anual Individual,Anual,Soles,M todo Directo,325166,96433,228733,328188,31418,75013,-6355,68658,3D01ST,3D0206,False,PRELIMINAR
CM0002,20338426781,MINERA ANDINA DE EXPLORACIONES S.A.A.,2015,EMPRESAS EMISORAS,MINERAS,,Anual Individual,Anual,Soles,M todo Directo,6691,2414,4277,7285,2601,2556,-2,2554,3D01ST,3D0206,True,PRELIMINAR
A20032,20100136741,MINSUR S.A.,2015,EMPRESAS EMISORAS,MINERAS,,Anual Individual,Anual,D lares,M todo Directo,1633524,581476,1052048,487329,-421830,108159,-27803,80356,3D01ST,3D0206,True,PRELIMINAR
BF0001,20375361991,MITSUI AUTO FINANCE PERU S.A.,2015,EMPRESAS EMISORAS,FINANCIERAS,,Anual Individual,Anual,Soles,M todo Indirecto,675713,502923,172790,103979,33226,20062,0,20062,3F0501,3F0625,True,PRELIMINAR
J40329,20513120584,MOCHE INVERSIONES S.A.,2015,EMPRESAS EMISORAS,SERVICIOS PUBLICOS,,Anual Individual,Anual,Soles,M todo Directo,120866,32408,88458,964,-6906,80,-3,77,3D01ST,3D0206,False,PRELIMINAR
TI0001,20417926632,MOTORES DIESEL ANDINOS S.A.,2015,EMPRESAS EMISORAS,INDUSTRIALES,,Anual Individual,Anual,Soles,M todo Directo,583199,276326,306873,320881,32079,31119,-5270,25849,3D01ST,3D0206,False,PRELIMINAR
B80136,20100007852,NEGOCIOS E INMUEBLES S.A.,2015,EMPRESAS EMISORAS,DIVERSOS,,Anual Individual,Anual,Soles,M todo Directo,522616,64994,457622,16634,-5859,17656,-472,17184,3D01ST,3D0206,False,PRELIMINAR
J40451,20505670443,NESSUS HOTELES PERU S.A.,2015,EMPRESAS EMISORAS,DIVERSOS,,Anual Individual,Anual,Soles,M todo Directo,216802,124735,92067,130563,713,15723,-30443,-14720,3D01ST,3D0206,False,PRELIMINAR
CM0007,20100123500,NEXA RESOURCES ATACOCHA S.A.A.,2015,EMPRESAS EMISORAS,MINERAS,,Anual Individual,Anual,D lares,M todo Directo,123159,64893,58266,73774,-22491,3348,-12894,-9546,3D01ST,3D0206,True,PRELIMINAR
B20010,20100110513,NEXA RESOURCES PERU S.A.A.,2015,EMPRESAS EMISORAS,MINERAS,,Anual Individual,Anual,D lares,M todo Directo,1163890,480070,683820,424781,67001,142551,-56896,85655,3D01ST,3D0206,True,PRELIMINAR
OE5008,20547203608,NISA MALLS S.A.,2015,EMPRESAS EMISORAS,DIVERSOS,,Anual Individual,Anual,Soles,M todo Directo,48,1,47,0,-38,-22,0,-22,3D01ST,3D0206,False,PRELIMINAR
L00179,20501439020,OBRAS DE INGENIERIA S.A.C.,2015,EMPRESAS EMISORAS,DIVERSOS,,Anual Individual,Anual,Soles,M todo Indirecto,566797,448102,118695,404709,3541,-3805,-8316,-12121,3D01ST,3D0206,False,PRELIMINAR
023154,20338646802,ORAZUL ENERGY EGENOR SOCIEDAD EN COMANDITA POR ACCIONES,2015,EMPRESAS EMISORAS,SERVICIOS PUBLICOS,,Anual Individual,Anual,Soles,M todo Directo,1214112,465007,749105,417644,145625,146885,-14961,131924,3D01ST,3D0206,False,PRELIMINAR
B40009,20330791412,ORYGEN PERU S.A.A.,2015,EMPRESAS EMISORAS,SERVICIOS PUBLICOS,,Anual Individual,Anual,Soles,M todo Directo,4009258,1471358,2537900,1657390,443299,572562,-61782,510780,3D01ST,3D0206,False,PRELIMINAR
B60055,20332970411,PACIFICO COMPAÑIA DE SEGUROS Y REASEGUROS,2015,EMPRESAS EMISORAS,SEGUROS,,Anual Individual,Anual,Soles,M todo Directo,6199458,5451148,748310,912336,161125,809199,-129767,679432,3E0301,3E0405,True,PRELIMINAR
B50003,20118206208,PERU HOLDING DE TURISMO S.A.A.,2015,EMPRESAS EMISORAS,DIVERSOS,,Anual Individual,Anual,Soles,M todo Indirecto,322791,2878,319913,72,-2872,-1731,0,-1731,3D01ST,3D0206,False,PRELIMINAR
OE4139,20506342563,PERU LNG S.R.L.,2015,EMPRESAS EMISORAS,DIVERSOS,,Anual Individual,Anual,D lares,M todo Indirecto,3007562,1668960,1338602,515855,-62401,121087,-15003,106084,3D01ST,3D0206,False,PRELIMINAR
002927,20338352728,PERUANA DE ENERGIA S.A.A.,2015,EMPRESAS EMISORAS,SERVICIOS PUBLICOS,,Anual Individual,Anual,Soles,M todo Directo,97249,33390,63859,16619,11131,11111,-11,11100,3D01ST,3D0206,True,PRELIMINAR
OE4680,20251995967,PERUANA DE MOLDEADOS S.A. - PAMOLSA,2015,EMPRESAS EMISORAS,INDUSTRIALES,,Anual Individual,Anual,Soles,M todo Indirecto,281941,133772,148169,324024,35021,58800,0,58800,3D01ST,3D0206,True,PRELIMINAR
B20023,20100136237,PERUBAR S.A.,2015,EMPRESAS EMISORAS,MINERAS,,Anual Individual,Anual,D lares,M todo Directo,105812,36320,69492,23887,-2582,4195,-6083,-1888,3D01ST,3D0206,False,PRELIMINAR
CI0012,20380336384,PESQUERA EXALMAR S.A.A.,2015,EMPRESAS EMISORAS,INDUSTRIALES,,Anual Individual,Anual,D lares,M todo Directo,521373,278467,242906,156237,1275,9826,-7399,2427,3D01ST,3D0206,False,PRELIMINAR
J00171,20100128218,PETROLEOS DEL PERU - PETROPERU S.A.,2015,EMPRESAS EMISORAS,INDUSTRIALES,,Anual Individual,Anual,Soles,M todo Directo,9396331,6193475,3202856,11906055,502667,782747,-1844518,-1061771,3D01ST,3D0206,False,PRELIMINAR
OE2008,20510889135,PLUSPETROL CAMISEA S.A.,2015,EMPRESAS EMISORAS,DIVERSOS,,Anual Individual,Anual,D lares,M todo Indirecto,478240,269917,208323,335197,66678,107421,-20571,86850,3D01ST,3D0206,False,PRELIMINAR
OE2009,20510888911,PLUSPETROL LOTE 56 S.A.,2015,EMPRESAS EMISORAS,DIVERSOS,,Anual Individual,Anual,D lares,M todo Indirecto,309456,200995,108461,180584,9569,42665,-5298,37367,3D01ST,3D0206,False,PRELIMINAR
B40010,20269985900,PLUZ ENERGIA PERU S.A.A.,2015,EMPRESAS EMISORAS,SERVICIOS PUBLICOS,,Anual Individual,Anual,Soles,M todo Indirecto,3714429,2217375,1497054,2716058,309325,393346,-455726,-62380,3D01ST,3D0206,False,PRELIMINAR
OE1928,20510398158,PRIMA AFP S.A.,2015,EMPRESAS EMISORAS,A.F.P.,,Anual Individual,Anual,Soles,M todo Directo,862278,284486,577792,402223,164004,182754,-7707,175047,3A01ST,3A0206,False,PRELIMINAR
AFP004,20142829551,PROFUTURO AFP,2015,EMPRESAS EMISORAS,A.F.P.,,Anual Individual,Anual,Soles,M todo Directo,1101302,163873,937429,334143,134491,128993,-4652,124341,3A01ST,3A0206,False,PRELIMINAR
OE3191,20517207331,PROTECTA S.A. COMPAÑIA DE SEGUROS Y REASEGUROS,2015,EMPRESAS EMISORAS,SEGUROS,,Anual Individual,Anual,Soles,M todo Indirecto,595831,514244,81587,43182,11691,121063,-1039,120024,3E0301,3E0405,False,PRELIMINAR
J40371,20553157014,QUALITAS COMPAÑIA DE SEGUROS S.A.,2015,EMPRESAS EMISORAS,SEGUROS,,Anual Individual,Anual,Soles,M todo Directo,18240,11667,6573,5444,-5532,-5572,-49,-5621,3E0301,3E0405,True,PRELIMINAR
B20042,20330791501,QUIMPAC S.A.,2015,EMPRESAS EMISORAS,INDUSTRIALES,,Anual Individual,Anual,D lares,M todo Directo,635612,323765,311847,187614,22976,9668,-27546,-17878,3D01ST,3D0206,False,PRELIMINAR
J00123,20378890161,RASH PERU S.A.C.,2015,EMPRESAS EMISORAS,DIVERSOS,,Anual Individual,Anual,Soles,M todo Indirecto,94512,52979,41533,180468,5514,3079,-5062,-1983,3D01ST,3D0206,False,PRELIMINAR
B30084,20100026997,RAYON INDUSTRIAL S.A. EN LIQUIDACION,2015,EMPRESAS EMISORAS,INDUSTRIALES,,Anual Individual,Anual,Soles,M todo Directo,592,5,587,0,0,7,0,7,3D01ST,3D0206,False,PRELIMINAR
B30220,20100005566,REACTIVOS NACIONALES S.A. RENASA,2015,EMPRESAS EMISORAS,INDUSTRIALES,,Anual Individual,Anual,Soles,M todo Directo,98061,15552,82509,50551,8352,-1989,-1138,-3127,3D01ST,3D0206,False,PRELIMINAR
SP0008,20504645046,RED DE ENERGIA DEL PERU S.A.,2015,EMPRESAS EMISORAS,SERVICIOS PUBLICOS,,Anual Individual,Anual,D lares,M todo Directo,522693,320998,201695,139808,38212,61180,-764,60416,3D01ST,3D0206,True,PRELIMINAR
OE3927,20505377142,RED VIAL 5 S.A.,2015,EMPRESAS EMISORAS,DIVERSOS,,Anual Individual,Anual,Soles,M todo Indirecto,420905,260320,160585,246231,40859,-111834,0,-111834,3D01ST,3D0206,False,PRELIMINAR
002766,20259829594,REFINERIA LA PAMPILLA S.A.A.,2015,EMPRESAS EMISORAS,INDUSTRIALES,,Anual Individual,Anual,D lares,M todo Directo,1286879,797433,489446,2743174,30756,179138,-211975,-32837,3D01ST,3D0206,False,PRELIMINAR
J40285,20552322704,RIGEL PERU S.A. COMPAÑIA DE SEGUROS DE VIDA - EN LIQUIDACION,2015,EMPRESAS EMISORAS,SEGUROS,,Anual Individual,Anual,Soles,M todo Indirecto,71420,39040,32380,2639,13,-42294,-5,-42299,3E0301,3E0405,True,PRELIMINAR
B80037,20100041953,RIMAC SEGUROS Y REASEGUROS,2015,EMPRESAS EMISORAS,SEGUROS,,Anual Individual,Anual,Soles,M todo Directo,10747398,9437806,1309592,3176040,213669,821655,-34622,787033,3E0301,3E0405,True,PRELIMINAR
014313,20100128056,SAGA FALABELLA S.A.,2015,EMPRESAS EMISORAS,DIVERSOS,,Anual Individual,Anual,Soles,M todo Directo,1745758,1056527,689231,2862940,173142,132951,-102946,30005,3D01ST,3D0206,True,PRELIMINAR
000717,20100154308,SAN FERNANDO S.A.,2015,EMPRESAS EMISORAS,INDUSTRIALES,,Anual Individual,Anual,Soles,M todo Directo,1876371,827424,1048947,2190855,34120,126539,-77702,48837,3D01ST,3D0206,False,PRELIMINAR
B80134,20255993225,SANTANDER CONSUMER BANK S.A.,2015,EMPRESAS EMISORAS,BANCOS,,Anual Individual,Anual,Soles,M todo Indirecto,4011435,3443736,567699,1057633,182827,89914,-5788,84126,3F0501,3F0625,False,PRELIMINAR
B80012,20100043140,SCOTIABANK PERU S.A.A.,2015,EMPRESAS EMISORAS,BANCOS,,Anual Individual,Anual,Soles,M todo Indirecto,57168520,50896629,6271891,2881323,1014033,2222472,-35818,2186654,3F0501,3F0625,False,PRELIMINAR
CS0005,20463627488,SEGUROS SURA,2015,EMPRESAS EMISORAS,SEGUROS,,Anual Individual,Anual,Soles,M todo Indirecto,4681609,4264334,417275,81125,40428,649663,-3077,646586,3E0301,3E0405,False,PRELIMINAR
SP0012,20100152356,SERVICIO DE AGUA POTABLE Y ALCANTARILLADO - SEDAPAL,2015,EMPRESAS EMISORAS,SERVICIOS PUBLICOS,,Anual Individual,Anual,Soles,M todo Directo,9881798,5985958,3895840,1623559,151394,572931,-315855,257076,3D01ST,3D0206,False,PRELIMINAR
L00873,20518726146,SERVICIOS GENERALES SATURNO S.A.,2015,EMPRESAS EMISORAS,DIVERSOS,,Anual Individual,Anual,D lares,M todo Directo,23535,16692,6843,19534,988,3082,-500,2582,3D01ST,3D0206,True,PRELIMINAR
SP0002,20325493811,SHOUGANG GENERACION ELECTRICA S.A.A.,2015,EMPRESAS EMISORAS,SERVICIOS PUBLICOS,,Anual Individual,Anual,Soles,M todo Directo,187214,64051,123163,96245,24082,18990,-591,18399,3D01ST,3D0206,False,PRELIMINAR
CM0004,20100142989,SHOUGANG HIERRO PERU S.A.A.,2015,EMPRESAS EMISORAS,MINERAS,,Anual Individual,Anual,Soles,M todo Indirecto,3859596,3190671,668925,1076496,133665,291008,-564621,-273613,3D01ST,3D0206,True,PRELIMINAR
SP0010,20100188628,SOCIEDAD ELECTRICA DEL SUR OESTE S.A. - SEAL,2015,EMPRESAS EMISORAS,SERVICIOS PUBLICOS,,Anual Individual,Anual,Soles,M todo Directo,573437,176654,396783,454897,48445,78701,-71780,6921,3D01ST,3D0206,True,PRELIMINAR
B30143,20100113539,SOCIEDAD INDUSTRIAL DE ARTICULOS DE METAL S.A.C. - SIAM EN LIQUIDACION,2015,EMPRESAS EMISORAS,INDUSTRIALES,,Anual Individual,Anual,Soles,M todo Directo,22596,6808,15788,10090,432,-1129,-4,-1133,3D01ST,3D0206,False,PRELIMINAR
CM0006,20170072465,SOCIEDAD MINERA CERRO VERDE S.A.A.,2015,EMPRESAS EMISORAS,MINERAS,,Anual Individual,Anual,D lares,M todo Indirecto,7852692,3354318,4498374,1115617,33284,-194446,-1663738,-1858184,3D01ST,3D0206,False,PRELIMINAR
002597,20217427593,SOCIEDAD MINERA CORONA S.A.,2015,EMPRESAS EMISORAS,MINERAS,,Anual Individual,Anual,D lares,M todo Indirecto,105605,53599,52006,80113,7532,13988,-10066,3922,3D01ST,3D0206,True,PRELIMINAR
B20026,20100017572,SOCIEDAD MINERA EL BROCAL S.A.A.,2015,EMPRESAS EMISORAS,MINERAS,,Anual Individual,Anual,D lares,M todo Directo,739873,364187,375686,171294,-76189,-1523,-15746,-17269,3D01ST,3D0206,True,PRELIMINAR
B80013,20100161771,SOLUCION EMPRESA ADMINISTRADORA HIPOTECARIA S.A.,2015,EMPRESAS EMISORAS,DIVERSOS,,Anual Individual,Anual,Soles,M todo Indirecto,378831,271915,106916,30929,10978,75504,0,75504,3F0501,3F0625,True,PRELIMINAR
B20027,20100147514,"SOUTHERN PERU COPPER CORPORATION, SUCURSAL DEL PERU",2015,EMPRESAS EMISORAS,MINERAS,,Anual Individual,Anual,D lares,M todo Directo,4749438,633029,4116409,2021298,336756,629436,-248029,381407,3D01ST,3D0206,True,PRELIMINAR
000432,20100070970,SUPERMERCADOS PERUANOS S.A.,2015,EMPRESAS EMISORAS,DIVERSOS,,Anual Individual,Anual,Soles,M todo Directo,2674283,1740977,933306,4076984,27165,258580,-219641,38939,3D01ST,3D0206,False,PRELIMINAR
L00443,20518630891,TERMOCHILCA SAC,2015,EMPRESAS EMISORAS,SERVICIOS PUBLICOS,,Anual Individual,Anual,D lares,M todo Directo,185042,79784,105258,74891,4288,5675,-17386,-11711,3D01ST,3D0206,True,PRELIMINAR
OE3895,20112273922,TIENDAS DEL MEJORAMIENTO DEL HOGAR S.A.,2015,EMPRESAS EMISORAS,DIVERSOS,,Anual Individual,Anual,Soles,M todo Directo,1470895,948493,522402,1352413,880,-63902,-5989,-69891,3D01ST,3D0206,False,PRELIMINAR
CF0001,20377892918,TOTAL SERVICIOS FINANCIEROS EMPRESA DE CREDITOS,2015,EMPRESAS EMISORAS,FINANCIERAS,,Anual Individual,Anual,Soles,M todo Directo,204028,157160,46868,22586,6220,18682,-939,17743,3F0501,3F0625,True,PRELIMINAR
OE2487,20100087198,TRADI S.A.,2015,EMPRESAS EMISORAS,DIVERSOS,,Anual Individual,Anual,Soles,M todo Directo,403420,159066,244354,486416,15996,33159,-6903,26256,3D01ST,3D0206,True,PRELIMINAR
CD0009,20468451451,TRANSACCIONES FINANCIERAS S.A.,2015,EMPRESAS EMISORAS,DIVERSOS,,Anual Individual,Anual,Soles,M todo Indirecto,60862,217,60645,0,11806,-401,0,-401,3D01ST,3D0206,True,PRELIMINAR
CI0009,20499432021,TRANSPORTADORA DE GAS DEL PERU S.A.,2015,EMPRESAS EMISORAS,SERVICIOS PUBLICOS,,Anual Individual,Anual,D lares,M todo Directo,1692824,1265924,426900,544454,108484,190368,-169245,21123,3D01ST,3D0206,False,PRELIMINAR
B30121,20100137390,UNACEM CORP SOCIEDAD ANONIMA ABIERTA - UNACEM CORP S.A.A.,2015,EMPRESAS EMISORAS,DIVERSOS,,Anual Individual,Anual,Soles,M todo Directo,8640037,4970442,3669595,1949355,130586,469766,-289973,179793,3D01ST,3D0206,True,PRELIMINAR
B30021,20100113610,UNION DE CERVECERIAS PERUANAS BACKUS Y JOHNSTON S.A.A.,2015,EMPRESAS EMISORAS,INDUSTRIALES,,Anual Individual,Anual,Soles,M todo Indirecto,3855051,1908495,1946556,3947443,1180768,1387634,-257198,1130436,3D01ST,3D0206,False,PRELIMINAR
OE5376,20554477721,VIVIR SEGUROS COMPAÑIA DE SEGUROS DE VIDA S.A.,2015,EMPRESAS EMISORAS,SEGUROS,,Anual Individual,Anual,Soles,M todo Indirecto,329330,259957,69373,131788,1926,-9162,-17,-9179,3E0301,3E0405,False,PRELIMINAR
CM0001,20383045267,VOLCAN COMPAÑIA MINERA S.A.A.,2015,EMPRESAS EMISORAS,MINERAS,,Anual Individual,Anual,D lares,M todo Directo,2628150,1512221,1115929,508282,-387159,151602,-29234,122368,3D01ST,3D0206,False,PRELIMINAR
023490,20312372895,YURA S.A.,2015,EMPRESAS EMISORAS,INDUSTRIALES,,Anual Individual,Anual,Soles,M todo Directo,3342351,1972000,1370351,942240,184349,328100,-100297,227803,3D01ST,3D0206,False,PRELIMINAR
020045,20260172035,ACTIVO INMOBILIARIO PERUANO S.A.A. (ANTES FALABELLA PERU S.A.A.),2016,EMPRESAS EMISORAS,DIVERSOS,,Anual Individual,Anual,Soles,M todo Directo,6798865,1324098,5474767,0,801511,107253,0,107253,3D01ST,3D0206,False,PRELIMINAR
B80018,20100047307,ADMINISTRADORA DEL COMERCIO S.A. EN LIQUIDACION,2016,EMPRESAS EMISORAS,DIVERSOS,,Anual Individual,Anual,Soles,M todo Directo,67917,31850,36067,7251,1488,3995,-22,3973,3D01ST,3D0206,False,PRELIMINAR
003277,20306841506,ADMINISTRADORA JOCKEY PLAZA SHOPPING CENTER S.A.,2016,EMPRESAS EMISORAS,DIVERSOS,,Anual Individual,Anual,Soles,M todo Directo,1884291,903398,980893,309565,119428,137450,-72818,64632,3D01ST,3D0206,False,PRELIMINAR
023106,20332600592,AENZA S.A.A.,2016,EMPRESAS EMISORAS,DIVERSOS,,Anual Individual,Anual,Soles,M todo Indirecto,3177289,1178451,1998838,80487,-509021,-50034,-1357,-51391,3D01ST,3D0206,True,PRELIMINAR
OE4132,20551464971,AFP HABITAT S.A.,2016,EMPRESAS EMISORAS,A.F.P.,,Anual Individual,Anual,Soles,M todo Directo,56375,17243,39132,51802,-2316,3960,-1421,2539,3A01ST,3A0206,True,PRELIMINAR
AFP002,20157036794,AFP INTEGRA,2016,EMPRESAS EMISORAS,A.F.P.,,Anual Individual,Anual,Soles,M todo Directo,1396084,224577,1171507,438896,157595,165686,-4665,161021,3A01ST,3A0206,False,PRELIMINAR
B11073,20164042686,AGRICOLA CAYALTI SOCIEDAD ANONIMA ABIERTA,2016,EMPRESAS EMISORAS,AGRICOLAS,,Anual Individual,Anual,Soles,M todo Directo,335133,79539,255594,23321,7343,-8032,-32587,-40619,3D01ST,3D0206,False,PRELIMINAR
B11067,20135948641,AGRO INDUSTRIAL PARAMONGA S.A.,2016,EMPRESAS EMISORAS,AGRICOLAS,,Anual Individual,Anual,Soles,M todo Indirecto,850762,302096,548666,258880,14804,86564,0,86564,3D01ST,3D0206,True,PRELIMINAR
B08363,20132377783,AGROINDUSTRIAL LAREDO S.A.A.,2016,EMPRESAS EMISORAS,AGRICOLAS,,Anual Individual,Anual,Soles,M todo Directo,812211,264446,547765,330817,34070,67993,-33984,34009,3D01ST,3D0206,False,PRELIMINAR
OE4115,20104420282,AGROINDUSTRIAS AIB S.A.,2016,EMPRESAS EMISORAS,INDUSTRIALES,,Anual Individual,Anual,Soles,M todo Directo,354204,139259,214945,182991,16068,23350,-4620,18730,3D01ST,3D0206,False,PRELIMINAR
B11068,20116225779,AGROINDUSTRIAS SAN JACINTO S.A.A.,2016,EMPRESAS EMISORAS,AGRICOLAS,,Anual Individual,Anual,Soles,M todo Directo,528180,179066,349114,232808,46625,83420,-23559,59861,3D01ST,3D0206,False,PRELIMINAR
OE4977,20546844791,AGROKASA HOLDINGS S.A.,2016,EMPRESAS EMISORAS,DIVERSOS,,Anual Individual,Anual,D lares,M todo Directo,137666,231,137435,13946,13895,13924,0,13924,3D01ST,3D0206,False,PRELIMINAR
OE3203,20517476405,ALFIN BANCO S.A.,2016,EMPRESAS EMISORAS,BANCOS,,Anual Individual,Anual,Soles,M todo Indirecto,647123,510243,136880,305208,13919,-120223,-10242,-130465,3F0501,3F0625,True,PRELIMINAR
B30006,20100055237,ALICORP S.A.A.,2016,EMPRESAS EMISORAS,INDUSTRIALES,,Anual Individual,Anual,Soles,M todo Directo,5231660,2675565,2556095,4040731,302491,570828,-40464,530364,3D01ST,3D0206,False,PRELIMINAR
B60053,20265391886,AMERIKA FINANCIERA S.A. EN LIQUIDACION,2016,EMPRESAS EMISORAS,FINANCIERAS,,Anual Individual,Anual,Soles,M todo Directo,20269,4436,15833,393,-483,-397,-619,-1016,3F0501,3F0625,True,PRELIMINAR
J40120,20511230188,ANDINO INVESTMENT HOLDING S.A.A.,2016,EMPRESAS EMISORAS,DIVERSOS,,Anual Individual,Anual,Soles,M todo Indirecto,646160,469447,176713,10014,-52500,-60541,-1476,-62017,3D01ST,3D0206,True,PRELIMINAR
J40450,20554816526,AUGUSTAR SEGUROS Y REASEGUROS S.A. (ANTES OHIO NATIONAL SEGUROS DE VIDA Y REASEGUROS S.A.),2016,EMPRESAS EMISORAS,SEGUROS,,Anual Individual,Anual,Soles,M todo Indirecto,270683,183465,87218,138580,5300,-31283,-61,-31344,3E0301,3E0405,False,PRELIMINAR
CI0006,20338054115,AUSTRAL GROUP S.A.A.,2016,EMPRESAS EMISORAS,INDUSTRIALES,,Anual Individual,Anual,Soles,M todo Directo,1092217,591621,500596,398406,-25710,-10705,-52426,-63131,3D01ST,3D0206,False,PRELIMINAR
J40809,20600825187,AVLA PERU COMPAÑIA DE SEGUROS S.A.,2016,EMPRESAS EMISORAS,SEGUROS,,Anual Individual,Anual,Soles,M todo Indirecto,29846,16724,13122,3898,-749,7756,-8125,-369,3E0301,3E0405,False,PRELIMINAR
J40847,20562964682,AZZARO TRADING S.A.,2016,EMPRESAS EMISORAS,DIVERSOS,,Anual Individual,Anual,Soles,M todo Indirecto,67733,12033,55700,0,8001,-6405,0,-6405,3D01ST,3D0206,True,PRELIMINAR
J40739,20504565794,BANCO AGROPECUARIO - AGROBANCO,2016,EMPRESAS EMISORAS,BANCOS,,Anual Individual,Anual,Soles,M todo Directo,2378546,1872679,505867,230508,-94849,-52776,-1846,-54622,3F0501,3F0625,False,PRELIMINAR
B80004,20100130204,BANCO BBVA PERU,2016,EMPRESAS EMISORAS,BANCOS,,Anual Individual,Anual,Soles,M todo Indirecto,78620169,71631278,6988891,4505804,1337968,549837,-187503,362334,3F0501,3F0625,False,PRELIMINAR
CF0004,20509507199,BANCO DE COMERCIO,2016,EMPRESAS EMISORAS,BANCOS,,Anual Individual,Anual,Soles,M todo Directo,1768052,1530358,237694,188703,31635,-16216,-8853,-25069,3F0501,3F0625,True,PRELIMINAR
B80005,20100047218,BANCO DE CREDITO DEL PERU,2016,EMPRESAS EMISORAS,BANCOS,,Anual Individual,Anual,Soles,M todo Indirecto,118410198,104809081,13601117,7523365,2925550,-3079568,-264920,-3344488,3F0501,3F0625,False,PRELIMINAR
J00122,20100030595,BANCO DE LA NACION,2016,EMPRESAS EMISORAS,BANCOS,,Anual Individual,Anual,Soles,M todo Indirecto,28472202,26040194,2432008,1491201,935067,-636564,-191825,-828389,3F0501,3F0625,False,PRELIMINAR
OE2254,20441805960,BANCO EFECTIVA S.A. (ANTES FINANCIERA EFECTIVA S.A.),2016,EMPRESAS EMISORAS,BANCOS,,Anual Individual,Anual,Soles,M todo Directo,482670,339656,143014,230201,22119,25921,-1362,24559,3F0501,3F0625,False,PRELIMINAR
B80144,20330401991,BANCO FALABELLA PERU S.A.,2016,EMPRESAS EMISORAS,BANCOS,,Anual Individual,Anual,Soles,M todo Indirecto,4979446,4271137,708309,1110209,89237,440477,-47955,392522,3F0501,3F0625,False,PRELIMINAR
OE2271,20513074370,BANCO GNB PERU S.A.,2016,EMPRESAS EMISORAS,BANCOS,,Anual Individual,Anual,Soles,M todo Indirecto,4994644,4353343,641301,380780,50012,-171536,-3296,-174832,3F0501,3F0625,False,PRELIMINAR
B80123,20101036813,BANCO INTERAMERICANO DE FINANZAS,2016,EMPRESAS EMISORAS,BANCOS,,Anual Individual,Anual,Soles,M todo Indirecto,12523045,11625101,897944,801926,99091,260943,-32439,228504,3F0501,3F0625,False,PRELIMINAR
B80020,20100053455,BANCO INTERNACIONAL DEL PERU S.A.A. - INTERBANK,2016,EMPRESAS EMISORAS,BANCOS,,Anual Individual,Anual,Soles,M todo Indirecto,42232758,38048559,4184199,3631271,875075,517522,-181065,336457,3F0501,3F0625,False,PRELIMINAR
B80009,20100105862,BANCO PICHINCHA,2016,EMPRESAS EMISORAS,BANCOS,,Anual Individual,Anual,Soles,M todo Indirecto,9022760,8319557,703203,834423,33099,574490,-19890,554600,3F0501,3F0625,True,PRELIMINAR
B80141,20259702411,BANCO RIPLEY PERU S.A.,2016,EMPRESAS EMISORAS,BANCOS,,Anual Individual,Anual,Soles,M todo Indirecto,2264993,1880696,384297,626135,71757,140471,-18816,121655,3F0501,3F0625,False,PRELIMINAR
OE3056,20516711559,BANCO SANTANDER PERU S.A.,2016,EMPRESAS EMISORAS,BANCOS,,Anual Individual,Anual,Soles,M todo Indirecto,5066911,4457179,609732,211004,68902,549436,-3468,545968,3F0501,3F0625,False,PRELIMINAR
B30079,20100096341,BAYER S.A.,2016,EMPRESAS EMISORAS,DIVERSOS,,Anual Individual,Anual,Soles,M todo Directo,381568,57084,324484,409329,28501,22358,-1765,20593,3D01ST,3D0206,False,PRELIMINAR
OE4837,20513328819,BNP PARIBAS CARDIF S.A. COMPAÑIA DE SEGUROS Y REASEGUROS,2016,EMPRESAS EMISORAS,SEGUROS,,Anual Individual,Anual,Soles,M todo Indirecto,262724,165631,97093,238374,-5825,8410,-333,8077,3E0301,3E0405,True,PRELIMINAR
J40137,20130200789,CAJA MUNICIPAL DE AHORRO Y CREDITO DE HUANCAYO S.A.,2016,EMPRESAS EMISORAS,FINANCIERAS,,Anual Individual,Anual,Soles,M todo Indirecto,2919400,2524144,395256,481897,77235,207953,-17668,190285,3F0501,3F0625,False,PRELIMINAR
J00218,20102881347,CAJA MUNICIPAL DE AHORRO Y CREDITO DE SULLANA S.A.,2016,EMPRESAS EMISORAS,FINANCIERAS,,Anual Individual,Anual,Soles,M todo Indirecto,3286101,2972950,313151,467286,45306,150043,-25261,124782,3F0501,3F0625,False,PRELIMINAR
J40630,20322445564,CAJA RURAL DE AHORRO Y CREDITO LOS ANDES S.A.,2016,EMPRESAS EMISORAS,FINANCIERAS,,Anual Individual,Anual,Soles,M todo Indirecto,263233,207102,56131,50340,1118,-70731,-4010,-74741,3F0501,3F0625,False,PRELIMINAR
B11082,20131867744,CARTAVIO SOCIEDAD ANONIMA ABIERTA,2016,EMPRESAS EMISORAS,AGRICOLAS,,Anual Individual,Anual,Soles,M todo Directo,720508,182668,537840,377322,64644,75649,-20243,55406,3D01ST,3D0206,False,PRELIMINAR
B08361,20131823020,CASA GRANDE SOCIEDAD ANONIMA ABIERTA,2016,EMPRESAS EMISORAS,AGRICOLAS,,Anual Individual,Anual,Soles,M todo Directo,1747627,349990,1397637,556269,104978,160899,-53439,107460,3D01ST,3D0206,False,PRELIMINAR
CD0005,20419387658,CEMENTOS PACASMAYO S.A.A.,2016,EMPRESAS EMISORAS,INDUSTRIALES,,Anual Individual,Anual,Soles,M todo Indirecto,3148403,1280963,1867440,821426,116174,192914,-97748,95166,3D01ST,3D0206,False,PRELIMINAR
019094,20129854953,CENTRAL AZUCARERA CHUCARAPI-PAMPA BLANCA S.A.,2016,EMPRESAS EMISORAS,AGRICOLAS,,Anual Individual,Anual,Soles,M todo Directo,102755,37886,64869,8325,-5357,-2443,-590,-3033,3D01ST,3D0206,False,PRELIMINAR
B30023,20128915711,CERVECERIA SAN JUAN S.A.,2016,EMPRESAS EMISORAS,INDUSTRIALES,,Anual Individual,Anual,Soles,M todo Indirecto,487841,297013,190828,656611,117266,152126,-25976,126150,3D01ST,3D0206,False,PRELIMINAR
CS0007,20109068498,CESCE PERU S.A. COMPAÑIA DE SEGUROS,2016,EMPRESAS EMISORAS,SEGUROS,,Anual Individual,Anual,Soles,M todo Directo,66274,32212,34062,40456,5850,6486,-165,6321,3E0301,3E0405,True,PRELIMINAR
CD0001,20390863871,CFI HOLDINGS S.A.,2016,EMPRESAS EMISORAS,DIVERSOS,,Anual Individual,Anual,Soles,M todo Directo,392079,42830,349249,0,26526,-8884,-533,-9417,3D01ST,3D0206,True,PRELIMINAR
CS0003,20390625007,CHUBB PERU S.A. COMPAÑIA DE SEGUROS Y REASEGUROS,2016,EMPRESAS EMISORAS,SEGUROS,,Anual Individual,Anual,Soles,M todo Directo,347481,283220,64261,223591,6858,6697,-103,6594,3E0301,3E0405,False,PRELIMINAR
CB0002,20100116635,CITIBANK DEL PERU S.A.,2016,EMPRESAS EMISORAS,BANCOS,,Anual Individual,Anual,Soles,M todo Indirecto,6944687,5802712,1141975,173733,152849,1020127,-6476,1013651,3F0501,3F0625,False,PRELIMINAR
J40815,20600524233,COFACE SEGURO DE CREDITO PERU S.A. EN LIQUIDACION,2016,EMPRESAS EMISORAS,SEGUROS,,Anual Individual,Anual,Soles,M todo Directo,14577,5433,9144,1898,-2361,-3471,-75,-3546,3E0301,3E0405,True,PRELIMINAR
OE5506,20510713363,COLEGIOS PERUANOS S.A.,2016,EMPRESAS EMISORAS,DIVERSOS,,Anual Individual,Anual,Soles,M todo Directo,555259,292655,262604,128105,-15554,1164,-127720,-126556,3D01ST,3D0206,True,PRELIMINAR
OE4908,20100020361,COMERCIAL DEL ACERO S.A.C.,2016,EMPRESAS EMISORAS,DIVERSOS,,Anual Individual,Anual,Soles,M todo Directo,451815,162491,289324,428033,40901,12888,-1469,11419,3D01ST,3D0206,True,PRELIMINAR
B20003,20100079501,COMPAÑIA DE MINAS BUENAVENTURA S.A.A.,2016,EMPRESAS EMISORAS,MINERAS,,Anual Individual,Anual,D lares,M todo Directo,3477088,655997,2821091,777697,-323492,349874,-305945,43929,3D01ST,3D0206,False,PRELIMINAR
B30098,20100012856,COMPAÑIA GOODYEAR DEL PERU S.A.,2016,EMPRESAS EMISORAS,INDUSTRIALES,,Anual Individual,Anual,Soles,M todo Directo,601466,107711,493755,426168,37977,33557,-13656,19901,3D01ST,3D0206,False,PRELIMINAR
B20041,20137025354,COMPAÑIA MINERA PODEROSA S.A.A.,2016,EMPRESAS EMISORAS,MINERAS,,Anual Individual,Anual,Soles,M todo Indirecto,820135,286617,533518,932862,176376,317175,-77079,240096,3D01ST,3D0206,False,PRELIMINAR
B20012,20100163552,COMPAÑIA MINERA RAURA S.A.,2016,EMPRESAS EMISORAS,MINERAS,,Anual Individual,Anual,D lares,M todo Directo,92231,55665,36566,126260,19942,37635,-10405,27230,3D01ST,3D0206,False,PRELIMINAR
B20013,20100177421,COMPAÑIA MINERA SAN IGNACIO DE MOROCOCHA S.A.A.,2016,EMPRESAS EMISORAS,MINERAS,,Anual Individual,Anual,Soles,M todo Indirecto,331011,194707,136304,171327,55818,45594,-13580,32014,3D01ST,3D0206,False,PRELIMINAR
B20016,20100120314,COMPAÑIA MINERA SANTA LUISA S.A.,2016,EMPRESAS EMISORAS,MINERAS,,Anual Individual,Anual,Soles,M todo Directo,286539,118454,168085,154616,24326,34219,-3633,30586,3D01ST,3D0206,False,PRELIMINAR
CI0005,20100562848,COMPAÑIA UNIVERSAL TEXTIL S.A. EN LIQUIDACION,2016,EMPRESAS EMISORAS,INDUSTRIALES,,Anual Individual,Anual,Soles,M todo Directo,182703,58964,123739,87948,-14210,5247,-749,4498,3D01ST,3D0206,False,PRELIMINAR
OE4501,20369155360,COMPARTAMOS BANCO S.A.,2016,EMPRESAS EMISORAS,BANCOS,,Anual Individual,Anual,Soles,M todo Directo,1366645,1084339,282306,397979,25665,73952,0,73952,3F0501,3F0625,True,PRELIMINAR
OE3212,20509093521,CONCESIONARIA TRASVASE OLMOS S.A.,2016,EMPRESAS EMISORAS,DIVERSOS,,Anual Individual,Anual,D lares,M todo Indirecto,155126,138900,16226,13701,-2640,19980,-103,19877,3D01ST,3D0206,False,PRELIMINAR
CD0020,20141189850,CONECTA RETAIL S.A.,2016,EMPRESAS EMISORAS,DIVERSOS,,Anual Individual,Anual,Soles,M todo Directo,611565,386314,225251,858809,7603,65952,-3416,62536,3D01ST,3D0206,True,PRELIMINAR
OE3557,20518410858,CONSORCIO CEMENTERO DEL SUR S.A.,2016,EMPRESAS EMISORAS,DIVERSOS,,Anual Individual,Anual,Soles,M todo Directo,671811,53117,618694,0,98848,-529,0,-529,3D01ST,3D0206,False,PRELIMINAR
000683,20100195080,CONSORCIO INDUSTRIAL DE AREQUIPA SA,2016,EMPRESAS EMISORAS,INDUSTRIALES,,Anual Individual,Anual,Soles,M todo Directo,69118,14794,54324,58865,6555,5221,-531,4690,3D01ST,3D0206,False,PRELIMINAR
CD0013,20383316473,CONSORCIO TRANSMANTARO S.A.,2016,EMPRESAS EMISORAS,SERVICIOS PUBLICOS,,Anual Individual,Anual,D lares,M todo Directo,1319734,865945,453789,122601,43027,106328,-179,106149,3D01ST,3D0206,False,PRELIMINAR
CI0003,20370146994,CORPORACION ACEROS AREQUIPA S.A.,2016,EMPRESAS EMISORAS,INDUSTRIALES,,Anual Individual,Anual,Soles,M todo Directo,2976850,1164952,1811898,2055665,98420,233983,-70056,163927,3D01ST,3D0206,False,PRELIMINAR
019886,20161636780,CORPORACION CERAMICA S.A.,2016,EMPRESAS EMISORAS,INDUSTRIALES,,Anual Individual,Anual,Soles,M todo Directo,334424,129291,205133,156686,-11579,25257,-10543,14714,3D01ST,3D0206,False,PRELIMINAR
B30207,20100228352,CORPORACION CERVESUR S.A.A.,2016,EMPRESAS EMISORAS,DIVERSOS,,Anual Individual,Anual,Soles,M todo Directo,534726,25790,508936,28654,13171,13481,-291,13190,3D01ST,3D0206,False,PRELIMINAR
J40570,20553486000,CORPORACION DE GESTION MINERA S.A.,2016,EMPRESAS EMISORAS,MINERAS,,Anual Individual,Anual,D lares,M todo Indirecto,110412,191,110221,0,-777,-109,0,-109,3D01ST,3D0206,False,PRELIMINAR
CF0002,20100116392,CORPORACION FINANCIERA DE DESARROLLO S.A. - COFIDE,2016,EMPRESAS EMISORAS,FINANCIERAS,,Anual Individual,Anual,Soles,M todo Indirecto,13437095,10624480,2812615,645898,77996,-269600,-1701,-271301,3F0501,3F0625,False,PRELIMINAR
OE1566,20501663256,CORPORACION FUNERARIA S.A.,2016,EMPRESAS EMISORAS,DIVERSOS,,Anual Individual,Anual,Soles,M todo Directo,6844,1014,5830,9655,206,818,0,818,3D01ST,3D0206,False,PRELIMINAR
000355,20100082391,COSAPI S.A.,2016,EMPRESAS EMISORAS,DIVERSOS,,Anual Individual,Anual,Soles,M todo Indirecto,838487,513685,324802,887307,9231,75965,-30139,45826,3D01ST,3D0206,False,PRELIMINAR
J40768,20600098633,CRECER SEGUROS S.A. COMPANIA DE SEGUROS,2016,EMPRESAS EMISORAS,SEGUROS,,Anual Individual,Anual,Soles,M todo Indirecto,24827,12177,12650,30391,-2850,3962,10,,3E0301,3E0405,False,REVISAR_CAPEX_POSITIVO
OE5132,20548185051,CREDICORP CAPITAL PERU S.A.A.,2016,EMPRESAS EMISORAS,DIVERSOS,,Anual Individual,Anual,Soles,M todo Directo,163016,101,162915,0,18433,16852,0,16852,3D01ST,3D0206,False,PRELIMINAR
B30060,20133530003,CREDITEX S.A.A.,2016,EMPRESAS EMISORAS,INDUSTRIALES,,Anual Individual,Anual,Soles,M todo Directo,473673,102589,371084,244299,1275,50828,-1417,49411,3D01ST,3D0206,True,PRELIMINAR
OE2258,20509845167,DIVISO GRUPO FINANCIERO S.A.,2016,EMPRESAS EMISORAS,DIVERSOS,,Anual Individual,Anual,Soles,M todo Indirecto,412915,81771,331144,80782,787,23382,0,23382,3D01ST,3D0206,False,PRELIMINAR
OE3808,20516534754,DUNAS ENERGIA S.A.A.,2016,EMPRESAS EMISORAS,DIVERSOS,,Anual Individual,Anual,Soles,M todo Indirecto,248020,5332,242688,33144,26732,47100,0,47100,3D01ST,3D0206,False,PRELIMINAR
OE3108,20375312868,EDYFICAR PERU S.A.,2016,EMPRESAS EMISORAS,DIVERSOS,,Anual Individual,Anual,Soles,M todo Indirecto,11789,60,11729,0,-2011,-6378,0,-6378,3D01ST,3D0206,False,PRELIMINAR
B80104,20100035392,EL PACIFICO PERUANO-SUIZA CIA DE SEGUROS Y REASEGUROS,2016,EMPRESAS EMISORAS,SEGUROS,,Anual Individual,Anual,Soles,M todo Directo,3745546,1875979,1869567,1455368,268153,97343,-34436,62907,3E0301,3E0405,False,PRELIMINAR
B40013,20106156400,ELECTRO DUNAS S.A.A.,2016,EMPRESAS EMISORAS,SERVICIOS PUBLICOS,,Anual Individual,Anual,Soles,M todo Indirecto,533428,296795,236633,366652,22672,25654,-26710,-1056,3D01ST,3D0206,False,PRELIMINAR
B40005,20116544289,ELECTRO SUR ESTE S.A.A.,2016,EMPRESAS EMISORAS,SERVICIOS PUBLICOS,,Anual Individual,Anual,Soles,M todo Directo,913570,227535,686035,384788,53071,80765,-78767,1998,3D01ST,3D0206,False,PRELIMINAR
B11072,20131835621,EMPRESA AGRARIA CHIQUITOY S.A.,2016,EMPRESAS EMISORAS,AGRICOLAS,,Anual Individual,Anual,Soles,M todo Directo,110649,37254,73395,42032,18647,2744,-2790,-46,3D01ST,3D0206,False,PRELIMINAR
B11074,20103272964,EMPRESA AGRICOLA SAN JUAN S.A.,2016,EMPRESAS EMISORAS,AGRICOLAS,,Anual Individual,Anual,Soles,M todo Directo,161907,86209,75698,71671,-5397,15790,-3707,12083,3D01ST,3D0206,False,PRELIMINAR
B08358,20133419749,EMPRESA AGRICOLA SINTUCO S.A.,2016,EMPRESAS EMISORAS,AGRICOLAS,,Anual Individual,Anual,Soles,M todo Directo,86734,15098,71636,12650,3841,9719,-1185,8534,3D01ST,3D0206,False,PRELIMINAR
017070,20141723601,EMPRESA AZUCARERA EL INGENIO S.A.,2016,EMPRESAS EMISORAS,AGRICOLAS,,Anual Individual,Anual,Soles,M todo Directo,63075,13562,49513,8794,3384,169,-52,117,3D01ST,3D0206,False,PRELIMINAR
OE2027,20279889208,EMPRESA DE GENERACION ELECTRICA DEL SUR S.A.,2016,EMPRESAS EMISORAS,SERVICIOS PUBLICOS,,Anual Individual,Anual,Soles,M todo Directo,174482,37494,136988,67173,2563,10442,-6843,3599,3D01ST,3D0206,False,PRELIMINAR
SP0009,20262221335,EMPRESA DE GENERACION ELECTRICA SAN GABAN S.A.,2016,EMPRESAS EMISORAS,SERVICIOS PUBLICOS,,Anual Individual,Anual,Soles,M todo Directo,435892,49305,386587,110564,42336,63491,-1554,61937,3D01ST,3D0206,False,PRELIMINAR
B30241,20143229816,EMPRESA EDITORA EL COMERCIO S.A.,2016,EMPRESAS EMISORAS,INDUSTRIALES,,Anual Individual,Anual,Soles,M todo Directo,1335122,539158,795964,589273,106749,167458,-11103,156355,3D01ST,3D0206,True,PRELIMINAR
CD0022,20100027705,EMPRESA ELECTRICIDAD DEL PERU - ELECTROPERU S.A.,2016,EMPRESAS EMISORAS,SERVICIOS PUBLICOS,,Anual Individual,Anual,Soles,M todo Directo,3773241,881723,2891518,1560216,296343,514753,-66950,447803,3D01ST,3D0206,True,PRELIMINAR
B40006,20119205949,EMPRESA REGIONAL DE SERVICIO PUBLICO DE ELECTRICIDAD - ELECTROSUR S.A.,2016,EMPRESAS EMISORAS,SERVICIOS PUBLICOS,,Anual Individual,Anual,Soles,M todo Directo,267805,80865,186940,181342,12751,23453,-22694,759,3D01ST,3D0206,False,PRELIMINAR
SP0006,20405479592,EMPRESA REGIONAL DE SERVICIO PUBLICO DE ELECTRICIDAD DE PUNO S.A.A. - ELECTROPUNO,2016,EMPRESAS EMISORAS,SERVICIOS PUBLICOS,,Anual Individual,Anual,Soles,M todo Directo,447056,133600,313456,185529,18443,39314,-7938,31376,3D01ST,3D0206,False,PRELIMINAR
B40002,20132023540,EMPRESA REGIONAL DE SERVICIO PUBLICO DE ELECTRICIDAD ELECTRONORTE MEDIO S.A. - HIDRANDINA,2016,EMPRESAS EMISORAS,SERVICIOS PUBLICOS,,Anual Individual,Anual,Soles,M todo Directo,1507159,437771,1069388,888378,103143,182331,-105221,77110,3D01ST,3D0206,True,PRELIMINAR
CM0003,20402885549,EMPRESA SIDERURGICA DEL PERU S.A.A. - SIDERPERU,2016,EMPRESAS EMISORAS,INDUSTRIALES,,Anual Individual,Anual,Soles,M todo Directo,1383923,206118,1177805,1437931,100447,311499,-7948,303551,3D01ST,3D0206,True,PRELIMINAR
003058,20270508163,ENEL GENERACION PIURA S.A.,2016,EMPRESAS EMISORAS,SERVICIOS PUBLICOS,,Anual Individual,Anual,Soles,M todo Indirecto,849006,469852,379154,326186,76660,149996,-22493,127503,3D01ST,3D0206,False,PRELIMINAR
OE4860,20543420477,ENERGIA DEL PACIFICO S.A.,2016,EMPRESAS EMISORAS,DIVERSOS,,Anual Individual,Anual,D lares,M todo Directo,215982,134191,81791,0,2277,-5879,-5852,-11731,3D01ST,3D0206,False,PRELIMINAR
002829,20333363900,ENGIE ENERGIA PERU S.A.A.,2016,EMPRESAS EMISORAS,SERVICIOS PUBLICOS,,Anual Individual,Anual,D lares,M todo Directo,2243736,1292763,950973,747652,131504,174956,-51908,123048,3D01ST,3D0206,False,PRELIMINAR
B30094,20100094135,EXSA S.A.,2016,EMPRESAS EMISORAS,INDUSTRIALES,,Anual Individual,Anual,D lares,M todo Directo,194437,82970,111467,178260,3432,11434,-17726,-6292,3D01ST,3D0206,True,PRELIMINAR
B30042,20100020956,FABRICA DE HILADOS Y TEJIDOS SAN MIGUEL S.A. - EN LIQUIDACION,2016,EMPRESAS EMISORAS,INDUSTRIALES,,Anual Individual,Anual,Soles,M todo Directo,1541,11,1530,0,55,2,0,2,3D01ST,3D0206,False,PRELIMINAR
B30211,20100165687,FABRICA NACIONAL DE ACUMULADORES ETNA S.A.,2016,EMPRESAS EMISORAS,INDUSTRIALES,,Anual Individual,Anual,Soles,M todo Directo,253646,127728,125918,140167,15471,2633,-10129,-7496,3D01ST,3D0206,False,PRELIMINAR
B30122,20100051240,FABRICA PERUANA ETERNIT S.A.,2016,EMPRESAS EMISORAS,INDUSTRIALES,,Anual Individual,Anual,Soles,M todo Directo,373985,178742,195243,236929,9825,12800,-23568,-10768,3D01ST,3D0206,False,PRELIMINAR
OE4746,20538185010,FACTORING TOTAL S.A. (SOCIEDAD ABSORBIDA),2016,EMPRESAS EMISORAS,DIVERSOS,,Anual Individual,Anual,Soles,M todo Directo,236338,184002,52336,22414,5468,13801,-7289,6512,3F0501,3F0625,True,PRELIMINAR
B60001,20100027292,FERREYCORP S.A.A.,2016,EMPRESAS EMISORAS,DIVERSOS,,Anual Individual,Anual,Soles,M todo Directo,2632087,834664,1797423,334254,230435,237413,-14189,223224,3D01ST,3D0206,True,PRELIMINAR
B30083,20100083010,FILAMENTOS INDUSTRIALES S.A.,2016,EMPRESAS EMISORAS,DIVERSOS,,Anual Individual,Anual,Soles,M todo Directo,135122,40758,94364,49726,3347,-1507,-31,-1538,3D01ST,3D0206,False,PRELIMINAR
OE3205,20228319768,FINANCIERA CONFIANZA S.A.A.,2016,EMPRESAS EMISORAS,FINANCIERAS,,Anual Individual,Anual,Soles,M todo Indirecto,1803832,1517546,286286,397686,15987,13880,-4176,9704,3F0501,3F0625,True,PRELIMINAR
L00416,20328178070,FINANCIERA CREDINKA S.A. EN LIQUIDACION,2016,EMPRESAS EMISORAS,FINANCIERAS,,Anual Individual,Anual,Soles,M todo Indirecto,940740,811076,129664,144481,5054,-76757,0,-76757,3F0501,3F0625,False,PRELIMINAR
OE5251,20348067053,FINANCIERA PROEMPRESA S.A.,2016,EMPRESAS EMISORAS,FINANCIERAS,,Anual Individual,Anual,Soles,M todo Indirecto,410705,344616,66089,93005,4690,-12308,-1997,-14305,3F0501,3F0625,False,PRELIMINAR
OE4241,20521308321,FINANCIERA QAPAQ S.A.,2016,EMPRESAS EMISORAS,FINANCIERAS,,Anual Individual,Anual,Soles,M todo Directo,336464,270278,66186,96344,462,14816,-3277,11539,3F0501,3F0625,False,PRELIMINAR
B80145,20337996834,FINANCIERA TFC S.A. EN LIQUIDACION,2016,EMPRESAS EMISORAS,FINANCIERAS,,Anual Individual,Anual,Soles,M todo Indirecto,902013,815202,86811,93561,2051,26054,-14281,11773,3F0501,3F0625,False,PRELIMINAR
J40093,20414671773,FONDO MIVIVIENDA S.A.,2016,EMPRESAS EMISORAS,FINANCIERAS,,Anual Individual,Anual,Soles,M todo Directo,8149723,4823845,3325878,426497,50594,637746,-2582,635164,3F0501,3F0625,False,PRELIMINAR
OE4159,20523108574,FOSFATOS DEL PACIFICO S.A.,2016,EMPRESAS EMISORAS,MINERAS,,Anual Individual,Anual,Soles,M todo Indirecto,339236,3495,335741,1965,-9010,-17332,-15264,-32596,3D01ST,3D0206,False,PRELIMINAR
OE6928,20601413885,FOSSAL S.A.A.,2016,EMPRESAS EMISORAS,DIVERSOS,,Anual Individual,Anual,Soles,M todo Indirecto,1,17,-16,0,-17,0,0,0,3D01ST,3D0206,False,PRELIMINAR
001152,20100094054,FUTURA CONSORCIO INMOBILIARIO S.A.,2016,EMPRESAS EMISORAS,DIVERSOS,,Anual Individual,Anual,Soles,M todo Directo,466915,120457,346458,8971,-18049,3677,-290,3387,3D01ST,3D0206,True,PRELIMINAR
B80049,20100116988,GR HOLDING S.A.,2016,EMPRESAS EMISORAS,DIVERSOS,,Anual Individual,Anual,Soles,M todo Indirecto,276824,1748,275076,80,36008,31460,0,31460,3D01ST,3D0206,True,PRELIMINAR
BV0001,20100055661,GRUPO BVL S.A.A.,2016,EMPRESAS EMISORAS,DIVERSOS,,Anual Individual,Anual,Soles,M todo Directo,215160,6257,208903,41317,18300,15858,-531,15327,3D01ST,3D0206,False,PRELIMINAR
J40184,20100077044,HERMES TRANSPORTES BLINDADOS S.A.,2016,EMPRESAS EMISORAS,DIVERSOS,,Anual Individual,Anual,Soles,M todo Directo,849254,490147,359107,309795,28864,107869,-6941,100928,3D01ST,3D0206,True,PRELIMINAR
B30140,20100171814,HIDROSTAL S.A.,2016,EMPRESAS EMISORAS,INDUSTRIALES,,Anual Individual,Anual,Soles,M todo Directo,221019,69116,151903,155142,5449,5339,-1554,3785,3D01ST,3D0206,False,PRELIMINAR
OE3986,20518201426,HIPOTECARIA SURA EMPRESA ADMINISTRADORA HIPOTECARIA S.A. - EN LIQUIDACION,2016,EMPRESAS EMISORAS,DIVERSOS,,Anual Individual,Anual,Soles,M todo Directo,17190,2678,14512,2048,-3386,10840,0,10840,3F0501,3F0625,True,PRELIMINAR
OE5021,20523611250,H2OLMOS S.A.,2016,EMPRESAS EMISORAS,DIVERSOS,,Anual Individual,Anual,Soles,M todo Indirecto,678767,648812,29955,85184,8255,60543,-394,60149,3D01ST,3D0206,False,PRELIMINAR
J40414,20546892175,ICBC PERU BANK,2016,EMPRESAS EMISORAS,BANCOS,,Anual Individual,Anual,Soles,M todo Indirecto,410440,317325,93115,12928,-8734,-31327,-33,-31360,3F0501,3F0625,False,PRELIMINAR
J40582,20565403851,ICCGSA INVERSIONES S.A.,2016,EMPRESAS EMISORAS,DIVERSOS,,Anual Individual,Anual,Soles,M todo Indirecto,204483,177090,27393,5126,-2351,-7361,-1664,-9025,3D01ST,3D0206,True,PRELIMINAR
B30236,20251293181,INDECO S.A.,2016,EMPRESAS EMISORAS,INDUSTRIALES,,Anual Individual,Anual,D lares,M todo Directo,112704,39025,73679,182690,10799,10403,-1377,9026,3D01ST,3D0206,False,PRELIMINAR
B30050,20102728743,INDUSTRIA TEXTIL PIURA S.A.,2016,EMPRESAS EMISORAS,INDUSTRIALES,,Anual Individual,Anual,Soles,M todo Directo,208654,145134,63520,43401,-31875,-7698,-392,-8090,3D01ST,3D0206,False,PRELIMINAR
B30107,20100004322,INDUSTRIAS DEL ENVASE S.A.,2016,EMPRESAS EMISORAS,INDUSTRIALES,,Anual Individual,Anual,Soles,M todo Directo,188471,81417,107054,156753,13409,13943,-1864,12079,3D01ST,3D0206,False,PRELIMINAR
B30152,20100003512,INDUSTRIAS ELECTRO QUIMICAS S.A. IEQSA,2016,EMPRESAS EMISORAS,INDUSTRIALES,,Anual Individual,Anual,Soles,M todo Directo,183468,61222,122246,322211,2414,-18366,-4372,-22738,3D01ST,3D0206,True,PRELIMINAR
OE4256,20522291201,INFINANCE XP S.A. (ANTES FINANCIERA OH! S.A.),2016,EMPRESAS EMISORAS,FINANCIERAS,,Anual Individual,Anual,Soles,M todo Indirecto,994681,790335,204346,373053,30538,-142940,-5528,-148468,3F0501,3F0625,False,PRELIMINAR
OE4660,20543135942,INMOBILIARIA IDE S.A.,2016,EMPRESAS EMISORAS,DIVERSOS,,Anual Individual,Anual,Soles,M todo Indirecto,15006,2563,12443,1599,660,992,0,992,3D01ST,3D0206,False,PRELIMINAR
B30127,20100049938,INMOBILIARIA KANPU S.A.,2016,EMPRESAS EMISORAS,DIVERSOS,,Anual Individual,Anual,Soles,M todo Directo,248805,145879,102926,240102,7487,21957,-4878,17079,3D01ST,3D0206,False,PRELIMINAR
CN0002,20499141051,INMOBILIARIA MILENIA S.A.,2016,EMPRESAS EMISORAS,DIVERSOS,,Anual Individual,Anual,Soles,M todo Directo,202535,54474,148061,3510,-3874,-5138,0,-5138,3D01ST,3D0206,False,PRELIMINAR
OE1274,20423264617,INMUEBLES PANAMERICANA S.A.,2016,EMPRESAS EMISORAS,DIVERSOS,,Anual Individual,Anual,Soles,M todo Directo,1593120,762973,830147,113989,110747,20202,-74807,-54605,3D01ST,3D0206,False,PRELIMINAR
OE5087,0,INRETAIL PERU CORP.,2016,EMPRESAS EMISORAS,DIVERSOS,,Anual Individual,Anual,Soles,M todo Directo,4320242,1015963,3304279,116400,58606,107919,0,107919,3D01ST,3D0206,False,PRELIMINAR
OE4150,20492497721,INSUR S.A. COMPAÑIA DE SEGUROS,2016,EMPRESAS EMISORAS,SEGUROS,,Anual Individual,Anual,Soles,M todo Directo,68183,15916,52267,43435,12337,7251,-417,6834,3E0301,3E0405,True,PRELIMINAR
B70009,20100017491,INTEGRATEL PERU S.A.A.,2016,EMPRESAS EMISORAS,SERVICIOS PUBLICOS,,Anual Individual,Anual,Soles,M todo Directo,13906869,7506410,6400459,9221852,911479,2169705,-1469668,700037,3D01ST,3D0206,False,PRELIMINAR
OE2305,0,INTERCORP FINANCIAL SERVICES INC.,2016,EMPRESAS EMISORAS,DIVERSOS,,Anual Individual,Anual,Soles,M todo Indirecto,4913985,34874,4879111,866,828143,-52102,0,-52102,3F0501,3F0625,False,PRELIMINAR
CD0010,0,INTERCORP PERU LTD.,2016,EMPRESAS EMISORAS,DIVERSOS,,Anual Individual,Anual,Soles,M todo Indirecto,7703888,1374891,6328997,1537,654539,-103185,0,-103185,3F0501,3F0625,False,PRELIMINAR
CS0002,20382748566,INTERSEGURO COMPAÑIA DE SEGUROS S.A.,2016,EMPRESAS EMISORAS,SEGUROS,,Anual Individual,Anual,Soles,M todo Indirecto,5733174,5301412,431762,393184,85784,327175,-1428,325747,3E0301,3E0405,False,PRELIMINAR
TI0002,20417378911,INTRADEVCO INDUSTRIAL S.A.,2016,EMPRESAS EMISORAS,INDUSTRIALES,,Anual Individual,Anual,Soles,M todo Directo,718293,316453,401840,652205,56978,17476,-11171,6305,3D01ST,3D0206,True,PRELIMINAR
B80077,20101045995,INVERSIONES CENTENARIO S.A.A.,2016,EMPRESAS EMISORAS,DIVERSOS,,Anual Individual,Anual,Soles,M todo Directo,2857020,1377475,1479545,296503,57155,-7926,-2714,-10640,3D01ST,3D0206,False,PRELIMINAR
J40846,20544705688,INVERSIONES EDUCA S.A.,2016,EMPRESAS EMISORAS,DIVERSOS,,Anual Individual,Anual,Soles,M todo Indirecto,181633,71413,110220,27108,7992,7460,-5088,2372,3D01ST,3D0206,True,PRELIMINAR
B60004,20104347691,INVERSIONES EN TURISMO S.A. INVERTUR,2016,EMPRESAS EMISORAS,DIVERSOS,,Anual Individual,Anual,Soles,M todo Directo,44658,9259,35399,23400,2292,3346,-1434,1912,3D01ST,3D0206,True,PRELIMINAR
003512,20334766714,INVERSIONES LA RIOJA S.A.,2016,EMPRESAS EMISORAS,DIVERSOS,,Anual Individual,Anual,Soles,M todo Directo,771916,362142,409774,161800,16037,43172,-9446,33726,3D01ST,3D0206,False,PRELIMINAR
B60005,20114803228,INVERSIONES NACIONALES DE TURISMO S.A. INTURSA,2016,EMPRESAS EMISORAS,DIVERSOS,,Anual Individual,Anual,Soles,M todo Directo,961481,208347,753134,236541,17012,70588,-15192,55396,3D01ST,3D0206,False,PRELIMINAR
A80069,20100210909,LA POSITIVA SEGUROS Y REASEGUROS S.A.,2016,EMPRESAS EMISORAS,SEGUROS,,Anual Individual,Anual,Soles,M todo Indirecto,1151709,771111,380598,804340,32501,58041,-2716,55325,3E0301,3E0405,False,PRELIMINAR
OE2069,20454073143,LA POSITIVA VIDA SEGUROS Y REASEGUROS S.A.,2016,EMPRESAS EMISORAS,SEGUROS,,Anual Individual,Anual,Soles,M todo Directo,3411784,3011179,400605,327354,28228,164523,0,164523,3E0301,3E0405,False,PRELIMINAR
OE5446,20506035121,LA TINKA S.A. (ANTES INTRALOT DE PERU S.A.),2016,EMPRESAS EMISORAS,DIVERSOS,,Anual Individual,Anual,Soles,M todo Indirecto,168548,49078,119470,496494,-5473,35714,-10643,25071,3D01ST,3D0206,True,PRELIMINAR
CI0011,20100095450,LAIVE S.A.,2016,EMPRESAS EMISORAS,INDUSTRIALES,,Anual Individual,Anual,Soles,M todo Directo,390540,204619,185921,526124,9676,23975,-10982,12993,3D01ST,3D0206,True,PRELIMINAR
B80031,20100093759,LATINA HOLDING S.A.,2016,EMPRESAS EMISORAS,DIVERSOS,,Anual Individual,Anual,Soles,M todo Directo,37124,14938,22186,42191,3560,-10066,0,-10066,3D01ST,3D0206,False,PRELIMINAR
OE4447,20524981981,LEASING PERU S.A. (EN LIQUIDACION),2016,EMPRESAS EMISORAS,DIVERSOS,,Anual Individual,Anual,Soles,M todo Indirecto,173008,136456,36552,16610,-14499,152574,0,152574,3F0501,3F0625,False,PRELIMINAR
006166,20100190797,LECHE GLORIA S.A.,2016,EMPRESAS EMISORAS,INDUSTRIALES,,Anual Individual,Anual,Soles,M todo Directo,3127041,1530479,1596562,3534533,216058,372831,-147860,224971,3D01ST,3D0206,False,PRELIMINAR
B30099,20100182778,LIMA CAUCHO S.A. EN LIQUIDACION,2016,EMPRESAS EMISORAS,INDUSTRIALES,,Anual Individual,Anual,Soles,M todo Directo,463368,162705,300663,83979,3423,-11328,-1503,-12831,3D01ST,3D0206,False,PRELIMINAR
J00121,20100007348,LIMA GAS S.A.,2016,EMPRESAS EMISORAS,DIVERSOS,,Anual Individual,Anual,Soles,M todo Directo,286699,93847,192852,331734,8268,6240,-13955,-7715,3D01ST,3D0206,False,PRELIMINAR
B70032,20301837896,LOS PORTALES S.A.,2016,EMPRESAS EMISORAS,DIVERSOS,,Anual Individual,Anual,Soles,M todo Indirecto,1579376,1151888,427488,755685,71097,46020,-19208,26812,3D01ST,3D0206,True,PRELIMINAR
B40008,20331898008,LUZ DEL SUR S.A.A.,2016,EMPRESAS EMISORAS,SERVICIOS PUBLICOS,,Anual Individual,Anual,Soles,M todo Directo,5243755,2813259,2430496,3134378,397108,502256,-382341,119915,3D01ST,3D0206,True,PRELIMINAR
B30134,20100074371,MANUFACTURA DE METALES Y ALUMINIO RECORD S.A. EN LIQUIDACION,2016,EMPRESAS EMISORAS,INDUSTRIALES,,Anual Individual,Anual,Soles,M todo Directo,176999,55096,121903,80222,1542,2683,-219,2464,3D01ST,3D0206,True,PRELIMINAR
CS0004,20418896915,MAPFRE PERU COMPAÑIA DE SEGUROS Y REASEGUROS,2016,EMPRESAS EMISORAS,SEGUROS,,Anual Individual,Anual,Soles,M todo Indirecto,1196222,1016793,179429,437868,64116,60504,-7647,52857,3E0301,3E0405,False,PRELIMINAR
B80122,20202380621,MAPFRE PERU COMPAÑIA DE SEGUROS Y REASEGUROS (SOCIEDAD ABSORBIDA),2016,EMPRESAS EMISORAS,SEGUROS,,Anual Individual,Anual,Soles,M todo Indirecto,1667475,1338724,328751,1115844,60304,9879,-12114,-2235,3E0301,3E0405,False,PRELIMINAR
CB0001,20382036655,MIBANCO BANCO DE LA MICROEMPRESA S.A.,2016,EMPRESAS EMISORAS,BANCOS,,Anual Individual,Anual,Soles,M todo Directo,11215440,9702586,1512854,2099772,312596,561535,-29772,531763,3F0501,3F0625,True,PRELIMINAR
TI0003,20100192650,MICHELL Y CIA. S.A.,2016,EMPRESAS EMISORAS,INDUSTRIALES,,Anual Individual,Anual,Soles,M todo Directo,344236,101142,243094,324046,29431,18905,-10391,8514,3D01ST,3D0206,False,PRELIMINAR
CM0002,20338426781,MINERA ANDINA DE EXPLORACIONES S.A.A.,2016,EMPRESAS EMISORAS,MINERAS,,Anual Individual,Anual,Soles,M todo Directo,5515,2335,3180,6875,2396,-908,0,-908,3D01ST,3D0206,True,PRELIMINAR
A20032,20100136741,MINSUR S.A.,2016,EMPRESAS EMISORAS,MINERAS,,Anual Individual,Anual,D lares,M todo Directo,1795896,600149,1195747,489650,87849,167708,-36434,131274,3D01ST,3D0206,False,PRELIMINAR
BF0001,20375361991,MITSUI AUTO FINANCE PERU S.A.,2016,EMPRESAS EMISORAS,FINANCIERAS,,Anual Individual,Anual,Soles,M todo Indirecto,617449,429665,187784,106924,28285,49192,-770,48422,3F0501,3F0625,False,PRELIMINAR
TI0001,20417926632,MOTORES DIESEL ANDINOS S.A.,2016,EMPRESAS EMISORAS,INDUSTRIALES,,Anual Individual,Anual,Soles,M todo Directo,565619,247540,318079,307908,15899,42805,-20563,22242,3D01ST,3D0206,True,PRELIMINAR
B80136,20100007852,NEGOCIOS E INMUEBLES S.A.,2016,EMPRESAS EMISORAS,DIVERSOS,,Anual Individual,Anual,Soles,M todo Directo,481471,72326,409145,12104,29779,14585,-79,14506,3D01ST,3D0206,False,PRELIMINAR
J40451,20505670443,NESSUS HOTELES PERU S.A.,2016,EMPRESAS EMISORAS,DIVERSOS,,Anual Individual,Anual,Soles,M todo Directo,231590,132752,98838,148901,6771,31484,-34292,-2808,3D01ST,3D0206,False,PRELIMINAR
CM0007,20100123500,NEXA RESOURCES ATACOCHA S.A.A.,2016,EMPRESAS EMISORAS,MINERAS,,Anual Individual,Anual,D lares,M todo Directo,130850,72040,58810,96940,544,26462,-5035,21427,3D01ST,3D0206,False,PRELIMINAR
B20010,20100110513,NEXA RESOURCES PERU S.A.A.,2016,EMPRESAS EMISORAS,MINERAS,,Anual Individual,Anual,Soles,M todo Directo,1231071,495414,735657,481906,113146,138701,-15618,123083,3D01ST,3D0206,False,PRELIMINAR
L00179,20501439020,OBRAS DE INGENIERIA S.A.C.,2016,EMPRESAS EMISORAS,DIVERSOS,,Anual Individual,Anual,Soles,M todo Indirecto,739930,607150,132780,488957,14085,10917,-29732,-18815,3D01ST,3D0206,True,PRELIMINAR
023154,20338646802,ORAZUL ENERGY EGENOR SOCIEDAD EN COMANDITA POR ACCIONES,2016,EMPRESAS EMISORAS,SERVICIOS PUBLICOS,,Anual Individual,Anual,Soles,M todo Directo,1080800,470600,610200,427240,108695,146251,-15048,131203,3D01ST,3D0206,False,PRELIMINAR
B40009,20330791412,ORYGEN PERU S.A.A.,2016,EMPRESAS EMISORAS,SERVICIOS PUBLICOS,,Anual Individual,Anual,Soles,M todo Directo,4141225,1534409,2606816,1785527,213527,711202,-118082,593120,3D01ST,3D0206,True,PRELIMINAR
B60055,20332970411,PACIFICO COMPAÑIA DE SEGUROS Y REASEGUROS,2016,EMPRESAS EMISORAS,SEGUROS,,Anual Individual,Anual,Soles,M todo Directo,6811975,5873405,938570,936192,194865,564368,-94770,469598,3E0301,3E0405,True,PRELIMINAR
B50003,20118206208,PERU HOLDING DE TURISMO S.A.A.,2016,EMPRESAS EMISORAS,DIVERSOS,,Anual Individual,Anual,Soles,M todo Indirecto,304376,6096,298280,0,-22753,-2200,0,-2200,3D01ST,3D0206,False,PRELIMINAR
OE4139,20506342563,PERU LNG S.R.L.,2016,EMPRESAS EMISORAS,DIVERSOS,,Anual Individual,Anual,D lares,M todo Directo,2995825,1624207,1371618,500962,-41521,194147,-3084,191063,3D01ST,3D0206,False,PRELIMINAR
002927,20338352728,PERUANA DE ENERGIA S.A.A.,2016,EMPRESAS EMISORAS,SERVICIOS PUBLICOS,,Anual Individual,Anual,Soles,M todo Directo,105355,33320,72035,12393,8176,9984,0,9984,3D01ST,3D0206,True,PRELIMINAR
OE4680,20251995967,PERUANA DE MOLDEADOS S.A. - PAMOLSA,2016,EMPRESAS EMISORAS,INDUSTRIALES,,Anual Individual,Anual,Soles,M todo Indirecto,387244,203882,183362,362617,55085,24818,-27181,-2363,3D01ST,3D0206,True,PRELIMINAR
B20023,20100136237,PERUBAR S.A.,2016,EMPRESAS EMISORAS,MINERAS,,Anual Individual,Anual,D lares,M todo Directo,102206,32938,69268,19299,-224,4679,-2694,1985,3D01ST,3D0206,False,PRELIMINAR
CI0012,20380336384,PESQUERA EXALMAR S.A.A.,2016,EMPRESAS EMISORAS,INDUSTRIALES,,Anual Individual,Anual,D lares,M todo Directo,573139,367464,205675,136131,-22342,-16713,-12876,-29589,3D01ST,3D0206,False,PRELIMINAR
J00171,20100128218,PETROLEOS DEL PERU - PETROPERU S.A.,2016,EMPRESAS EMISORAS,INDUSTRIALES,,Anual Individual,Anual,Soles,M todo Directo,14033899,10284392,3749507,11443006,177491,500917,-2957516,-2456599,3D01ST,3D0206,True,PRELIMINAR
OE2008,20510889135,PLUSPETROL CAMISEA S.A.,2016,EMPRESAS EMISORAS,DIVERSOS,,Anual Individual,Anual,D lares,M todo Indirecto,458508,270080,188428,314638,80100,120854,-6969,113885,3D01ST,3D0206,False,PRELIMINAR
B40010,20269985900,PLUZ ENERGIA PERU S.A.A.,2016,EMPRESAS EMISORAS,SERVICIOS PUBLICOS,,Anual Individual,Anual,Soles,M todo Indirecto,4154102,2475934,1678168,2900723,308805,528393,-393855,134538,3D01ST,3D0206,False,PRELIMINAR
OE1928,20510398158,PRIMA AFP S.A.,2016,EMPRESAS EMISORAS,A.F.P.,,Anual Individual,Anual,Soles,M todo Directo,865810,273965,591845,407153,148676,183993,-7681,176312,3A01ST,3A0206,False,PRELIMINAR
AFP004,20142829551,PROFUTURO AFP,2016,EMPRESAS EMISORAS,A.F.P.,,Anual Individual,Anual,Soles,M todo Directo,1120610,172842,947768,338439,143558,155666,-8774,146892,3A01ST,3A0206,False,PRELIMINAR
OE3191,20517207331,PROTECTA S.A. COMPAÑIA DE SEGUROS Y REASEGUROS,2016,EMPRESAS EMISORAS,SEGUROS,,Anual Individual,Anual,Soles,M todo Indirecto,723525,633568,89957,16275,4839,107986,-815,107171,3E0301,3E0405,True,PRELIMINAR
J40371,20553157014,QUALITAS COMPAÑIA DE SEGUROS S.A.,2016,EMPRESAS EMISORAS,SEGUROS,,Anual Individual,Anual,Soles,M todo Directo,39061,27771,11290,17674,420,1095,-30,1065,3E0301,3E0405,True,PRELIMINAR
B20042,20330791501,QUIMPAC S.A.,2016,EMPRESAS EMISORAS,INDUSTRIALES,,Anual Individual,Anual,D lares,M todo Directo,643243,316182,327061,188967,19377,34455,-21041,13414,3D01ST,3D0206,True,PRELIMINAR
B30084,20100026997,RAYON INDUSTRIAL S.A. EN LIQUIDACION,2016,EMPRESAS EMISORAS,INDUSTRIALES,,Anual Individual,Anual,Soles,M todo Directo,583,6,577,0,-11,-3,0,-3,3D01ST,3D0206,False,PRELIMINAR
B90002,20100298725,RED BICOLOR DE COMUNICACIONES S.A.A. - RBC TV S.A.A.,2016,EMPRESAS EMISORAS,DIVERSOS,,Anual Individual,Anual,Soles,M todo Directo,9805,4884,4921,2736,-1604,-576,-8,-584,3D01ST,3D0206,True,PRELIMINAR
SP0008,20504645046,RED DE ENERGIA DEL PERU S.A.,2016,EMPRESAS EMISORAS,SERVICIOS PUBLICOS,,Anual Individual,Anual,D lares,M todo Directo,526714,326995,199719,138245,30035,54624,-1229,53395,3D01ST,3D0206,False,PRELIMINAR
OE3927,20505377142,RED VIAL 5 S.A.,2016,EMPRESAS EMISORAS,DIVERSOS,,Anual Individual,Anual,Soles,M todo Indirecto,575288,389383,185905,216258,47320,-42051,0,-42051,3D01ST,3D0206,False,PRELIMINAR
002766,20259829594,REFINERIA LA PAMPILLA S.A.A.,2016,EMPRESAS EMISORAS,INDUSTRIALES,,Anual Individual,Anual,D lares,M todo Directo,1555087,1021122,533965,2549556,44519,123305,-179558,-56253,3D01ST,3D0206,True,PRELIMINAR
J40285,20552322704,RIGEL PERU S.A. COMPAÑIA DE SEGUROS DE VIDA - EN LIQUIDACION,2016,EMPRESAS EMISORAS,SEGUROS,,Anual Individual,Anual,Soles,M todo Indirecto,28617,18260,10357,326,-2847,-8656,-3,-8659,3E0301,3E0405,False,PRELIMINAR
B80037,20100041953,RIMAC SEGUROS Y REASEGUROS,2016,EMPRESAS EMISORAS,SEGUROS,,Anual Individual,Anual,Soles,M todo Indirecto,11310214,9713220,1596994,3158109,213723,630329,-53473,576856,3E0301,3E0405,False,PRELIMINAR
014313,20100128056,SAGA FALABELLA S.A.,2016,EMPRESAS EMISORAS,DIVERSOS,,Anual Individual,Anual,Soles,M todo Directo,2002926,1269067,733859,2954400,172598,239029,-72370,166659,3D01ST,3D0206,True,PRELIMINAR
B80134,20255993225,SANTANDER CONSUMER BANK S.A.,2016,EMPRESAS EMISORAS,BANCOS,,Anual Individual,Anual,Soles,M todo Indirecto,4097630,3416460,681170,1118822,161990,150429,-5515,144914,3F0501,3F0625,False,PRELIMINAR
B80012,20100043140,SCOTIABANK PERU S.A.A.,2016,EMPRESAS EMISORAS,BANCOS,,Anual Individual,Anual,Soles,M todo Indirecto,55451689,48203596,7248093,3366658,1168387,-1411423,-41510,-1452933,3F0501,3F0625,True,PRELIMINAR
CS0005,20463627488,SEGUROS SURA,2016,EMPRESAS EMISORAS,SEGUROS,,Anual Individual,Anual,Soles,M todo Indirecto,4957014,4492098,464916,84312,48525,162372,-1393,160979,3E0301,3E0405,False,PRELIMINAR
SP0012,20100152356,SERVICIO DE AGUA POTABLE Y ALCANTARILLADO - SEDAPAL,2016,EMPRESAS EMISORAS,SERVICIOS PUBLICOS,,Anual Individual,Anual,Soles,M todo Directo,10106992,6209040,3897952,1737446,24032,418749,-383344,35405,3D01ST,3D0206,True,PRELIMINAR
L00873,20518726146,SERVICIOS GENERALES SATURNO S.A.,2016,EMPRESAS EMISORAS,DIVERSOS,,Anual Individual,Anual,D lares,M todo Directo,26349,19472,6877,23975,-162,6702,-791,5911,3D01ST,3D0206,False,PRELIMINAR
SP0002,20325493811,SHOUGANG GENERACION ELECTRICA S.A.A.,2016,EMPRESAS EMISORAS,SERVICIOS PUBLICOS,,Anual Individual,Anual,Soles,M todo Directo,200579,85152,115427,93125,13938,5879,-2454,3425,3D01ST,3D0206,False,PRELIMINAR
CM0004,20100142989,SHOUGANG HIERRO PERU S.A.A.,2016,EMPRESAS EMISORAS,MINERAS,,Anual Individual,Anual,Soles,M todo Indirecto,4028554,3307966,720588,1234833,208036,553280,-289072,264208,3D01ST,3D0206,False,PRELIMINAR
SP0010,20100188628,SOCIEDAD ELECTRICA DEL SUR OESTE S.A. - SEAL,2016,EMPRESAS EMISORAS,SERVICIOS PUBLICOS,,Anual Individual,Anual,Soles,M todo Directo,619717,234251,385466,496298,51516,68686,-29619,39067,3D01ST,3D0206,False,PRELIMINAR
B30143,20100113539,SOCIEDAD INDUSTRIAL DE ARTICULOS DE METAL S.A.C. - SIAM EN LIQUIDACION,2016,EMPRESAS EMISORAS,INDUSTRIALES,,Anual Individual,Anual,Soles,M todo Directo,8980,3270,5710,8471,-943,34,-7,27,3D01ST,3D0206,False,PRELIMINAR
CM0006,20170072465,SOCIEDAD MINERA CERRO VERDE S.A.A.,2016,EMPRESAS EMISORAS,MINERAS,,Anual Individual,Anual,D lares,M todo Indirecto,7635623,2796342,4839281,2384154,340907,945972,-421610,524362,3D01ST,3D0206,False,PRELIMINAR
002597,20217427593,SOCIEDAD MINERA CORONA S.A.,2016,EMPRESAS EMISORAS,MINERAS,,Anual Individual,Anual,D lares,M todo Indirecto,128769,62254,66515,97290,17234,25124,-8596,16528,3D01ST,3D0206,False,PRELIMINAR
B20026,20100017572,SOCIEDAD MINERA EL BROCAL S.A.A.,2016,EMPRESAS EMISORAS,MINERAS,,Anual Individual,Anual,Soles,M todo Directo,763081,352913,410168,230611,-32782,-9151,-24688,-33839,3D01ST,3D0206,False,PRELIMINAR
B80013,20100161771,SOLUCION EMPRESA ADMINISTRADORA HIPOTECARIA S.A.,2016,EMPRESAS EMISORAS,DIVERSOS,,Anual Individual,Anual,Soles,M todo Directo,298485,213050,85435,26227,8596,94951,0,94951,3F0501,3F0625,False,PRELIMINAR
B20027,20100147514,"SOUTHERN PERU COPPER CORPORATION, SUCURSAL DEL PERU",2016,EMPRESAS EMISORAS,MINERAS,,Anual Individual,Anual,D lares,M todo Directo,5046522,687771,4358751,1794384,272180,332516,-519273,-186757,3D01ST,3D0206,False,PRELIMINAR
000432,20100070970,SUPERMERCADOS PERUANOS S.A.,2016,EMPRESAS EMISORAS,DIVERSOS,,Anual Individual,Anual,Soles,M todo Directo,2914995,1910934,1004061,4240983,70753,332776,-289307,43469,3D01ST,3D0206,True,PRELIMINAR
L00443,20518630891,TERMOCHILCA SAC,2016,EMPRESAS EMISORAS,SERVICIOS PUBLICOS,,Anual Individual,Anual,D lares,M todo Directo,245967,135585,110382,93624,5188,12899,-19201,-6302,3D01ST,3D0206,False,PRELIMINAR
CF0001,20377892918,TOTAL SERVICIOS FINANCIEROS EMPRESA DE CREDITOS,2016,EMPRESAS EMISORAS,FINANCIERAS,,Anual Individual,Anual,Soles,M todo Directo,236338,184002,52336,22414,5468,13801,-7289,6512,3F0501,3F0625,False,PRELIMINAR
OE2487,20100087198,TRADI S.A.,2016,EMPRESAS EMISORAS,DIVERSOS,,Anual Individual,Anual,Soles,M todo Directo,542933,220215,322718,465053,26632,73515,-4354,69161,3D01ST,3D0206,True,PRELIMINAR
CD0009,20468451451,TRANSACCIONES FINANCIERAS S.A.,2016,EMPRESAS EMISORAS,DIVERSOS,,Anual Individual,Anual,Soles,M todo Indirecto,67619923,320687,67299236,0,8934092,-409369,0,-409369,3D01ST,3D0206,True,PRELIMINAR
CI0009,20499432021,TRANSPORTADORA DE GAS DEL PERU S.A.,2016,EMPRESAS EMISORAS,SERVICIOS PUBLICOS,,Anual Individual,Anual,D lares,M todo Directo,1665316,1231136,434180,623524,184220,236340,-121005,115335,3D01ST,3D0206,True,PRELIMINAR
B30121,20100137390,UNACEM CORP SOCIEDAD ANONIMA ABIERTA - UNACEM CORP S.A.A.,2016,EMPRESAS EMISORAS,DIVERSOS,,Anual Individual,Anual,Soles,M todo Directo,8581248,4685095,3896153,1865100,312228,442364,-147517,294847,3D01ST,3D0206,False,PRELIMINAR
B30021,20100113610,UNION DE CERVECERIAS PERUANAS BACKUS Y JOHNSTON S.A.A.,2016,EMPRESAS EMISORAS,INDUSTRIALES,,Anual Individual,Anual,Soles,M todo Indirecto,3839890,2042556,1797334,4065717,747935,1303948,-237984,1065964,3D01ST,3D0206,False,PRELIMINAR
OE5376,20554477721,VIVIR SEGUROS COMPAÑIA DE SEGUROS DE VIDA S.A.,2016,EMPRESAS EMISORAS,SEGUROS,,Anual Individual,Anual,Soles,M todo Indirecto,295820,237062,58758,135049,7495,-9594,-15,-9609,3E0301,3E0405,False,PRELIMINAR
CM0001,20383045267,VOLCAN COMPAÑIA MINERA S.A.A.,2016,EMPRESAS EMISORAS,MINERAS,,Anual Individual,Anual,D lares,M todo Directo,2831226,1581831,1249395,446746,115964,176007,-28183,147824,3D01ST,3D0206,True,PRELIMINAR
023490,20312372895,YURA S.A.,2016,EMPRESAS EMISORAS,INDUSTRIALES,,Anual Individual,Anual,Soles,M todo Directo,3227150,1767980,1459170,1001433,198819,403082,-55864,347218,3D01ST,3D0206,False,PRELIMINAR
020045,20260172035,ACTIVO INMOBILIARIO PERUANO S.A.A. (ANTES FALABELLA PERU S.A.A.),2017,EMPRESAS EMISORAS,DIVERSOS,,Anual Individual,Anual,Soles,M todo Directo,7496747,1620798,5875949,0,440400,245291,0,245291,3D01ST,3D0206,False,PRELIMINAR
B80018,20100047307,ADMINISTRADORA DEL COMERCIO S.A. EN LIQUIDACION,2017,EMPRESAS EMISORAS,DIVERSOS,,Anual Individual,Anual,Soles,M todo Directo,70703,33027,37676,5750,1609,10094,-65,10029,3D01ST,3D0206,False,PRELIMINAR
003277,20306841506,ADMINISTRADORA JOCKEY PLAZA SHOPPING CENTER S.A.,2017,EMPRESAS EMISORAS,DIVERSOS,,Anual Individual,Anual,Soles,M todo Directo,1748441,908092,840349,318376,88991,89346,-25000,64346,3D01ST,3D0206,True,PRELIMINAR
023106,20332600592,AENZA S.A.A.,2017,EMPRESAS EMISORAS,DIVERSOS,,Anual Individual,Anual,Soles,M todo Indirecto,2834546,697228,2137318,72980,143640,-188336,-1365,-189701,3D01ST,3D0206,True,PRELIMINAR
OE4132,20551464971,AFP HABITAT S.A.,2017,EMPRESAS EMISORAS,A.F.P.,,Anual Individual,Anual,Soles,M todo Directo,74210,20403,53807,79227,10298,17045,-982,16063,3A01ST,3A0206,False,PRELIMINAR
AFP002,20157036794,AFP INTEGRA,2017,EMPRESAS EMISORAS,A.F.P.,,Anual Individual,Anual,Soles,M todo Directo,1456226,250765,1205461,428984,157817,188899,-6391,182508,3A01ST,3A0206,False,PRELIMINAR
B11073,20164042686,AGRICOLA CAYALTI SOCIEDAD ANONIMA ABIERTA,2017,EMPRESAS EMISORAS,AGRICOLAS,,Anual Individual,Anual,Soles,M todo Directo,395909,125712,270197,25584,-4518,-4484,-5230,-9714,3D01ST,3D0206,False,PRELIMINAR
B11067,20135948641,AGRO INDUSTRIAL PARAMONGA S.A.,2017,EMPRESAS EMISORAS,AGRICOLAS,,Anual Individual,Anual,Soles,M todo Directo,796056,263714,532342,255503,34674,84087,-16968,67119,3D01ST,3D0206,True,PRELIMINAR
B08363,20132377783,AGROINDUSTRIAL LAREDO S.A.A.,2017,EMPRESAS EMISORAS,AGRICOLAS,,Anual Individual,Anual,Soles,M todo Directo,800342,264386,535956,295669,17098,39055,-16907,22148,3D01ST,3D0206,False,PRELIMINAR
OE4115,20104420282,AGROINDUSTRIAS AIB S.A.,2017,EMPRESAS EMISORAS,INDUSTRIALES,,Anual Individual,Anual,Soles,M todo Directo,358721,142778,215943,171839,3992,3555,-12524,-8969,3D01ST,3D0206,True,PRELIMINAR
B11068,20116225779,AGROINDUSTRIAS SAN JACINTO S.A.A.,2017,EMPRESAS EMISORAS,AGRICOLAS,,Anual Individual,Anual,Soles,M todo Directo,515399,166739,348660,189459,3546,28941,-12060,16881,3D01ST,3D0206,True,PRELIMINAR
OE4977,20546844791,AGROKASA HOLDINGS S.A.,2017,EMPRESAS EMISORAS,DIVERSOS,,Anual Individual,Anual,D lares,M todo Directo,137784,345,137439,3942,3914,3917,0,3917,3D01ST,3D0206,False,PRELIMINAR
OE3203,20517476405,ALFIN BANCO S.A.,2017,EMPRESAS EMISORAS,BANCOS,,Anual Individual,Anual,Soles,M todo Indirecto,534376,394835,139541,282604,2701,-126065,-19479,-145544,3F0501,3F0625,False,PRELIMINAR
B30006,20100055237,ALICORP S.A.A.,2017,EMPRESAS EMISORAS,INDUSTRIALES,,Anual Individual,Anual,Soles,M todo Directo,6162446,3278760,2883686,4230270,453095,498183,-39748,458435,3D01ST,3D0206,False,PRELIMINAR
B60053,20265391886,AMERIKA FINANCIERA S.A. EN LIQUIDACION,2017,EMPRESAS EMISORAS,FINANCIERAS,,Anual Individual,Anual,Soles,M todo Directo,20241,4285,15956,438,115,-4137,0,-4137,3F0501,3F0625,False,PRELIMINAR
J40120,20511230188,ANDINO INVESTMENT HOLDING S.A.A.,2017,EMPRESAS EMISORAS,DIVERSOS,,Anual Individual,Anual,Soles,M todo Indirecto,557416,432844,124572,4525,-52141,-34526,-3,-34529,3D01ST,3D0206,True,PRELIMINAR
J40450,20554816526,AUGUSTAR SEGUROS Y REASEGUROS S.A. (ANTES OHIO NATIONAL SEGUROS DE VIDA Y REASEGUROS S.A.),2017,EMPRESAS EMISORAS,SEGUROS,,Anual Individual,Anual,Soles,M todo Indirecto,275655,164270,111385,145181,21022,39745,-156,39589,3E0301,3E0405,True,PRELIMINAR
CI0006,20338054115,AUSTRAL GROUP S.A.A.,2017,EMPRESAS EMISORAS,INDUSTRIALES,,Anual Individual,Anual,Soles,M todo Directo,989352,509898,479454,469197,-21142,115177,-45404,69773,3D01ST,3D0206,False,PRELIMINAR
J40809,20600825187,AVLA PERU COMPAÑIA DE SEGUROS S.A.,2017,EMPRESAS EMISORAS,SEGUROS,,Anual Individual,Anual,Soles,M todo Indirecto,68270,45965,22305,35407,8218,12850,-516,12334,3E0301,3E0405,False,PRELIMINAR
J40847,20562964682,AZZARO TRADING S.A.,2017,EMPRESAS EMISORAS,DIVERSOS,,Anual Individual,Anual,Soles,M todo Indirecto,69630,24016,45614,3574,-1177,-1706,0,-1706,3D01ST,3D0206,False,PRELIMINAR
B80004,20100130204,BANCO BBVA PERU,2017,EMPRESAS EMISORAS,BANCOS,,Anual Individual,Anual,Soles,M todo Indirecto,76590967,68931289,7659678,4379975,1387093,388574,-247518,141056,3F0501,3F0625,True,PRELIMINAR
CF0004,20509507199,BANCO DE COMERCIO,2017,EMPRESAS EMISORAS,BANCOS,,Anual Individual,Anual,Soles,M todo Directo,1963577,1691606,271971,213376,34343,37050,-7391,29659,3F0501,3F0625,True,PRELIMINAR
B80005,20100047218,BANCO DE CREDITO DEL PERU,2017,EMPRESAS EMISORAS,BANCOS,,Anual Individual,Anual,Soles,M todo Indirecto,129217999,114040390,15177609,7524718,2988090,8057395,-293355,7764040,3F0501,3F0625,True,PRELIMINAR
J00122,20100030595,BANCO DE LA NACION,2017,EMPRESAS EMISORAS,BANCOS,,Anual Individual,Anual,Soles,M todo Indirecto,30246383,27784143,2462240,1530360,738534,1833226,-46765,1786461,3F0501,3F0625,True,PRELIMINAR
OE2254,20441805960,BANCO EFECTIVA S.A. (ANTES FINANCIERA EFECTIVA S.A.),2017,EMPRESAS EMISORAS,BANCOS,,Anual Individual,Anual,Soles,M todo Indirecto,606692,443280,163412,259043,20398,-23947,-4006,-27953,3F0501,3F0625,True,PRELIMINAR
B80144,20330401991,BANCO FALABELLA PERU S.A.,2017,EMPRESAS EMISORAS,BANCOS,,Anual Individual,Anual,Soles,M todo Indirecto,4533596,3804013,729583,1091495,72254,-33613,-65609,-99222,3F0501,3F0625,False,PRELIMINAR
OE2271,20513074370,BANCO GNB PERU S.A.,2017,EMPRESAS EMISORAS,BANCOS,,Anual Individual,Anual,Soles,M todo Indirecto,5532629,4848413,684216,388882,40952,14240,-7317,6923,3F0501,3F0625,False,PRELIMINAR
B80123,20101036813,BANCO INTERAMERICANO DE FINANZAS,2017,EMPRESAS EMISORAS,BANCOS,,Anual Individual,Anual,Soles,M todo Indirecto,13034169,12064617,969552,798093,90895,-114342,-34321,-148663,3F0501,3F0625,False,PRELIMINAR
B80020,20100053455,BANCO INTERNACIONAL DEL PERU S.A.A. - INTERBANK,2017,EMPRESAS EMISORAS,BANCOS,,Anual Individual,Anual,Soles,M todo Indirecto,45322203,40565198,4757005,3369385,902000,3357536,-228842,3128694,3F0501,3F0625,False,PRELIMINAR
B80009,20100105862,BANCO PICHINCHA,2017,EMPRESAS EMISORAS,BANCOS,,Anual Individual,Anual,Soles,M todo Indirecto,8582240,7817244,764996,835968,20568,-667106,-14919,-682025,3F0501,3F0625,False,PRELIMINAR
B80141,20259702411,BANCO RIPLEY PERU S.A.,2017,EMPRESAS EMISORAS,BANCOS,,Anual Individual,Anual,Soles,M todo Indirecto,2330017,1904180,425837,658744,70589,-19957,-13702,-33659,3F0501,3F0625,False,PRELIMINAR
OE3056,20516711559,BANCO SANTANDER PERU S.A.,2017,EMPRESAS EMISORAS,BANCOS,,Anual Individual,Anual,Soles,M todo Indirecto,5089658,4436226,653432,219030,74289,-230325,-13544,-243869,3F0501,3F0625,False,PRELIMINAR
B30079,20100096341,BAYER S.A.,2017,EMPRESAS EMISORAS,DIVERSOS,,Anual Individual,Anual,Soles,M todo Directo,418926,48563,370363,346640,45654,44108,-1512,42596,3D01ST,3D0206,False,PRELIMINAR
OE4837,20513328819,BNP PARIBAS CARDIF S.A. COMPAÑIA DE SEGUROS Y REASEGUROS,2017,EMPRESAS EMISORAS,SEGUROS,,Anual Individual,Anual,Soles,M todo Indirecto,242970,137489,105481,227472,-14531,-11578,-161,-11739,3E0301,3E0405,False,PRELIMINAR
J00124,20100209641,CAJA MUNICIPAL DE AHORRO Y CREDITO DE AREQUIPA S.A.,2017,EMPRESAS EMISORAS,FINANCIERAS,,Anual Individual,Anual,Soles,M todo Indirecto,5059358,4442360,616998,845300,106134,-41377,-39836,-81213,3F0501,3F0625,False,PRELIMINAR
J40137,20130200789,CAJA MUNICIPAL DE AHORRO Y CREDITO DE HUANCAYO S.A.,2017,EMPRESAS EMISORAS,FINANCIERAS,,Anual Individual,Anual,Soles,M todo Indirecto,3524695,3056710,467985,608542,90038,36445,-19708,16737,3F0501,3F0625,False,PRELIMINAR
J00218,20102881347,CAJA MUNICIPAL DE AHORRO Y CREDITO DE SULLANA S.A.,2017,EMPRESAS EMISORAS,FINANCIERAS,,Anual Individual,Anual,Soles,M todo Indirecto,3407056,3082288,324768,556686,21304,45508,-19269,26239,3F0501,3F0625,False,PRELIMINAR
J40630,20322445564,CAJA RURAL DE AHORRO Y CREDITO LOS ANDES S.A.,2017,EMPRESAS EMISORAS,FINANCIERAS,,Anual Individual,Anual,Soles,M todo Indirecto,452232,390774,61458,89276,5328,-142443,-10917,-153360,3F0501,3F0625,False,PRELIMINAR
B11082,20131867744,CARTAVIO SOCIEDAD ANONIMA ABIERTA,2017,EMPRESAS EMISORAS,AGRICOLAS,,Anual Individual,Anual,Soles,M todo Directo,718702,188872,529830,271289,9935,-5703,-21218,-26921,3D01ST,3D0206,True,PRELIMINAR
B08361,20131823020,CASA GRANDE SOCIEDAD ANONIMA ABIERTA,2017,EMPRESAS EMISORAS,AGRICOLAS,,Anual Individual,Anual,Soles,M todo Directo,1709625,342833,1366792,383729,3155,65219,-49414,15805,3D01ST,3D0206,True,PRELIMINAR
CD0005,20419387658,CEMENTOS PACASMAYO S.A.A.,2017,EMPRESAS EMISORAS,INDUSTRIALES,,Anual Individual,Anual,Soles,M todo Indirecto,2751067,1244507,1506560,816019,93782,183049,-34444,148605,3D01ST,3D0206,False,PRELIMINAR
019094,20129854953,CENTRAL AZUCARERA CHUCARAPI-PAMPA BLANCA S.A.,2017,EMPRESAS EMISORAS,AGRICOLAS,,Anual Individual,Anual,Soles,M todo Directo,103369,40895,62474,7906,-3396,-314,-741,-1055,3D01ST,3D0206,False,PRELIMINAR
B30023,20128915711,CERVECERIA SAN JUAN S.A.,2017,EMPRESAS EMISORAS,INDUSTRIALES,,Anual Individual,Anual,Soles,M todo Indirecto,556512,372390,184122,700634,173058,283558,-14832,268726,3D01ST,3D0206,False,PRELIMINAR
CS0007,20109068498,CESCE PERU S.A. COMPAÑIA DE SEGUROS,2017,EMPRESAS EMISORAS,SEGUROS,,Anual Individual,Anual,Soles,M todo Directo,78079,43568,34511,43630,6031,13684,-98,13586,3E0301,3E0405,True,PRELIMINAR
CD0001,20390863871,CFI HOLDINGS S.A.,2017,EMPRESAS EMISORAS,DIVERSOS,,Anual Individual,Anual,D lares,M todo Directo,129371,18258,111113,0,3320,4206,-396,3810,3D01ST,3D0206,False,PRELIMINAR
CS0003,20390625007,CHUBB PERU S.A. COMPAÑIA DE SEGUROS Y REASEGUROS,2017,EMPRESAS EMISORAS,SEGUROS,,Anual Individual,Anual,Soles,M todo Directo,447367,381947,65420,256099,583,-5337,-438,-5775,3E0301,3E0405,False,PRELIMINAR
CB0002,20100116635,CITIBANK DEL PERU S.A.,2017,EMPRESAS EMISORAS,BANCOS,,Anual Individual,Anual,Soles,M todo Indirecto,6540972,5233539,1307433,168320,159604,-1062441,-5709,-1068150,3F0501,3F0625,True,PRELIMINAR
J40815,20600524233,COFACE SEGURO DE CREDITO PERU S.A. EN LIQUIDACION,2017,EMPRESAS EMISORAS,SEGUROS,,Anual Individual,Anual,Soles,M todo Directo,19123,10268,8855,5882,-2900,-361,-8,-369,3E0301,3E0405,True,PRELIMINAR
OE5506,20510713363,COLEGIOS PERUANOS S.A.,2017,EMPRESAS EMISORAS,DIVERSOS,,Anual Individual,Anual,Soles,M todo Directo,717912,364615,353297,167148,-11304,14101,-134323,-120222,3D01ST,3D0206,False,PRELIMINAR
OE4908,20100020361,COMERCIAL DEL ACERO S.A.C.,2017,EMPRESAS EMISORAS,DIVERSOS,,Anual Individual,Anual,Soles,M todo Indirecto,359111,153508,205603,423812,33719,15924,-11910,4014,3D01ST,3D0206,False,PRELIMINAR
B20003,20100079501,COMPAÑIA DE MINAS BUENAVENTURA S.A.A.,2017,EMPRESAS EMISORAS,MINERAS,,Anual Individual,Anual,D lares,M todo Directo,3426989,578952,2848037,762431,60823,14871,-178288,-163417,3D01ST,3D0206,False,PRELIMINAR
B30098,20100012856,COMPAÑIA GOODYEAR DEL PERU S.A.,2017,EMPRESAS EMISORAS,INDUSTRIALES,,Anual Individual,Anual,Soles,M todo Directo,602995,96034,506961,384361,23206,-11310,-13666,-24976,3D01ST,3D0206,False,PRELIMINAR
B20041,20137025354,COMPAÑIA MINERA PODEROSA S.A.A.,2017,EMPRESAS EMISORAS,MINERAS,,Anual Individual,Anual,Soles,M todo Indirecto,984445,336950,647495,1028982,202477,369224,-91662,277562,3D01ST,3D0206,False,PRELIMINAR
B20013,20100177421,COMPAÑIA MINERA SAN IGNACIO DE MOROCOCHA S.A.A.,2017,EMPRESAS EMISORAS,MINERAS,,Anual Individual,Anual,Soles,M todo Indirecto,414728,200844,213884,264901,77379,94783,-9725,85058,3D01ST,3D0206,True,PRELIMINAR
B20016,20100120314,COMPAÑIA MINERA SANTA LUISA S.A.,2017,EMPRESAS EMISORAS,MINERAS,,Anual Individual,Anual,Soles,M todo Directo,386397,157103,229294,301750,81798,75739,-16106,59633,3D01ST,3D0206,True,PRELIMINAR
CI0005,20100562848,COMPAÑIA UNIVERSAL TEXTIL S.A. EN LIQUIDACION,2017,EMPRESAS EMISORAS,INDUSTRIALES,,Anual Individual,Anual,Soles,M todo Directo,155348,60775,94573,67869,-27167,2300,-24,2276,3D01ST,3D0206,False,PRELIMINAR
OE4501,20369155360,COMPARTAMOS BANCO S.A.,2017,EMPRESAS EMISORAS,BANCOS,,Anual Individual,Anual,Soles,M todo Directo,1867853,1556902,310951,499910,28600,220623,-24077,196546,3F0501,3F0625,False,PRELIMINAR
OE3212,20509093521,CONCESIONARIA TRASVASE OLMOS S.A.,2017,EMPRESAS EMISORAS,DIVERSOS,,Anual Individual,Anual,D lares,M todo Indirecto,148788,134317,14471,14583,-2118,23891,-80,23811,3D01ST,3D0206,False,PRELIMINAR
CD0020,20141189850,CONECTA RETAIL S.A.,2017,EMPRESAS EMISORAS,DIVERSOS,,Anual Individual,Anual,Soles,M todo Directo,574010,352232,221778,919650,827,9894,-9293,601,3D01ST,3D0206,False,PRELIMINAR
OE3557,20518410858,CONSORCIO CEMENTERO DEL SUR S.A.,2017,EMPRESAS EMISORAS,DIVERSOS,,Anual Individual,Anual,Soles,M todo Directo,652477,50519,601958,0,164492,-3974,0,-3974,3D01ST,3D0206,False,PRELIMINAR
000683,20100195080,CONSORCIO INDUSTRIAL DE AREQUIPA SA,2017,EMPRESAS EMISORAS,INDUSTRIALES,,Anual Individual,Anual,Soles,M todo Directo,69331,14540,54791,60458,6554,7412,-298,7114,3D01ST,3D0206,False,PRELIMINAR
CD0013,20383316473,CONSORCIO TRANSMANTARO S.A.,2017,EMPRESAS EMISORAS,SERVICIOS PUBLICOS,,Anual Individual,Anual,D lares,M todo Directo,1432530,933850,498680,128889,44890,137577,-118,137459,3D01ST,3D0206,False,PRELIMINAR
CI0003,20370146994,CORPORACION ACEROS AREQUIPA S.A.,2017,EMPRESAS EMISORAS,INDUSTRIALES,,Anual Individual,Anual,Soles,M todo Directo,3102797,1250553,1852244,2359788,127897,228478,-62419,166059,3D01ST,3D0206,False,PRELIMINAR
019886,20161636780,CORPORACION CERAMICA S.A.,2017,EMPRESAS EMISORAS,INDUSTRIALES,,Anual Individual,Anual,Soles,M todo Directo,322257,132965,189292,154739,-15841,19058,-5904,13154,3D01ST,3D0206,False,PRELIMINAR
B30207,20100228352,CORPORACION CERVESUR S.A.A.,2017,EMPRESAS EMISORAS,DIVERSOS,,Anual Individual,Anual,Soles,M todo Directo,581073,31505,549568,24513,16123,14798,-3709,11089,3D01ST,3D0206,False,PRELIMINAR
CF0002,20100116392,CORPORACION FINANCIERA DE DESARROLLO S.A. - COFIDE,2017,EMPRESAS EMISORAS,FINANCIERAS,,Anual Individual,Anual,Soles,M todo Indirecto,11973176,9969663,2003513,545899,4477,370588,-565,370023,3F0501,3F0625,False,PRELIMINAR
OE1566,20501663256,CORPORACION FUNERARIA S.A.,2017,EMPRESAS EMISORAS,DIVERSOS,,Anual Individual,Anual,Soles,M todo Directo,6065,262,5803,1183,-27,2792,0,2792,3D01ST,3D0206,False,PRELIMINAR
000355,20100082391,COSAPI S.A.,2017,EMPRESAS EMISORAS,DIVERSOS,,Anual Individual,Anual,Soles,M todo Indirecto,1129114,792784,336330,1258970,24087,124614,-28674,95940,3D01ST,3D0206,True,PRELIMINAR
J40768,20600098633,CRECER SEGUROS S.A. COMPANIA DE SEGUROS,2017,EMPRESAS EMISORAS,SEGUROS,,Anual Individual,Anual,Soles,M todo Indirecto,41756,19797,21959,48561,2817,4380,-76,4304,3E0301,3E0405,True,PRELIMINAR
OE5132,20548185051,CREDICORP CAPITAL PERU S.A.A.,2017,EMPRESAS EMISORAS,DIVERSOS,,Anual Individual,Anual,Soles,M todo Directo,181069,251,180818,0,28598,5444,0,5444,3D01ST,3D0206,False,PRELIMINAR
B30060,20133530003,CREDITEX S.A.A.,2017,EMPRESAS EMISORAS,INDUSTRIALES,,Anual Individual,Anual,Soles,M todo Directo,477999,105986,372013,262266,9808,8611,-1172,7439,3D01ST,3D0206,False,PRELIMINAR
OE2258,20509845167,DIVISO GRUPO FINANCIERO S.A.,2017,EMPRESAS EMISORAS,DIVERSOS,,Anual Individual,Anual,Soles,M todo Indirecto,429373,44375,384998,47020,-2946,-8875,0,-8875,3D01ST,3D0206,True,PRELIMINAR
OE3808,20516534754,DUNAS ENERGIA S.A.A.,2017,EMPRESAS EMISORAS,DIVERSOS,,Anual Individual,Anual,Soles,M todo Indirecto,234715,357,234358,28374,26720,28621,0,28621,3D01ST,3D0206,False,PRELIMINAR
B40013,20106156400,ELECTRO DUNAS S.A.A.,2017,EMPRESAS EMISORAS,SERVICIOS PUBLICOS,,Anual Individual,Anual,Soles,M todo Indirecto,543304,311515,231789,359430,24346,55695,-21958,33737,3D01ST,3D0206,False,PRELIMINAR
B40005,20116544289,ELECTRO SUR ESTE S.A.A.,2017,EMPRESAS EMISORAS,SERVICIOS PUBLICOS,,Anual Individual,Anual,Soles,M todo Directo,960759,402847,557912,387801,44808,73683,-78363,-4680,3D01ST,3D0206,True,PRELIMINAR
B11072,20131835621,EMPRESA AGRARIA CHIQUITOY S.A.,2017,EMPRESAS EMISORAS,AGRICOLAS,,Anual Individual,Anual,Soles,M todo Directo,118809,37526,81283,36538,7888,3544,-3036,508,3D01ST,3D0206,False,PRELIMINAR
B11074,20103272964,EMPRESA AGRICOLA SAN JUAN S.A.,2017,EMPRESAS EMISORAS,AGRICOLAS,,Anual Individual,Anual,Soles,M todo Directo,173410,93202,80208,66312,4510,-5246,-1695,-6941,3D01ST,3D0206,False,PRELIMINAR
B08358,20133419749,EMPRESA AGRICOLA SINTUCO S.A.,2017,EMPRESAS EMISORAS,AGRICOLAS,,Anual Individual,Anual,Soles,M todo Directo,82876,13623,69253,10612,-655,308,-1691,-1383,3D01ST,3D0206,False,PRELIMINAR
017070,20141723601,EMPRESA AZUCARERA EL INGENIO S.A.,2017,EMPRESAS EMISORAS,AGRICOLAS,,Anual Individual,Anual,Soles,M todo Directo,63864,12868,50996,9028,1483,-4,0,-4,3D01ST,3D0206,False,PRELIMINAR
L00914,20550226589,EMPRESA DE CREDITOS SANTANDER CONSUMO PERU S.A.,2017,EMPRESAS EMISORAS,FINANCIERAS,,Anual Individual,Anual,Soles,M todo Directo,510556,432222,78334,67312,9676,-17150,-923,-18073,3F0501,3F0625,False,PRELIMINAR
OE2027,20279889208,EMPRESA DE GENERACION ELECTRICA DEL SUR S.A.,2017,EMPRESAS EMISORAS,SERVICIOS PUBLICOS,,Anual Individual,Anual,Soles,M todo Directo,178758,39502,139256,61904,4575,9606,-3600,6006,3D01ST,3D0206,True,PRELIMINAR
SP0009,20262221335,EMPRESA DE GENERACION ELECTRICA SAN GABAN S.A.,2017,EMPRESAS EMISORAS,SERVICIOS PUBLICOS,,Anual Individual,Anual,Soles,M todo Directo,427024,49856,377168,95489,28684,44332,-4418,39914,3D01ST,3D0206,False,PRELIMINAR
B30241,20143229816,EMPRESA EDITORA EL COMERCIO S.A.,2017,EMPRESAS EMISORAS,INDUSTRIALES,,Anual Individual,Anual,Soles,M todo Directo,1310577,528332,782245,562650,30212,125424,-12508,112916,3D01ST,3D0206,True,PRELIMINAR
CD0022,20100027705,EMPRESA ELECTRICIDAD DEL PERU - ELECTROPERU S.A.,2017,EMPRESAS EMISORAS,SERVICIOS PUBLICOS,,Anual Individual,Anual,Soles,M todo Directo,3792500,872096,2920404,1917471,325229,477845,-39009,438836,3D01ST,3D0206,False,PRELIMINAR
B40006,20119205949,EMPRESA REGIONAL DE SERVICIO PUBLICO DE ELECTRICIDAD - ELECTROSUR S.A.,2017,EMPRESAS EMISORAS,SERVICIOS PUBLICOS,,Anual Individual,Anual,Soles,M todo Directo,286225,95216,191009,184105,17741,14727,-23459,-8732,3D01ST,3D0206,True,PRELIMINAR
SP0006,20405479592,EMPRESA REGIONAL DE SERVICIO PUBLICO DE ELECTRICIDAD DE PUNO S.A.A. - ELECTROPUNO,2017,EMPRESAS EMISORAS,SERVICIOS PUBLICOS,,Anual Individual,Anual,Soles,M todo Directo,463278,141110,322168,204006,23731,31127,-23931,7196,3D01ST,3D0206,True,PRELIMINAR
B40002,20132023540,EMPRESA REGIONAL DE SERVICIO PUBLICO DE ELECTRICIDAD ELECTRONORTE MEDIO S.A. - HIDRANDINA,2017,EMPRESAS EMISORAS,SERVICIOS PUBLICOS,,Anual Individual,Anual,Soles,M todo Directo,1559747,641367,918380,875758,98333,145540,-100103,45437,3D01ST,3D0206,False,PRELIMINAR
CM0003,20402885549,EMPRESA SIDERURGICA DEL PERU S.A.A. - SIDERPERU,2017,EMPRESAS EMISORAS,INDUSTRIALES,,Anual Individual,Anual,Soles,M todo Directo,1606820,287954,1318866,1327010,141061,185208,-8202,177006,3D01ST,3D0206,True,PRELIMINAR
003058,20270508163,ENEL GENERACION PIURA S.A.,2017,EMPRESAS EMISORAS,SERVICIOS PUBLICOS,,Anual Individual,Anual,Soles,M todo Indirecto,863237,444054,419183,285743,57076,101082,-54065,47017,3D01ST,3D0206,False,PRELIMINAR
OE4860,20543420477,ENERGIA DEL PACIFICO S.A.,2017,EMPRESAS EMISORAS,DIVERSOS,,Anual Individual,Anual,D lares,M todo Directo,224334,123752,100582,0,17271,-352,-182,-534,3D01ST,3D0206,False,PRELIMINAR
J40866,20518648676,ENFOCA SERVICIOS LOGISTICOS S.A.,2017,EMPRESAS EMISORAS,DIVERSOS,,Anual Individual,Anual,Soles,M todo Directo,265007,62154,202853,0,23203,5282,0,5282,3D01ST,3D0206,False,PRELIMINAR
002829,20333363900,ENGIE ENERGIA PERU S.A.A.,2017,EMPRESAS EMISORAS,SERVICIOS PUBLICOS,,Anual Individual,Anual,D lares,M todo Directo,2259004,1220856,1038148,682606,129729,272974,-39893,233081,3D01ST,3D0206,True,PRELIMINAR
B30094,20100094135,EXSA S.A.,2017,EMPRESAS EMISORAS,INDUSTRIALES,,Anual Individual,Anual,D lares,M todo Directo,185450,70214,115236,171502,3766,15679,-12936,2743,3D01ST,3D0206,True,PRELIMINAR
B30042,20100020956,FABRICA DE HILADOS Y TEJIDOS SAN MIGUEL S.A. - EN LIQUIDACION,2017,EMPRESAS EMISORAS,INDUSTRIALES,,Anual Individual,Anual,Soles,M todo Directo,1585,8,1577,0,47,-10,0,-10,3D01ST,3D0206,False,PRELIMINAR
B30211,20100165687,FABRICA NACIONAL DE ACUMULADORES ETNA S.A.,2017,EMPRESAS EMISORAS,INDUSTRIALES,,Anual Individual,Anual,Soles,M todo Directo,297533,174935,122598,175673,17649,5459,-16861,-11402,3D01ST,3D0206,True,PRELIMINAR
B30122,20100051240,FABRICA PERUANA ETERNIT S.A.,2017,EMPRESAS EMISORAS,INDUSTRIALES,,Anual Individual,Anual,Soles,M todo Directo,378245,166068,212177,289229,16934,29050,-15516,13534,3D01ST,3D0206,True,PRELIMINAR
OE4746,20538185010,FACTORING TOTAL S.A. (SOCIEDAD ABSORBIDA),2017,EMPRESAS EMISORAS,DIVERSOS,,Anual Individual,Anual,Soles,M todo Directo,32523,15971,16552,3889,972,-2839,0,-2839,3F0501,3F0625,True,PRELIMINAR
B60001,20100027292,FERREYCORP S.A.A.,2017,EMPRESAS EMISORAS,DIVERSOS,,Anual Individual,Anual,Soles,M todo Directo,2442843,483641,1959202,363451,267013,232353,-16750,215603,3D01ST,3D0206,True,PRELIMINAR
B30083,20100083010,FILAMENTOS INDUSTRIALES S.A.,2017,EMPRESAS EMISORAS,DIVERSOS,,Anual Individual,Anual,Soles,M todo Directo,133572,40639,92933,57294,1394,267,-150,117,3D01ST,3D0206,False,PRELIMINAR
OE3205,20228319768,FINANCIERA CONFIANZA S.A.A.,2017,EMPRESAS EMISORAS,FINANCIERAS,,Anual Individual,Anual,Soles,M todo Indirecto,1870683,1566253,304430,396169,23686,69121,-3401,65720,3F0501,3F0625,False,PRELIMINAR
L00416,20328178070,FINANCIERA CREDINKA S.A. EN LIQUIDACION,2017,EMPRESAS EMISORAS,FINANCIERAS,,Anual Individual,Anual,Soles,M todo Indirecto,1029633,870610,159023,165585,-17787,-17720,-14610,-32330,3F0501,3F0625,False,PRELIMINAR
OE5251,20348067053,FINANCIERA PROEMPRESA S.A.,2017,EMPRESAS EMISORAS,FINANCIERAS,,Anual Individual,Anual,Soles,M todo Indirecto,390930,321747,69183,95163,4782,12404,-1081,11323,3F0501,3F0625,False,PRELIMINAR
OE4241,20521308321,FINANCIERA QAPAQ S.A.,2017,EMPRESAS EMISORAS,FINANCIERAS,,Anual Individual,Anual,Soles,M todo Directo,338731,272438,66293,97461,106,-2274,-3441,-5715,3F0501,3F0625,False,PRELIMINAR
B80145,20337996834,FINANCIERA TFC S.A. EN LIQUIDACION,2017,EMPRESAS EMISORAS,FINANCIERAS,,Anual Individual,Anual,Soles,M todo Indirecto,958454,874458,83996,102353,-2815,-36748,-10344,-47092,3F0501,3F0625,False,PRELIMINAR
J40093,20414671773,FONDO MIVIVIENDA S.A.,2017,EMPRESAS EMISORAS,FINANCIERAS,,Anual Individual,Anual,Soles,M todo Directo,10301356,7095735,3205621,515770,24549,279917,-1803,278114,3F0501,3F0625,False,PRELIMINAR
OE4159,20523108574,FOSFATOS DEL PACIFICO S.A.,2017,EMPRESAS EMISORAS,MINERAS,,Anual Individual,Anual,Soles,M todo Indirecto,347543,1373,346170,21,-6888,-5919,-9674,-15593,3D01ST,3D0206,False,PRELIMINAR
OE6928,20601413885,FOSSAL S.A.A.,2017,EMPRESAS EMISORAS,DIVERSOS,,Anual Individual,Anual,Soles,M todo Indirecto,269794,239,269555,0,-3772,385,0,385,3D01ST,3D0206,False,PRELIMINAR
001152,20100094054,FUTURA CONSORCIO INMOBILIARIO S.A.,2017,EMPRESAS EMISORAS,DIVERSOS,,Anual Individual,Anual,Soles,M todo Directo,457304,116903,340401,8980,-6057,4345,0,4345,3D01ST,3D0206,True,PRELIMINAR
B80049,20100116988,GR HOLDING S.A.,2017,EMPRESAS EMISORAS,DIVERSOS,,Anual Individual,Anual,Soles,M todo Indirecto,314107,231,313876,41,44871,43526,-32,43494,3D01ST,3D0206,True,PRELIMINAR
BV0001,20100055661,GRUPO BVL S.A.A.,2017,EMPRESAS EMISORAS,DIVERSOS,,Anual Individual,Anual,Soles,M todo Directo,228433,9358,219075,48710,30272,18339,-660,17679,3D01ST,3D0206,False,PRELIMINAR
J40184,20100077044,HERMES TRANSPORTES BLINDADOS S.A.,2017,EMPRESAS EMISORAS,DIVERSOS,,Anual Individual,Anual,Soles,M todo Directo,849774,616334,233440,325201,44333,76790,-9250,67540,3D01ST,3D0206,False,PRELIMINAR
B30140,20100171814,HIDROSTAL S.A.,2017,EMPRESAS EMISORAS,INDUSTRIALES,,Anual Individual,Anual,Soles,M todo Directo,291722,81577,210145,140983,4554,10259,-722,9537,3D01ST,3D0206,False,PRELIMINAR
OE3986,20518201426,HIPOTECARIA SURA EMPRESA ADMINISTRADORA HIPOTECARIA S.A. - EN LIQUIDACION,2017,EMPRESAS EMISORAS,DIVERSOS,,Anual Individual,Anual,Soles,M todo Directo,11762,590,11172,1081,-3340,-657,0,-657,3F0501,3F0625,False,PRELIMINAR
OE5021,20523611250,H2OLMOS S.A.,2017,EMPRESAS EMISORAS,DIVERSOS,,Anual Individual,Anual,Soles,M todo Indirecto,660030,630724,29306,87255,-650,44455,-815,43640,3D01ST,3D0206,False,PRELIMINAR
J40414,20546892175,ICBC PERU BANK,2017,EMPRESAS EMISORAS,BANCOS,,Anual Individual,Anual,Soles,M todo Indirecto,674422,575426,98996,17136,3920,67506,-15,67491,3F0501,3F0625,True,PRELIMINAR
J40582,20565403851,ICCGSA INVERSIONES S.A.,2017,EMPRESAS EMISORAS,DIVERSOS,,Anual Individual,Anual,Soles,M todo Indirecto,228194,208318,19876,4646,-7518,-4763,0,-4763,3D01ST,3D0206,False,PRELIMINAR
B30236,20251293181,INDECO S.A.,2017,EMPRESAS EMISORAS,INDUSTRIALES,,Anual Individual,Anual,D lares,M todo Directo,136677,62818,73859,191366,9343,22111,-4020,18091,3D01ST,3D0206,True,PRELIMINAR
B30107,20100004322,INDUSTRIAS DEL ENVASE S.A.,2017,EMPRESAS EMISORAS,INDUSTRIALES,,Anual Individual,Anual,Soles,M todo Directo,172508,60040,112468,123885,5414,15167,-3486,11681,3D01ST,3D0206,True,PRELIMINAR
B30152,20100003512,INDUSTRIAS ELECTRO QUIMICAS S.A. IEQSA,2017,EMPRESAS EMISORAS,INDUSTRIALES,,Anual Individual,Anual,D lares,M todo Directo,65764,27205,38559,138165,2543,1239,-998,241,3D01ST,3D0206,False,PRELIMINAR
OE4256,20522291201,INFINANCE XP S.A. (ANTES FINANCIERA OH! S.A.),2017,EMPRESAS EMISORAS,FINANCIERAS,,Anual Individual,Anual,Soles,M todo Indirecto,1169152,918153,250999,456061,46653,-100093,-6597,-106690,3F0501,3F0625,False,PRELIMINAR
OE4660,20543135942,INMOBILIARIA IDE S.A.,2017,EMPRESAS EMISORAS,DIVERSOS,,Anual Individual,Anual,Soles,M todo Indirecto,16809,3841,12968,1545,679,275,0,275,3D01ST,3D0206,False,PRELIMINAR
B30127,20100049938,INMOBILIARIA KANPU S.A.,2017,EMPRESAS EMISORAS,DIVERSOS,,Anual Individual,Anual,Soles,M todo Directo,206925,117420,89505,136926,-13420,15908,-9185,6723,3D01ST,3D0206,False,PRELIMINAR
CN0002,20499141051,INMOBILIARIA MILENIA S.A.,2017,EMPRESAS EMISORAS,DIVERSOS,,Anual Individual,Anual,Soles,M todo Directo,205729,57242,148487,3060,426,-551,0,-551,3D01ST,3D0206,False,PRELIMINAR
OE1274,20423264617,INMUEBLES PANAMERICANA S.A.,2017,EMPRESAS EMISORAS,DIVERSOS,,Anual Individual,Anual,Soles,M todo Directo,1650325,775104,875221,125159,50104,25437,-11310,14127,3D01ST,3D0206,False,PRELIMINAR
OE5087,0,INRETAIL PERU CORP.,2017,EMPRESAS EMISORAS,DIVERSOS,,Anual Individual,Anual,Soles,M todo Directo,4371156,986474,3384682,160000,104766,146226,0,146226,3D01ST,3D0206,False,PRELIMINAR
OE4150,20492497721,INSUR S.A. COMPAÑIA DE SEGUROS,2017,EMPRESAS EMISORAS,SEGUROS,,Anual Individual,Anual,Soles,M todo Directo,93095,28329,64766,47497,12181,19070,-47,19023,3E0301,3E0405,True,PRELIMINAR
B70009,20100017491,INTEGRATEL PERU S.A.A.,2017,EMPRESAS EMISORAS,SERVICIOS PUBLICOS,,Anual Individual,Anual,Soles,M todo Directo,13540442,7380478,6159964,8431431,-237360,1272513,-1330797,-58284,3D01ST,3D0206,True,PRELIMINAR
OE2305,0,INTERCORP FINANCIAL SERVICES INC.,2017,EMPRESAS EMISORAS,DIVERSOS,,Anual Individual,Anual,Soles,M todo Indirecto,6799114,998571,5800543,2653,831760,-48350,0,-48350,3F0501,3F0625,False,PRELIMINAR
CD0010,0,INTERCORP PERU LTD.,2017,EMPRESAS EMISORAS,DIVERSOS,,Anual Individual,Anual,Soles,M todo Indirecto,8810597,1334130,7476467,765,862961,-139335,0,-139335,3F0501,3F0625,True,PRELIMINAR
CS0002,20382748566,INTERSEGURO COMPAÑIA DE SEGUROS S.A.,2017,EMPRESAS EMISORAS,SEGUROS,,Anual Individual,Anual,Soles,M todo Indirecto,6190501,5647096,543405,304199,103741,508244,-1714,506530,3E0301,3E0405,False,PRELIMINAR
TI0002,20417378911,INTRADEVCO INDUSTRIAL S.A.,2017,EMPRESAS EMISORAS,INDUSTRIALES,,Anual Individual,Anual,Soles,M todo Directo,723719,302777,420942,647504,48042,-27638,-61985,-89623,3D01ST,3D0206,True,PRELIMINAR
B80077,20101045995,INVERSIONES CENTENARIO S.A.A.,2017,EMPRESAS EMISORAS,DIVERSOS,,Anual Individual,Anual,Soles,M todo Directo,3402799,1550608,1852191,340937,110758,115993,-4521,111472,3D01ST,3D0206,True,PRELIMINAR
J40846,20544705688,INVERSIONES EDUCA S.A.,2017,EMPRESAS EMISORAS,DIVERSOS,,Anual Individual,Anual,Soles,M todo Indirecto,230776,106981,123795,76631,18574,30027,-4065,25962,3D01ST,3D0206,True,PRELIMINAR
B60004,20104347691,INVERSIONES EN TURISMO S.A. INVERTUR,2017,EMPRESAS EMISORAS,DIVERSOS,,Anual Individual,Anual,Soles,M todo Directo,50685,13706,36979,24105,2631,4140,-5951,-1811,3D01ST,3D0206,False,PRELIMINAR
003512,20334766714,INVERSIONES LA RIOJA S.A.,2017,EMPRESAS EMISORAS,DIVERSOS,,Anual Individual,Anual,Soles,M todo Directo,766032,348788,417244,162140,20819,48917,-3417,45500,3D01ST,3D0206,False,PRELIMINAR
B60005,20114803228,INVERSIONES NACIONALES DE TURISMO S.A. INTURSA,2017,EMPRESAS EMISORAS,DIVERSOS,,Anual Individual,Anual,Soles,M todo Directo,1481742,436308,1045434,225322,-3200,40688,-45056,-4368,3D01ST,3D0206,True,PRELIMINAR
J40886,20601249678,J.P. MORGAN BANCO DE INVERSION,2017,EMPRESAS EMISORAS,BANCOS,,Anual Individual,Anual,Soles,M todo Directo,207673,126218,81455,3672,-2388,66644,-2414,64230,3F0501,3F0625,True,PRELIMINAR
A80069,20100210909,LA POSITIVA SEGUROS Y REASEGUROS S.A.,2017,EMPRESAS EMISORAS,SEGUROS,,Anual Individual,Anual,Soles,M todo Indirecto,1512865,1046397,466468,730070,43169,-17948,-5305,-23253,3E0301,3E0405,True,PRELIMINAR
OE2069,20454073143,LA POSITIVA VIDA SEGUROS Y REASEGUROS S.A.,2017,EMPRESAS EMISORAS,SEGUROS,,Anual Individual,Anual,Soles,M todo Directo,3649794,3150494,499300,407932,52542,224275,0,224275,3E0301,3E0405,True,PRELIMINAR
OE5446,20506035121,LA TINKA S.A. (ANTES INTRALOT DE PERU S.A.),2017,EMPRESAS EMISORAS,DIVERSOS,,Anual Individual,Anual,Soles,M todo Indirecto,187833,61319,126514,199378,15313,39583,-14340,25243,3D01ST,3D0206,False,PRELIMINAR
CI0011,20100095450,LAIVE S.A.,2017,EMPRESAS EMISORAS,INDUSTRIALES,,Anual Individual,Anual,Soles,M todo Directo,384144,181196,202948,591173,19950,30710,-9716,20994,3D01ST,3D0206,True,PRELIMINAR
B80031,20100093759,LATINA HOLDING S.A.,2017,EMPRESAS EMISORAS,DIVERSOS,,Anual Individual,Anual,Soles,M todo Directo,26031,6480,19551,15571,-2635,11551,0,11551,3D01ST,3D0206,True,PRELIMINAR
006166,20100190797,LECHE GLORIA S.A.,2017,EMPRESAS EMISORAS,INDUSTRIALES,,Anual Individual,Anual,Soles,M todo Directo,3211042,1557432,1653610,3431395,207355,495585,-338274,157311,3D01ST,3D0206,False,PRELIMINAR
J40884,20601127602,LIBERTY SEGUROS S.A.,2017,EMPRESAS EMISORAS,SEGUROS,,Anual Individual,Anual,Soles,M todo Indirecto,13661,1682,11979,133,-1195,-3001,-8,-3009,3E0301,3E0405,False,PRELIMINAR
B30099,20100182778,LIMA CAUCHO S.A. EN LIQUIDACION,2017,EMPRESAS EMISORAS,INDUSTRIALES,,Anual Individual,Anual,Soles,M todo Directo,476104,174297,301807,82999,-4083,-25082,-5506,-30588,3D01ST,3D0206,False,PRELIMINAR
B70032,20301837896,LOS PORTALES S.A.,2017,EMPRESAS EMISORAS,DIVERSOS,,Anual Individual,Anual,Soles,M todo Indirecto,1642484,1152970,489514,760482,78526,119770,-18308,101462,3D01ST,3D0206,True,PRELIMINAR
B40008,20331898008,LUZ DEL SUR S.A.A.,2017,EMPRESAS EMISORAS,SERVICIOS PUBLICOS,,Anual Individual,Anual,Soles,M todo Directo,5634085,3018200,2615885,3005564,467679,499288,-327169,172119,3D01ST,3D0206,False,PRELIMINAR
B30134,20100074371,MANUFACTURA DE METALES Y ALUMINIO RECORD S.A. EN LIQUIDACION,2017,EMPRESAS EMISORAS,INDUSTRIALES,,Anual Individual,Anual,Soles,M todo Directo,174683,58704,115979,75723,249,1059,-611,448,3D01ST,3D0206,False,PRELIMINAR
CS0004,20418896915,MAPFRE PERU COMPAÑIA DE SEGUROS Y REASEGUROS,2017,EMPRESAS EMISORAS,SEGUROS,,Anual Individual,Anual,Soles,M todo Indirecto,1218126,987249,230877,460073,79482,-31559,-14965,-46524,3E0301,3E0405,False,PRELIMINAR
B80122,20202380621,MAPFRE PERU COMPAÑIA DE SEGUROS Y REASEGUROS (SOCIEDAD ABSORBIDA),2017,EMPRESAS EMISORAS,SEGUROS,,Anual Individual,Anual,Soles,M todo Indirecto,2072606,1682462,390144,1046156,76711,-5341,-5010,-10351,3E0301,3E0405,False,PRELIMINAR
CB0001,20382036655,MIBANCO BANCO DE LA MICROEMPRESA S.A.,2017,EMPRESAS EMISORAS,BANCOS,,Anual Individual,Anual,Soles,M todo Indirecto,12143251,10547926,1595325,2315639,361713,649868,-57356,592512,3F0501,3F0625,True,PRELIMINAR
TI0003,20100192650,MICHELL Y CIA. S.A.,2017,EMPRESAS EMISORAS,INDUSTRIALES,,Anual Individual,Anual,Soles,M todo Directo,427982,171365,256617,377913,29501,-11054,-26476,-37530,3D01ST,3D0206,False,PRELIMINAR
CM0002,20338426781,MINERA ANDINA DE EXPLORACIONES S.A.A.,2017,EMPRESAS EMISORAS,MINERAS,,Anual Individual,Anual,Soles,M todo Indirecto,4049,2174,1875,3162,-1305,-1151,-136,-1287,3D01ST,3D0206,False,PRELIMINAR
OE3161,0,MINERA IRL LIMITED,2017,EMPRESAS EMISORAS,MINERAS,,Anual Individual,Anual,D lares,M todo Indirecto,134153,44396,89757,0,-789,-1586,0,-1586,3D01ST,3D0206,False,PRELIMINAR
A20032,20100136741,MINSUR S.A.,2017,EMPRESAS EMISORAS,MINERAS,,Anual Individual,Anual,D lares,M todo Directo,1823605,618791,1204814,489052,80481,144302,-62704,81598,3D01ST,3D0206,True,PRELIMINAR
BF0001,20375361991,MITSUI AUTO FINANCE PERU S.A.,2017,EMPRESAS EMISORAS,FINANCIERAS,,Anual Individual,Anual,Soles,M todo Indirecto,554072,360318,193754,98154,17284,29715,-365,29350,3F0501,3F0625,True,PRELIMINAR
TI0001,20417926632,MOTORES DIESEL ANDINOS S.A.,2017,EMPRESAS EMISORAS,INDUSTRIALES,,Anual Individual,Anual,Soles,M todo Directo,587035,239553,347482,342811,30993,30997,-3588,27409,3D01ST,3D0206,True,PRELIMINAR
B80136,20100007852,NEGOCIOS E INMUEBLES S.A.,2017,EMPRESAS EMISORAS,DIVERSOS,,Anual Individual,Anual,Soles,M todo Directo,231263,40875,190388,19188,9582,18862,0,18862,3D01ST,3D0206,False,PRELIMINAR
J40451,20505670443,NESSUS HOTELES PERU S.A.,2017,EMPRESAS EMISORAS,DIVERSOS,,Anual Individual,Anual,Soles,M todo Directo,273708,171383,102325,155914,5409,34536,-30745,3791,3D01ST,3D0206,True,PRELIMINAR
CM0007,20100123500,NEXA RESOURCES ATACOCHA S.A.A.,2017,EMPRESAS EMISORAS,MINERAS,,Anual Individual,Anual,Soles,M todo Indirecto,141040,71518,69522,112000,10712,31727,-5922,25805,3D01ST,3D0206,False,PRELIMINAR
B20010,20100110513,NEXA RESOURCES PERU S.A.A.,2017,EMPRESAS EMISORAS,MINERAS,,Anual Individual,Anual,Soles,M todo Indirecto,1139652,524668,614984,629281,205790,164755,-7662,157093,3D01ST,3D0206,True,PRELIMINAR
OE7005,20517225402,NISA ASSET MANAGEMENT S.A.,2017,EMPRESAS EMISORAS,DIVERSOS,,Anual Individual,Anual,Soles,M todo Directo,27342,2639,24703,0,-761,-37,0,-37,3D01ST,3D0206,False,PRELIMINAR
J40909,20601937841,NISA BLINDADOS S.A.,2017,EMPRESAS EMISORAS,DIVERSOS,,Anual Individual,Anual,Soles,M todo Directo,91165,20060,71105,2952,2080,3086,0,3086,3D01ST,3D0206,False,PRELIMINAR
J40908,20601937671,NISA INMUEBLES S.A,2017,EMPRESAS EMISORAS,DIVERSOS,,Anual Individual,Anual,Soles,M todo Directo,139069,14384,124685,0,4364,-52,0,-52,3D01ST,3D0206,False,PRELIMINAR
OE5008,20547203608,NISA MALLS S.A.,2017,EMPRESAS EMISORAS,DIVERSOS,,Anual Individual,Anual,Soles,M todo Directo,49519,11056,38463,0,-1954,-39,0,-39,3D01ST,3D0206,False,PRELIMINAR
L00179,20501439020,OBRAS DE INGENIERIA S.A.C.,2017,EMPRESAS EMISORAS,DIVERSOS,,Anual Individual,Anual,Soles,M todo Indirecto,842653,717569,125084,677069,-7696,21196,-18932,2264,3D01ST,3D0206,False,PRELIMINAR
B40009,20330791412,ORYGEN PERU S.A.A.,2017,EMPRESAS EMISORAS,SERVICIOS PUBLICOS,,Anual Individual,Anual,Soles,M todo Directo,4220474,1348623,2871851,1802175,444441,503124,-132937,370187,3D01ST,3D0206,False,PRELIMINAR
B60055,20332970411,PACIFICO COMPAÑIA DE SEGUROS Y REASEGUROS,2017,EMPRESAS EMISORAS,SEGUROS,,Anual Individual,Anual,Soles,M todo Indirecto,10535228,8468293,2066935,2417037,351080,813483,-45779,767704,3E0301,3E0405,True,PRELIMINAR
B50003,20118206208,PERU HOLDING DE TURISMO S.A.A.,2017,EMPRESAS EMISORAS,DIVERSOS,,Anual Individual,Anual,Soles,M todo Indirecto,303673,7003,296670,0,-1628,-1672,0,-1672,3D01ST,3D0206,True,PRELIMINAR
OE4139,20506342563,PERU LNG S.R.L.,2017,EMPRESAS EMISORAS,DIVERSOS,,Anual Individual,Anual,Soles,M todo Directo,2939150,1559710,1379440,685755,-2260,147973,-15820,132153,3D01ST,3D0206,False,PRELIMINAR
002927,20338352728,PERUANA DE ENERGIA S.A.A.,2017,EMPRESAS EMISORAS,SERVICIOS PUBLICOS,,Anual Individual,Anual,Soles,M todo Indirecto,108195,28874,79321,14933,8151,7594,-12,7582,3D01ST,3D0206,True,PRELIMINAR
OE4680,20251995967,PERUANA DE MOLDEADOS S.A. - PAMOLSA,2017,EMPRESAS EMISORAS,INDUSTRIALES,,Anual Individual,Anual,Soles,M todo Indirecto,426313,234367,191946,383047,48563,45111,-5699,39412,3D01ST,3D0206,False,PRELIMINAR
B20023,20100136237,PERUBAR S.A.,2017,EMPRESAS EMISORAS,MINERAS,,Anual Individual,Anual,D lares,M todo Directo,99345,26674,72671,21971,3403,6134,-5133,1001,3D01ST,3D0206,False,PRELIMINAR
CI0012,20380336384,PESQUERA EXALMAR S.A.A.,2017,EMPRESAS EMISORAS,INDUSTRIALES,,Anual Individual,Anual,D lares,M todo Directo,501067,284264,216803,254639,4797,80092,-12636,67456,3D01ST,3D0206,True,PRELIMINAR
J00171,20100128218,PETROLEOS DEL PERU - PETROPERU S.A.,2017,EMPRESAS EMISORAS,INDUSTRIALES,,Anual Individual,Anual,D lares,M todo Directo,5938743,4321139,1617604,4051574,185104,165017,-717304,-552287,3D01ST,3D0206,True,PRELIMINAR
B40010,20269985900,PLUZ ENERGIA PERU S.A.A.,2017,EMPRESAS EMISORAS,SERVICIOS PUBLICOS,,Anual Individual,Anual,Soles,M todo Indirecto,4294153,2394755,1899398,2862076,342773,543689,-363456,180233,3D01ST,3D0206,False,PRELIMINAR
OE1928,20510398158,PRIMA AFP S.A.,2017,EMPRESAS EMISORAS,A.F.P.,,Anual Individual,Anual,Soles,M todo Directo,839800,244155,595645,384350,130675,159166,-10330,148836,3A01ST,3A0206,False,PRELIMINAR
AFP004,20142829551,PROFUTURO AFP,2017,EMPRESAS EMISORAS,A.F.P.,,Anual Individual,Anual,Soles,M todo Directo,1164350,179397,984953,330291,138938,137787,-7084,130703,3A01ST,3A0206,False,PRELIMINAR
OE3191,20517207331,PROTECTA S.A. COMPAÑIA DE SEGUROS Y REASEGUROS,2017,EMPRESAS EMISORAS,SEGUROS,,Anual Individual,Anual,Soles,M todo Indirecto,881025,784495,96530,45752,5182,119437,-1297,118140,3E0301,3E0405,True,PRELIMINAR
J40371,20553157014,QUALITAS COMPAÑIA DE SEGUROS S.A.,2017,EMPRESAS EMISORAS,SEGUROS,,Anual Individual,Anual,Soles,M todo Directo,39587,26441,13146,22344,-2635,-5155,-314,-5469,3E0301,3E0405,True,PRELIMINAR
B20042,20330791501,QUIMPAC S.A.,2017,EMPRESAS EMISORAS,INDUSTRIALES,,Anual Individual,Anual,D lares,M todo Directo,666564,318232,348332,218923,29549,26474,-11589,14885,3D01ST,3D0206,False,PRELIMINAR
B30084,20100026997,RAYON INDUSTRIAL S.A. EN LIQUIDACION,2017,EMPRESAS EMISORAS,INDUSTRIALES,,Anual Individual,Anual,Soles,M todo Directo,470,2,468,0,-110,-1,0,-1,3D01ST,3D0206,False,PRELIMINAR
B90002,20100298725,RED BICOLOR DE COMUNICACIONES S.A.A. - RBC TV S.A.A.,2017,EMPRESAS EMISORAS,DIVERSOS,,Anual Individual,Anual,Soles,M todo Directo,8408,3355,5053,3561,738,1107,0,1107,3D01ST,3D0206,False,PRELIMINAR
SP0008,20504645046,RED DE ENERGIA DEL PERU S.A.,2017,EMPRESAS EMISORAS,SERVICIOS PUBLICOS,,Anual Individual,Anual,D lares,M todo Directo,516384,321593,194791,144631,30665,63992,-336,63656,3D01ST,3D0206,True,PRELIMINAR
OE3927,20505377142,RED VIAL 5 S.A.,2017,EMPRESAS EMISORAS,DIVERSOS,,Anual Individual,Anual,Soles,M todo Indirecto,580880,373549,207331,149467,49426,25041,0,25041,3D01ST,3D0206,False,PRELIMINAR
002766,20259829594,REFINERIA LA PAMPILLA S.A.A.,2017,EMPRESAS EMISORAS,INDUSTRIALES,,Anual Individual,Anual,D lares,M todo Directo,1925591,1310653,614938,3610629,80973,-36315,-202427,-238742,3D01ST,3D0206,True,PRELIMINAR
J40285,20552322704,RIGEL PERU S.A. COMPAÑIA DE SEGUROS DE VIDA - EN LIQUIDACION,2017,EMPRESAS EMISORAS,SEGUROS,,Anual Individual,Anual,Soles,M todo Indirecto,22376,10971,11405,147,-2235,-6057,-11,-6068,3E0301,3E0405,False,PRELIMINAR
B80037,20100041953,RIMAC SEGUROS Y REASEGUROS,2017,EMPRESAS EMISORAS,SEGUROS,,Anual Individual,Anual,Soles,M todo Indirecto,12385765,10670467,1715298,3042653,63073,573636,-38122,535514,3E0301,3E0405,False,PRELIMINAR
014313,20100128056,SAGA FALABELLA S.A.,2017,EMPRESAS EMISORAS,DIVERSOS,,Anual Individual,Anual,Soles,M todo Directo,1876570,1220855,655715,2924738,154759,226656,-69763,156893,3D01ST,3D0206,True,PRELIMINAR
B80134,20255993225,SANTANDER CONSUMER BANK S.A.,2017,EMPRESAS EMISORAS,BANCOS,,Anual Individual,Anual,Soles,M todo Indirecto,4528148,3695369,832779,1196118,200003,-90665,-14808,-105473,3F0501,3F0625,False,PRELIMINAR
B80012,20100043140,SCOTIABANK PERU S.A.A.,2017,EMPRESAS EMISORAS,BANCOS,,Anual Individual,Anual,Soles,M todo Indirecto,57763874,49529313,8234561,3565901,1221021,-885989,-48357,-934346,3F0501,3F0625,True,PRELIMINAR
CS0005,20463627488,SEGUROS SURA,2017,EMPRESAS EMISORAS,SEGUROS,,Anual Individual,Anual,Soles,M todo Indirecto,5006151,4477920,528231,254589,59732,2972,-712,2260,3E0301,3E0405,False,PRELIMINAR
SP0012,20100152356,SERVICIO DE AGUA POTABLE Y ALCANTARILLADO - SEDAPAL,2017,EMPRESAS EMISORAS,SERVICIOS PUBLICOS,,Anual Individual,Anual,Soles,M todo Directo,10528595,6262820,4265775,1933400,286788,518316,-483151,35165,3D01ST,3D0206,False,PRELIMINAR
L00873,20518726146,SERVICIOS GENERALES SATURNO S.A.,2017,EMPRESAS EMISORAS,DIVERSOS,,Anual Individual,Anual,D lares,M todo Directo,16508,12760,3748,21195,-3419,-211,-43,-254,3D01ST,3D0206,False,PRELIMINAR
SP0002,20325493811,SHOUGANG GENERACION ELECTRICA S.A.A.,2017,EMPRESAS EMISORAS,SERVICIOS PUBLICOS,,Anual Individual,Anual,Soles,M todo Directo,225277,104320,120957,101670,18074,17821,-454,17367,3D01ST,3D0206,False,PRELIMINAR
CM0004,20100142989,SHOUGANG HIERRO PERU S.A.A.,2017,EMPRESAS EMISORAS,MINERAS,,Anual Individual,Anual,Soles,M todo Indirecto,5697939,4652574,1045365,1502803,417441,739888,-579837,160051,3D01ST,3D0206,True,PRELIMINAR
SP0010,20100188628,SOCIEDAD ELECTRICA DEL SUR OESTE S.A. - SEAL,2017,EMPRESAS EMISORAS,SERVICIOS PUBLICOS,,Anual Individual,Anual,Soles,M todo Directo,676985,273936,403049,490139,51770,63492,-38068,25424,3D01ST,3D0206,True,PRELIMINAR
B30143,20100113539,SOCIEDAD INDUSTRIAL DE ARTICULOS DE METAL S.A.C. - SIAM EN LIQUIDACION,2017,EMPRESAS EMISORAS,INDUSTRIALES,,Anual Individual,Anual,Soles,M todo Directo,3152,154,2998,2335,-2205,-1089,0,-1089,3D01ST,3D0206,False,PRELIMINAR
CM0006,20170072465,SOCIEDAD MINERA CERRO VERDE S.A.A.,2017,EMPRESAS EMISORAS,MINERAS,,Anual Individual,Anual,D lares,M todo Indirecto,7691007,2501845,5189162,3202931,349881,1614691,-152769,1461922,3D01ST,3D0206,False,PRELIMINAR
002597,20217427593,SOCIEDAD MINERA CORONA S.A.,2017,EMPRESAS EMISORAS,MINERAS,,Anual Individual,Anual,D lares,M todo Indirecto,140414,50844,89570,154153,41621,54884,-14961,39923,3D01ST,3D0206,False,PRELIMINAR
B20026,20100017572,SOCIEDAD MINERA EL BROCAL S.A.A.,2017,EMPRESAS EMISORAS,MINERAS,,Anual Individual,Anual,D lares,M todo Directo,793856,388899,404957,323916,11649,60525,-46200,14325,3D01ST,3D0206,True,PRELIMINAR
B80013,20100161771,SOLUCION EMPRESA ADMINISTRADORA HIPOTECARIA S.A.,2017,EMPRESAS EMISORAS,DIVERSOS,,Anual Individual,Anual,Soles,M todo Directo,244789,150398,94391,19788,5178,58703,0,58703,3F0501,3F0625,True,PRELIMINAR
B20027,20100147514,"SOUTHERN PERU COPPER CORPORATION, SUCURSAL DEL PERU",2017,EMPRESAS EMISORAS,MINERAS,,Anual Individual,Anual,D lares,M todo Directo,5655510,818246,4837264,2244143,532271,709587,-633621,75966,3D01ST,3D0206,False,PRELIMINAR
000432,20100070970,SUPERMERCADOS PERUANOS S.A.,2017,EMPRESAS EMISORAS,DIVERSOS,,Anual Individual,Anual,Soles,M todo Directo,3329668,2241760,1087908,4652352,83847,276215,-288459,-12244,3D01ST,3D0206,False,PRELIMINAR
L00443,20518630891,TERMOCHILCA SAC,2017,EMPRESAS EMISORAS,SERVICIOS PUBLICOS,,Anual Individual,Anual,D lares,M todo Directo,315834,194556,121278,94693,-898,-4654,-12450,-17104,3D01ST,3D0206,False,PRELIMINAR
CF0001,20377892918,TOTAL SERVICIOS FINANCIEROS EMPRESA DE CREDITOS,2017,EMPRESAS EMISORAS,FINANCIERAS,,Anual Individual,Anual,Soles,M todo Directo,247265,190711,56554,22972,4218,4471,-2664,1807,3F0501,3F0625,False,PRELIMINAR
OE2487,20100087198,TRADI S.A.,2017,EMPRESAS EMISORAS,DIVERSOS,,Anual Individual,Anual,Soles,M todo Directo,575230,231561,343669,472740,33082,-10947,-1500,-12447,3D01ST,3D0206,False,PRELIMINAR
CD0009,20468451451,TRANSACCIONES FINANCIERAS S.A.,2017,EMPRESAS EMISORAS,DIVERSOS,,Anual Individual,Anual,Soles,M todo Indirecto,74347,129,74218,0,8737,-189,0,-189,3D01ST,3D0206,True,PRELIMINAR
CI0009,20499432021,TRANSPORTADORA DE GAS DEL PERU S.A.,2017,EMPRESAS EMISORAS,SERVICIOS PUBLICOS,,Anual Individual,Anual,D lares,M todo Directo,1595445,1245301,350144,676226,211899,364678,-7704,356974,3D01ST,3D0206,False,PRELIMINAR
B30121,20100137390,UNACEM CORP SOCIEDAD ANONIMA ABIERTA - UNACEM CORP S.A.A.,2017,EMPRESAS EMISORAS,DIVERSOS,,Anual Individual,Anual,Soles,M todo Directo,8565856,4289245,4276611,1912284,466158,660276,-122060,538216,3D01ST,3D0206,True,PRELIMINAR
B30021,20100113610,UNION DE CERVECERIAS PERUANAS BACKUS Y JOHNSTON S.A.A.,2017,EMPRESAS EMISORAS,INDUSTRIALES,,Anual Individual,Anual,Soles,M todo Indirecto,5530514,3567517,1962997,4367443,1376172,1551985,-195185,1356800,3D01ST,3D0206,True,PRELIMINAR
OE5376,20554477721,VIVIR SEGUROS COMPAÑIA DE SEGUROS DE VIDA S.A.,2017,EMPRESAS EMISORAS,SEGUROS,,Anual Individual,Anual,Soles,M todo Directo,319091,243267,75824,141314,17066,33379,-598,32781,3E0301,3E0405,False,PRELIMINAR
CM0001,20383045267,VOLCAN COMPAÑIA MINERA S.A.A.,2017,EMPRESAS EMISORAS,MINERAS,,Anual Individual,Anual,D lares,M todo Directo,2537816,1348694,1189122,441928,-119250,197490,-30559,166931,3D01ST,3D0206,True,PRELIMINAR
023490,20312372895,YURA S.A.,2017,EMPRESAS EMISORAS,INDUSTRIALES,,Anual Individual,Anual,Soles,M todo Directo,3198962,1712126,1486836,995434,190782,353656,-32485,321171,3D01ST,3D0206,True,PRELIMINAR
020045,20260172035,ACTIVO INMOBILIARIO PERUANO S.A.A. (ANTES FALABELLA PERU S.A.A.),2018,EMPRESAS EMISORAS,DIVERSOS,,Anual Individual,Anual,Soles,M todo Directo,7502426,1314929,6187497,0,453826,64912,0,64912,3D01ST,3D0206,False,PRELIMINAR
B80018,20100047307,ADMINISTRADORA DEL COMERCIO S.A. EN LIQUIDACION,2018,EMPRESAS EMISORAS,DIVERSOS,,Anual Individual,Anual,Soles,M todo Directo,73752,34587,39165,6350,1489,2829,-49,2780,3D01ST,3D0206,False,PRELIMINAR
003277,20306841506,ADMINISTRADORA JOCKEY PLAZA SHOPPING CENTER S.A.,2018,EMPRESAS EMISORAS,DIVERSOS,,Anual Individual,Anual,Soles,M todo Directo,1790301,930730,859571,332364,91888,108547,-9457,99090,3D01ST,3D0206,True,PRELIMINAR
023106,20332600592,AENZA S.A.A.,2018,EMPRESAS EMISORAS,DIVERSOS,,Anual Individual,Anual,Soles,M todo Indirecto,2839846,736247,2103599,65368,-81794,-23925,-1872,-25797,3D01ST,3D0206,False,PRELIMINAR
OE4132,20551464971,AFP HABITAT S.A.,2018,EMPRESAS EMISORAS,A.F.P.,,Anual Individual,Anual,Soles,M todo Directo,100149,23301,76848,104615,26111,35658,-18575,17083,3A01ST,3A0206,True,PRELIMINAR
AFP002,20157036794,AFP INTEGRA,2018,EMPRESAS EMISORAS,A.F.P.,,Anual Individual,Anual,Soles,M todo Directo,1424188,240091,1184097,462335,180662,200106,-6306,193800,3A01ST,3A0206,False,PRELIMINAR
B11073,20164042686,AGRICOLA CAYALTI SOCIEDAD ANONIMA ABIERTA,2018,EMPRESAS EMISORAS,AGRICOLAS,,Anual Individual,Anual,Soles,M todo Directo,421088,188594,232494,16533,-2958,-1678,-619,-2297,3D01ST,3D0206,False,PRELIMINAR
B11067,20135948641,AGRO INDUSTRIAL PARAMONGA S.A.,2018,EMPRESAS EMISORAS,AGRICOLAS,,Anual Individual,Anual,Soles,M todo Directo,754167,262367,491800,225979,7113,54971,-21640,33331,3D01ST,3D0206,True,PRELIMINAR
B08363,20132377783,AGROINDUSTRIAL LAREDO S.A.A.,2018,EMPRESAS EMISORAS,AGRICOLAS,,Anual Individual,Anual,Soles,M todo Directo,793953,274785,519168,264263,1135,26762,-22101,4661,3D01ST,3D0206,False,PRELIMINAR
OE4115,20104420282,AGROINDUSTRIAS AIB S.A.,2018,EMPRESAS EMISORAS,INDUSTRIALES,,Anual Individual,Anual,Soles,M todo Directo,351244,152388,198856,179215,-10040,2655,-31291,-28636,3D01ST,3D0206,False,PRELIMINAR
B11068,20116225779,AGROINDUSTRIAS SAN JACINTO S.A.A.,2018,EMPRESAS EMISORAS,AGRICOLAS,,Anual Individual,Anual,Soles,M todo Directo,512734,160865,351869,148103,6567,34525,-17453,17072,3D01ST,3D0206,True,PRELIMINAR
OE4977,20546844791,AGROKASA HOLDINGS S.A.,2018,EMPRESAS EMISORAS,DIVERSOS,,Anual Individual,Anual,D lares,M todo Directo,137431,12,137419,44420,44392,44395,0,44395,3D01ST,3D0206,False,PRELIMINAR
OE7816,20602150837,AI INVERSIONES PALO ALTO S.A.,2018,EMPRESAS EMISORAS,DIVERSOS,,Anual Individual,Anual,Soles,M todo Directo,269548,14,269534,0,-5857,676,0,676,3D01ST,3D0206,False,PRELIMINAR
OE3203,20517476405,ALFIN BANCO S.A.,2018,EMPRESAS EMISORAS,BANCOS,,Anual Individual,Anual,Soles,M todo Indirecto,497942,356364,141578,276658,2037,6014,-8438,-2424,3F0501,3F0625,True,PRELIMINAR
B30006,20100055237,ALICORP S.A.A.,2018,EMPRESAS EMISORAS,INDUSTRIALES,,Anual Individual,Anual,Soles,M todo Directo,7138995,3910805,3228190,4354489,455028,650598,-150024,500574,3D01ST,3D0206,True,PRELIMINAR
B60053,20265391886,AMERIKA FINANCIERA S.A. EN LIQUIDACION,2018,EMPRESAS EMISORAS,FINANCIERAS,,Anual Individual,Anual,Soles,M todo Directo,19756,3744,16012,334,73,-415,0,-415,3F0501,3F0625,False,PRELIMINAR
J40120,20511230188,ANDINO INVESTMENT HOLDING S.A.A.,2018,EMPRESAS EMISORAS,DIVERSOS,,Anual Individual,Anual,Soles,M todo Indirecto,508347,113417,394930,1626,370243,-48088,0,-48088,3D01ST,3D0206,False,PRELIMINAR
J40450,20554816526,AUGUSTAR SEGUROS Y REASEGUROS S.A. (ANTES OHIO NATIONAL SEGUROS DE VIDA Y REASEGUROS S.A.),2018,EMPRESAS EMISORAS,SEGUROS,,Anual Individual,Anual,Soles,M todo Indirecto,293478,197358,96120,157619,-10549,13143,-403,12740,3E0301,3E0405,False,PRELIMINAR
CI0006,20338054115,AUSTRAL GROUP S.A.A.,2018,EMPRESAS EMISORAS,INDUSTRIALES,,Anual Individual,Anual,Soles,M todo Directo,1129019,545178,583841,621389,104387,101451,-38374,63077,3D01ST,3D0206,False,PRELIMINAR
J40809,20600825187,AVLA PERU COMPAÑIA DE SEGUROS S.A.,2018,EMPRESAS EMISORAS,SEGUROS,,Anual Individual,Anual,Soles,M todo Indirecto,92225,60536,31689,64446,10062,4049,-966,3083,3E0301,3E0405,True,PRELIMINAR
J40847,20562964682,AZZARO TRADING S.A.,2018,EMPRESAS EMISORAS,DIVERSOS,,Anual Individual,Anual,Soles,M todo Indirecto,67463,21810,45653,3495,7032,-4911,0,-4911,3D01ST,3D0206,False,PRELIMINAR
B80004,20100130204,BANCO BBVA PERU,2018,EMPRESAS EMISORAS,BANCOS,,Anual Individual,Anual,Soles,M todo Directo,75133417,66774754,8358663,4438787,1476022,636236,-249116,387120,3F0501,3F0625,False,PRELIMINAR
CF0004,20509507199,BANCO DE COMERCIO,2018,EMPRESAS EMISORAS,BANCOS,,Anual Individual,Anual,Soles,M todo Directo,1966091,1666080,300011,218580,31281,-20691,-8270,-28961,3F0501,3F0625,True,PRELIMINAR
B80005,20100047218,BANCO DE CREDITO DEL PERU,2018,EMPRESAS EMISORAS,BANCOS,,Anual Individual,Anual,Soles,M todo Indirecto,133765597,116808194,16957403,7864022,3341940,-1516573,-396891,-1913464,3F0501,3F0625,False,PRELIMINAR
J00122,20100030595,BANCO DE LA NACION,2018,EMPRESAS EMISORAS,BANCOS,,Anual Individual,Anual,Soles,M todo Indirecto,30088103,27768949,2319154,1593947,816384,307703,-109157,198546,3F0501,3F0625,True,PRELIMINAR
OE2254,20441805960,BANCO EFECTIVA S.A. (ANTES FINANCIERA EFECTIVA S.A.),2018,EMPRESAS EMISORAS,BANCOS,,Anual Individual,Anual,Soles,M todo Indirecto,815281,620548,194733,348534,39309,175232,-4115,171117,3F0501,3F0625,True,PRELIMINAR
B80144,20330401991,BANCO FALABELLA PERU S.A.,2018,EMPRESAS EMISORAS,BANCOS,,Anual Individual,Anual,Soles,M todo Indirecto,4036040,3280291,755749,894600,67396,272327,-73356,198971,3F0501,3F0625,True,PRELIMINAR
OE2271,20513074370,BANCO GNB PERU S.A.,2018,EMPRESAS EMISORAS,BANCOS,,Anual Individual,Anual,Soles,M todo Indirecto,5565745,4904047,661698,386434,51653,124430,-4357,120073,3F0501,3F0625,False,PRELIMINAR
B80123,20101036813,BANCO INTERAMERICANO DE FINANZAS,2018,EMPRESAS EMISORAS,BANCOS,,Anual Individual,Anual,Soles,M todo Indirecto,14042729,12978700,1064029,867138,116395,-43127,-21834,-64961,3F0501,3F0625,False,PRELIMINAR
B80020,20100053455,BANCO INTERNACIONAL DEL PERU S.A.A. - INTERBANK,2018,EMPRESAS EMISORAS,BANCOS,,Anual Individual,Anual,Soles,M todo Indirecto,47127610,41820799,5306811,3589757,1040063,-2468984,-173794,-2642778,3F0501,3F0625,False,PRELIMINAR
B80009,20100105862,BANCO PICHINCHA,2018,EMPRESAS EMISORAS,BANCOS,,Anual Individual,Anual,Soles,M todo Directo,9379415,8570724,808691,854841,51013,-286580,-17311,-303891,3F0501,3F0625,False,PRELIMINAR
B80141,20259702411,BANCO RIPLEY PERU S.A.,2018,EMPRESAS EMISORAS,BANCOS,,Anual Individual,Anual,Soles,M todo Indirecto,2348450,1891212,457238,654445,67257,41393,-19493,21900,3F0501,3F0625,True,PRELIMINAR
OE3056,20516711559,BANCO SANTANDER PERU S.A.,2018,EMPRESAS EMISORAS,BANCOS,,Anual Individual,Anual,Soles,M todo Indirecto,5820492,5117000,703492,247831,83745,-773190,-6480,-779670,3F0501,3F0625,False,PRELIMINAR
B30079,20100096341,BAYER S.A.,2018,EMPRESAS EMISORAS,DIVERSOS,,Anual Individual,Anual,Soles,M todo Directo,462741,56840,405901,338035,37889,24635,-1407,23228,3D01ST,3D0206,False,PRELIMINAR
OE4837,20513328819,BNP PARIBAS CARDIF S.A. COMPAÑIA DE SEGUROS Y REASEGUROS,2018,EMPRESAS EMISORAS,SEGUROS,,Anual Individual,Anual,Soles,M todo Indirecto,258939,157821,101118,216223,-25762,-11180,-339,-11519,3E0301,3E0405,False,PRELIMINAR
J00124,20100209641,CAJA MUNICIPAL DE AHORRO Y CREDITO DE AREQUIPA S.A.,2018,EMPRESAS EMISORAS,FINANCIERAS,,Anual Individual,Anual,Soles,M todo Indirecto,5494913,4799065,695848,959603,127006,74226,-37419,36807,3F0501,3F0625,True,PRELIMINAR
J40137,20130200789,CAJA MUNICIPAL DE AHORRO Y CREDITO DE HUANCAYO S.A.,2018,EMPRESAS EMISORAS,FINANCIERAS,,Anual Individual,Anual,Soles,M todo Indirecto,4116492,3578432,538060,715160,97636,-7864,-33023,-40887,3F0501,3F0625,False,PRELIMINAR
J40630,20322445564,CAJA RURAL DE AHORRO Y CREDITO LOS ANDES S.A.,2018,EMPRESAS EMISORAS,FINANCIERAS,,Anual Individual,Anual,Soles,M todo Indirecto,540131,467880,72251,125941,10793,-64762,-825,-65587,3F0501,3F0625,False,PRELIMINAR
003376,20340584237,CAMPOSOL S.A.,2018,EMPRESAS EMISORAS,AGRICOLAS,,Anual Individual,Anual,D lares,M todo Directo,759649,439185,320464,346235,86531,72344,-9895,62449,3D01ST,3D0206,False,PRELIMINAR
B11082,20131867744,CARTAVIO SOCIEDAD ANONIMA ABIERTA,2018,EMPRESAS EMISORAS,AGRICOLAS,,Anual Individual,Anual,Soles,M todo Directo,749603,205888,543715,259742,15404,60496,-21243,39253,3D01ST,3D0206,True,PRELIMINAR
B08361,20131823020,CASA GRANDE SOCIEDAD ANONIMA ABIERTA,2018,EMPRESAS EMISORAS,AGRICOLAS,,Anual Individual,Anual,Soles,M todo Directo,1724178,402821,1321357,425323,2151,25923,-41502,-15579,3D01ST,3D0206,False,PRELIMINAR
CD0005,20419387658,CEMENTOS PACASMAYO S.A.A.,2018,EMPRESAS EMISORAS,INDUSTRIALES,,Anual Individual,Anual,Soles,M todo Indirecto,2772164,1320801,1451363,820416,76699,152296,-52223,100073,3D01ST,3D0206,False,PRELIMINAR
019094,20129854953,CENTRAL AZUCARERA CHUCARAPI-PAMPA BLANCA S.A.,2018,EMPRESAS EMISORAS,AGRICOLAS,,Anual Individual,Anual,Soles,M todo Directo,102972,45463,57509,8226,-5374,-1106,0,-1106,3D01ST,3D0206,False,PRELIMINAR
B30023,20128915711,CERVECERIA SAN JUAN S.A.,2018,EMPRESAS EMISORAS,INDUSTRIALES,,Anual Individual,Anual,Soles,M todo Indirecto,867398,623560,243838,765597,269136,423989,-18165,405824,3D01ST,3D0206,True,PRELIMINAR
CS0007,20109068498,CESCE PERU S.A. COMPAÑIA DE SEGUROS,2018,EMPRESAS EMISORAS,SEGUROS,,Anual Individual,Anual,Soles,M todo Directo,92306,52796,39510,54650,10628,5287,-50,5237,3E0301,3E0405,True,PRELIMINAR
CD0001,20390863871,CFI HOLDINGS S.A.,2018,EMPRESAS EMISORAS,DIVERSOS,,Anual Individual,Anual,D lares,M todo Directo,142715,22405,120310,0,8276,639,-6,633,3D01ST,3D0206,False,PRELIMINAR
CS0003,20390625007,CHUBB PERU S.A. COMPAÑIA DE SEGUROS Y REASEGUROS,2018,EMPRESAS EMISORAS,SEGUROS,,Anual Individual,Anual,Soles,M todo Directo,464014,387806,76208,264587,5748,22410,-1692,20718,3E0301,3E0405,False,PRELIMINAR
CB0002,20100116635,CITIBANK DEL PERU S.A.,2018,EMPRESAS EMISORAS,BANCOS,,Anual Individual,Anual,Soles,M todo Directo,6574965,5679196,895769,158807,153803,35838,4684,,3F0501,3F0625,True,REVISAR_CAPEX_POSITIVO
J40815,20600524233,COFACE SEGURO DE CREDITO PERU S.A. EN LIQUIDACION,2018,EMPRESAS EMISORAS,SEGUROS,,Anual Individual,Anual,Soles,M todo Indirecto,18363,10490,7873,7436,-3406,-2182,-34,-2216,3E0301,3E0405,False,PRELIMINAR
OE5506,20510713363,COLEGIOS PERUANOS S.A.,2018,EMPRESAS EMISORAS,DIVERSOS,,Anual Individual,Anual,Soles,M todo Directo,801323,447081,354242,213883,-2991,21087,-112003,-90916,3D01ST,3D0206,False,PRELIMINAR
B20003,20100079501,COMPAÑIA DE MINAS BUENAVENTURA S.A.A.,2018,EMPRESAS EMISORAS,MINERAS,,Anual Individual,Anual,D lares,M todo Directo,3388183,579855,2808328,686336,-13445,208822,-55883,152939,3D01ST,3D0206,False,PRELIMINAR
B30098,20100012856,COMPAÑIA GOODYEAR DEL PERU S.A.,2018,EMPRESAS EMISORAS,INDUSTRIALES,,Anual Individual,Anual,Soles,M todo Directo,506007,76750,429257,335609,10308,9195,-13603,-4408,3D01ST,3D0206,False,PRELIMINAR
B20041,20137025354,COMPAÑIA MINERA PODEROSA S.A.A.,2018,EMPRESAS EMISORAS,MINERAS,,Anual Individual,Anual,Soles,M todo Indirecto,1180962,398553,782409,1159774,233914,436452,-82952,353500,3D01ST,3D0206,False,PRELIMINAR
B20013,20100177421,COMPAÑIA MINERA SAN IGNACIO DE MOROCOCHA S.A.A.,2018,EMPRESAS EMISORAS,MINERAS,,Anual Individual,Anual,Soles,M todo Indirecto,371034,152817,218217,186502,20478,57052,-4472,52580,3D01ST,3D0206,False,PRELIMINAR
B20016,20100120314,COMPAÑIA MINERA SANTA LUISA S.A.,2018,EMPRESAS EMISORAS,MINERAS,,Anual Individual,Anual,Soles,M todo Directo,385803,134901,250902,287696,54821,65287,-18463,46824,3D01ST,3D0206,False,PRELIMINAR
CI0005,20100562848,COMPAÑIA UNIVERSAL TEXTIL S.A. EN LIQUIDACION,2018,EMPRESAS EMISORAS,INDUSTRIALES,,Anual Individual,Anual,Soles,M todo Directo,118241,49562,68679,56592,-25894,-7252,-44,-7296,3D01ST,3D0206,False,PRELIMINAR
OE4501,20369155360,COMPARTAMOS BANCO S.A.,2018,EMPRESAS EMISORAS,BANCOS,,Anual Individual,Anual,Soles,M todo Directo,2329120,1941162,387958,635130,77083,21845,-25209,-3364,3F0501,3F0625,False,PRELIMINAR
OE3212,20509093521,CONCESIONARIA TRASVASE OLMOS S.A.,2018,EMPRESAS EMISORAS,DIVERSOS,,Anual Individual,Anual,D lares,M todo Indirecto,137115,120777,16338,15229,1648,25466,-388,25078,3D01ST,3D0206,False,PRELIMINAR
CD0020,20141189850,CONECTA RETAIL S.A.,2018,EMPRESAS EMISORAS,DIVERSOS,,Anual Individual,Anual,Soles,M todo Directo,609051,378689,230362,1024462,8431,5893,-16740,-10847,3D01ST,3D0206,False,PRELIMINAR
OE3557,20518410858,CONSORCIO CEMENTERO DEL SUR S.A.,2018,EMPRESAS EMISORAS,DIVERSOS,,Anual Individual,Anual,Soles,M todo Directo,649079,47902,601177,0,-714,304,0,304,3D01ST,3D0206,False,PRELIMINAR
000683,20100195080,CONSORCIO INDUSTRIAL DE AREQUIPA SA,2018,EMPRESAS EMISORAS,INDUSTRIALES,,Anual Individual,Anual,Soles,M todo Directo,72294,15406,56888,56596,7582,13048,-987,12061,3D01ST,3D0206,False,PRELIMINAR
CD0013,20383316473,CONSORCIO TRANSMANTARO S.A.,2018,EMPRESAS EMISORAS,SERVICIOS PUBLICOS,,Anual Individual,Anual,D lares,M todo Indirecto,1474473,989413,485060,174804,51697,95461,-119,95342,3D01ST,3D0206,True,PRELIMINAR
CI0003,20370146994,CORPORACION ACEROS AREQUIPA S.A.,2018,EMPRESAS EMISORAS,INDUSTRIALES,,Anual Individual,Anual,Soles,M todo Directo,3546199,1586983,1959216,2623078,163234,25727,-120434,-94707,3D01ST,3D0206,True,PRELIMINAR
019886,20161636780,CORPORACION CERAMICA S.A.,2018,EMPRESAS EMISORAS,INDUSTRIALES,,Anual Individual,Anual,Soles,M todo Directo,290856,102886,187970,159849,-1322,27147,-6046,21101,3D01ST,3D0206,False,PRELIMINAR
B30207,20100228352,CORPORACION CERVESUR S.A.A.,2018,EMPRESAS EMISORAS,DIVERSOS,,Anual Individual,Anual,Soles,M todo Directo,572083,30293,541790,29135,17538,17188,-342,16846,3D01ST,3D0206,False,PRELIMINAR
CF0002,20100116392,CORPORACION FINANCIERA DE DESARROLLO S.A. - COFIDE,2018,EMPRESAS EMISORAS,FINANCIERAS,,Anual Individual,Anual,Soles,M todo Indirecto,11117234,9171877,1945357,483568,17008,-711441,-395,-711836,3F0501,3F0625,False,PRELIMINAR
000355,20100082391,COSAPI S.A.,2018,EMPRESAS EMISORAS,DIVERSOS,,Anual Individual,Anual,Soles,M todo Indirecto,1090960,744720,346240,1367585,20076,-68545,-9575,-78120,3D01ST,3D0206,False,PRELIMINAR
J40768,20600098633,CRECER SEGUROS S.A. COMPANIA DE SEGUROS,2018,EMPRESAS EMISORAS,SEGUROS,,Anual Individual,Anual,Soles,M todo Indirecto,47585,22988,24597,65470,2637,5132,-138,4994,3E0301,3E0405,True,PRELIMINAR
OE5132,20548185051,CREDICORP CAPITAL PERU S.A.A.,2018,EMPRESAS EMISORAS,DIVERSOS,,Anual Individual,Anual,Soles,M todo Directo,195634,217,195417,0,42430,41302,0,41302,3D01ST,3D0206,True,PRELIMINAR
B30060,20133530003,CREDITEX S.A.A.,2018,EMPRESAS EMISORAS,INDUSTRIALES,,Anual Individual,Anual,Soles,M todo Directo,500378,128993,371385,257365,9961,10553,-10159,394,3D01ST,3D0206,False,PRELIMINAR
OE2258,20509845167,DIVISO GRUPO FINANCIERO S.A.,2018,EMPRESAS EMISORAS,DIVERSOS,,Anual Individual,Anual,Soles,M todo Indirecto,431619,72784,358835,23374,-10195,-12784,0,-12784,3D01ST,3D0206,False,PRELIMINAR
OE3808,20516534754,DUNAS ENERGIA S.A.A.,2018,EMPRESAS EMISORAS,DIVERSOS,,Anual Individual,Anual,Soles,M todo Indirecto,258483,43633,214850,32452,28213,7159,0,7159,3D01ST,3D0206,False,PRELIMINAR
B40013,20106156400,ELECTRO DUNAS S.A.A.,2018,EMPRESAS EMISORAS,SERVICIOS PUBLICOS,,Anual Individual,Anual,Soles,M todo Indirecto,570665,314454,256211,354961,29097,57938,-32644,25294,3D01ST,3D0206,False,PRELIMINAR
B40005,20116544289,ELECTRO SUR ESTE S.A.A.,2018,EMPRESAS EMISORAS,SERVICIOS PUBLICOS,,Anual Individual,Anual,Soles,M todo Directo,989263,409616,579647,426143,54490,109243,-86325,22918,3D01ST,3D0206,False,PRELIMINAR
B11072,20131835621,EMPRESA AGRARIA CHIQUITOY S.A.,2018,EMPRESAS EMISORAS,AGRICOLAS,,Anual Individual,Anual,Soles,M todo Directo,118661,35024,83637,23572,2354,18474,-2870,15604,3D01ST,3D0206,False,PRELIMINAR
B11074,20103272964,EMPRESA AGRICOLA SAN JUAN S.A.,2018,EMPRESAS EMISORAS,AGRICOLAS,,Anual Individual,Anual,Soles,M todo Directo,180674,103980,76694,76562,-3417,-16727,-1217,-17944,3D01ST,3D0206,True,PRELIMINAR
B08358,20133419749,EMPRESA AGRICOLA SINTUCO S.A.,2018,EMPRESAS EMISORAS,AGRICOLAS,,Anual Individual,Anual,Soles,M todo Directo,85198,14203,70995,9726,1742,-2679,-559,-3238,3D01ST,3D0206,False,PRELIMINAR
B08360,20163898200,EMPRESA AGROINDUSTRIAL POMALCA S.A.A.,2018,EMPRESAS EMISORAS,AGRICOLAS,,Anual Individual,Anual,Soles,M todo Directo,878329,442447,435882,86770,-16642,-10817,-4156,-14973,3D01ST,3D0206,False,PRELIMINAR
017070,20141723601,EMPRESA AZUCARERA EL INGENIO S.A.,2018,EMPRESAS EMISORAS,AGRICOLAS,,Anual Individual,Anual,Soles,M todo Directo,63011,13561,49450,7620,-1462,-110,0,-110,3D01ST,3D0206,False,PRELIMINAR
L00914,20550226589,EMPRESA DE CREDITOS SANTANDER CONSUMO PERU S.A.,2018,EMPRESAS EMISORAS,FINANCIERAS,,Anual Individual,Anual,Soles,M todo Directo,476194,384501,91693,69485,13359,9605,-2052,7553,3F0501,3F0625,False,PRELIMINAR
OE2027,20279889208,EMPRESA DE GENERACION ELECTRICA DEL SUR S.A.,2018,EMPRESAS EMISORAS,SERVICIOS PUBLICOS,,Anual Individual,Anual,Soles,M todo Directo,183984,44143,139841,41868,4703,14466,-1295,13171,3D01ST,3D0206,False,PRELIMINAR
SP0009,20262221335,EMPRESA DE GENERACION ELECTRICA SAN GABAN S.A.,2018,EMPRESAS EMISORAS,SERVICIOS PUBLICOS,,Anual Individual,Anual,Soles,M todo Directo,432513,56616,375897,74540,24544,38155,-9584,28571,3D01ST,3D0206,True,PRELIMINAR
B30241,20143229816,EMPRESA EDITORA EL COMERCIO S.A.,2018,EMPRESAS EMISORAS,INDUSTRIALES,,Anual Individual,Anual,Soles,M todo Directo,1238505,491339,747166,532602,15994,129328,-43975,85353,3D01ST,3D0206,True,PRELIMINAR
CD0022,20100027705,EMPRESA ELECTRICIDAD DEL PERU - ELECTROPERU S.A.,2018,EMPRESAS EMISORAS,SERVICIOS PUBLICOS,,Anual Individual,Anual,Soles,M todo Directo,3860636,904214,2956422,1698397,361247,511491,-18234,493257,3D01ST,3D0206,True,PRELIMINAR
B40006,20119205949,EMPRESA REGIONAL DE SERVICIO PUBLICO DE ELECTRICIDAD - ELECTROSUR S.A.,2018,EMPRESAS EMISORAS,SERVICIOS PUBLICOS,,Anual Individual,Anual,Soles,M todo Directo,307953,130865,177088,194645,17935,38495,-20343,18152,3D01ST,3D0206,False,PRELIMINAR
SP0006,20405479592,EMPRESA REGIONAL DE SERVICIO PUBLICO DE ELECTRICIDAD DE PUNO S.A.A. - ELECTROPUNO,2018,EMPRESAS EMISORAS,SERVICIOS PUBLICOS,,Anual Individual,Anual,Soles,M todo Directo,462033,205516,256517,216048,24231,40384,-23842,16542,3D01ST,3D0206,False,PRELIMINAR
B40002,20132023540,EMPRESA REGIONAL DE SERVICIO PUBLICO DE ELECTRICIDAD ELECTRONORTE MEDIO S.A. - HIDRANDINA,2018,EMPRESAS EMISORAS,SERVICIOS PUBLICOS,,Anual Individual,Anual,Soles,M todo Directo,1609640,672707,936933,931510,107311,157769,-89502,68267,3D01ST,3D0206,False,PRELIMINAR
CM0003,20402885549,EMPRESA SIDERURGICA DEL PERU S.A.A. - SIDERPERU,2018,EMPRESAS EMISORAS,INDUSTRIALES,,Anual Individual,Anual,Soles,M todo Directo,1827516,376306,1451210,1580684,132344,336358,-15194,321164,3D01ST,3D0206,False,PRELIMINAR
003058,20270508163,ENEL GENERACION PIURA S.A.,2018,EMPRESAS EMISORAS,SERVICIOS PUBLICOS,,Anual Individual,Anual,Soles,M todo Indirecto,874802,398774,476028,259265,58081,121540,-14787,106753,3D01ST,3D0206,False,PRELIMINAR
OE4860,20543420477,ENERGIA DEL PACIFICO S.A.,2018,EMPRESAS EMISORAS,DIVERSOS,,Anual Individual,Anual,D lares,M todo Directo,221132,197855,23277,0,154208,-5658,0,-5658,3D01ST,3D0206,False,PRELIMINAR
J40866,20518648676,ENFOCA SERVICIOS LOGISTICOS S.A.,2018,EMPRESAS EMISORAS,DIVERSOS,,Anual Individual,Anual,Soles,M todo Directo,299360,74538,224822,0,26749,5540,0,5540,3D01ST,3D0206,True,PRELIMINAR
002829,20333363900,ENGIE ENERGIA PERU S.A.A.,2018,EMPRESAS EMISORAS,SERVICIOS PUBLICOS,,Anual Individual,Anual,D lares,M todo Directo,2218183,1114256,1103927,520909,108257,233422,-63000,170422,3D01ST,3D0206,False,PRELIMINAR
J40989,20600488296,EXPERTIA TRAVEL S.A.,2018,EMPRESAS EMISORAS,DIVERSOS,,Anual Individual,Anual,D lares,M todo Directo,65461,839,64622,0,-499,-79,-4,-83,3D01ST,3D0206,True,PRELIMINAR
B30094,20100094135,EXSA S.A.,2018,EMPRESAS EMISORAS,INDUSTRIALES,,Anual Individual,Anual,D lares,M todo Directo,258182,153402,104780,187878,-9210,4062,-13931,-9869,3D01ST,3D0206,False,PRELIMINAR
B30042,20100020956,FABRICA DE HILADOS Y TEJIDOS SAN MIGUEL S.A. - EN LIQUIDACION,2018,EMPRESAS EMISORAS,INDUSTRIALES,,Anual Individual,Anual,Soles,M todo Directo,1622,6,1616,0,39,1,0,1,3D01ST,3D0206,False,PRELIMINAR
B30211,20100165687,FABRICA NACIONAL DE ACUMULADORES ETNA S.A.,2018,EMPRESAS EMISORAS,INDUSTRIALES,,Anual Individual,Anual,Soles,M todo Directo,320913,211742,109171,194709,15626,4653,-25742,-21089,3D01ST,3D0206,False,PRELIMINAR
B30122,20100051240,FABRICA PERUANA ETERNIT S.A.,2018,EMPRESAS EMISORAS,INDUSTRIALES,,Anual Individual,Anual,Soles,M todo Directo,379890,152597,227293,268535,15116,29594,-17022,12572,3D01ST,3D0206,False,PRELIMINAR
OE4746,20538185010,FACTORING TOTAL S.A. (SOCIEDAD ABSORBIDA),2018,EMPRESAS EMISORAS,DIVERSOS,,Anual Individual,Anual,Soles,M todo Directo,314853,256229,58624,26124,4192,9790,-1427,8363,3F0501,3F0625,True,PRELIMINAR
B60001,20100027292,FERREYCORP S.A.A.,2018,EMPRESAS EMISORAS,DIVERSOS,,Anual Individual,Anual,Soles,M todo Directo,2577848,543148,2034700,321805,225028,90564,-2707,87857,3D01ST,3D0206,False,PRELIMINAR
B30083,20100083010,FILAMENTOS INDUSTRIALES S.A.,2018,EMPRESAS EMISORAS,DIVERSOS,,Anual Individual,Anual,Soles,M todo Directo,130222,40154,90068,58497,2247,5495,-941,4554,3D01ST,3D0206,False,PRELIMINAR
OE3205,20228319768,FINANCIERA CONFIANZA S.A.A.,2018,EMPRESAS EMISORAS,FINANCIERAS,,Anual Individual,Anual,Soles,M todo Indirecto,1909810,1581557,328253,413774,33382,-44365,-5593,-49958,3F0501,3F0625,False,PRELIMINAR
L00416,20328178070,FINANCIERA CREDINKA S.A. EN LIQUIDACION,2018,EMPRESAS EMISORAS,FINANCIERAS,,Anual Individual,Anual,Soles,M todo Indirecto,1013283,869304,143979,185955,-17952,-58987,-4114,-63101,3F0501,3F0625,False,PRELIMINAR
OE5251,20348067053,FINANCIERA PROEMPRESA S.A.,2018,EMPRESAS EMISORAS,FINANCIERAS,,Anual Individual,Anual,Soles,M todo Indirecto,413464,336898,76566,98071,9375,-15826,-2117,-17943,3F0501,3F0625,False,PRELIMINAR
OE4241,20521308321,FINANCIERA QAPAQ S.A.,2018,EMPRESAS EMISORAS,FINANCIERAS,,Anual Individual,Anual,Soles,M todo Directo,338829,274732,64097,95852,-2196,378,-2496,-2118,3F0501,3F0625,False,PRELIMINAR
J40093,20414671773,FONDO MIVIVIENDA S.A.,2018,EMPRESAS EMISORAS,FINANCIERAS,,Anual Individual,Anual,Soles,M todo Indirecto,10265105,6963659,3301446,532086,34300,99406,-2060,97346,3F0501,3F0625,False,PRELIMINAR
OE4159,20523108574,FOSFATOS DEL PACIFICO S.A.,2018,EMPRESAS EMISORAS,MINERAS,,Anual Individual,Anual,Soles,M todo Indirecto,357040,2528,354512,0,-5347,-5317,-1840,-7157,3D01ST,3D0206,False,PRELIMINAR
OE6928,20601413885,FOSSAL S.A.A.,2018,EMPRESAS EMISORAS,DIVERSOS,,Anual Individual,Anual,Soles,M todo Indirecto,265748,222,265526,0,-4029,-542,0,-542,3D01ST,3D0206,False,PRELIMINAR
001152,20100094054,FUTURA CONSORCIO INMOBILIARIO S.A.,2018,EMPRESAS EMISORAS,DIVERSOS,,Anual Individual,Anual,Soles,M todo Directo,485965,124523,361442,9345,21232,6292,0,6292,3D01ST,3D0206,False,PRELIMINAR
B80049,20100116988,GR HOLDING S.A.,2018,EMPRESAS EMISORAS,DIVERSOS,,Anual Individual,Anual,Soles,M todo Indirecto,345020,6041,338979,36,35458,35492,0,35492,3D01ST,3D0206,True,PRELIMINAR
BV0001,20100055661,GRUPO BVL S.A.A.,2018,EMPRESAS EMISORAS,DIVERSOS,,Anual Individual,Anual,Soles,M todo Directo,222658,8582,214076,47674,19770,10599,-698,9901,3D01ST,3D0206,False,PRELIMINAR
J40184,20100077044,HERMES TRANSPORTES BLINDADOS S.A.,2018,EMPRESAS EMISORAS,DIVERSOS,,Anual Individual,Anual,Soles,M todo Directo,834884,595974,238910,349134,60470,75531,-10372,65159,3D01ST,3D0206,True,PRELIMINAR
B30140,20100171814,HIDROSTAL S.A.,2018,EMPRESAS EMISORAS,INDUSTRIALES,,Anual Individual,Anual,Soles,M todo Directo,302836,92133,210703,131571,558,2152,-615,1537,3D01ST,3D0206,False,PRELIMINAR
OE5021,20523611250,H2OLMOS S.A.,2018,EMPRESAS EMISORAS,DIVERSOS,,Anual Individual,Anual,Soles,M todo Indirecto,608640,568785,39855,88153,10549,59837,-2907,56930,3D01ST,3D0206,False,PRELIMINAR
J40414,20546892175,ICBC PERU BANK,2018,EMPRESAS EMISORAS,BANCOS,,Anual Individual,Anual,Soles,M todo Indirecto,980186,732327,247859,23475,-6529,-474200,-3020,-477220,3F0501,3F0625,True,PRELIMINAR
J40582,20565403851,ICCGSA INVERSIONES S.A.,2018,EMPRESAS EMISORAS,DIVERSOS,,Anual Individual,Anual,Soles,M todo Indirecto,185514,164905,20609,1703,-10228,-3660,0,-3660,3D01ST,3D0206,False,PRELIMINAR
J40655,20515164945,INCA RAIL S.A.,2018,EMPRESAS EMISORAS,DIVERSOS,,Anual Individual,Anual,Soles,M todo Directo,353292,241430,111862,108379,5388,25371,-11213,14158,3D01ST,3D0206,True,PRELIMINAR
B30236,20251293181,INDECO S.A.,2018,EMPRESAS EMISORAS,INDUSTRIALES,,Anual Individual,Anual,D lares,M todo Directo,132320,58230,74090,189445,8181,17475,-5137,12338,3D01ST,3D0206,False,PRELIMINAR
B30107,20100004322,INDUSTRIAS DEL ENVASE S.A.,2018,EMPRESAS EMISORAS,INDUSTRIALES,,Anual Individual,Anual,Soles,M todo Directo,184390,71770,112620,131059,5838,12284,-1388,10896,3D01ST,3D0206,True,PRELIMINAR
B30152,20100003512,INDUSTRIAS ELECTRO QUIMICAS S.A. IEQSA,2018,EMPRESAS EMISORAS,INDUSTRIALES,,Anual Individual,Anual,D lares,M todo Directo,70519,32737,37782,146702,414,-5375,-667,-6042,3D01ST,3D0206,True,PRELIMINAR
OE4256,20522291201,INFINANCE XP S.A. (ANTES FINANCIERA OH! S.A.),2018,EMPRESAS EMISORAS,FINANCIERAS,,Anual Individual,Anual,Soles,M todo Indirecto,1486699,1170402,316297,402360,65298,-161741,-12538,-174279,3F0501,3F0625,True,PRELIMINAR
OE4660,20543135942,INMOBILIARIA IDE S.A.,2018,EMPRESAS EMISORAS,DIVERSOS,,Anual Individual,Anual,Soles,M todo Indirecto,20710,3472,17238,1552,4949,434,0,434,3D01ST,3D0206,False,PRELIMINAR
B30127,20100049938,INMOBILIARIA KANPU S.A.,2018,EMPRESAS EMISORAS,DIVERSOS,,Anual Individual,Anual,Soles,M todo Directo,175394,139074,36320,151273,-27529,-3161,-4061,-7222,3D01ST,3D0206,True,PRELIMINAR
CN0002,20499141051,INMOBILIARIA MILENIA S.A.,2018,EMPRESAS EMISORAS,DIVERSOS,,Anual Individual,Anual,Soles,M todo Directo,247785,82033,165752,3142,17265,-534,0,-534,3D01ST,3D0206,False,PRELIMINAR
OE5087,0,INRETAIL PERU CORP.,2018,EMPRESAS EMISORAS,DIVERSOS,,Anual Individual,Anual,Soles,M todo Directo,3975647,409755,3565892,299794,182071,287202,0,287202,3D01ST,3D0206,False,PRELIMINAR
OE4150,20492497721,INSUR S.A. COMPAÑIA DE SEGUROS,2018,EMPRESAS EMISORAS,SEGUROS,,Anual Individual,Anual,Soles,M todo Directo,120773,42144,78629,51801,14157,15069,-897,14172,3E0301,3E0405,False,PRELIMINAR
B70009,20100017491,INTEGRATEL PERU S.A.A.,2018,EMPRESAS EMISORAS,SERVICIOS PUBLICOS,,Anual Individual,Anual,Soles,M todo Directo,13793133,7896505,5896628,8095867,-410168,883418,-1316249,-432831,3D01ST,3D0206,False,PRELIMINAR
OE2305,0,INTERCORP FINANCIAL SERVICES INC.,2018,EMPRESAS EMISORAS,DIVERSOS,,Anual Individual,Anual,Soles,M todo Indirecto,8090624,1042550,7048074,9727,1084280,-37919,0,-37919,3F0501,3F0625,False,PRELIMINAR
CD0010,0,INTERCORP PERU LTD.,2018,EMPRESAS EMISORAS,DIVERSOS,,Anual Individual,Anual,Soles,M todo Directo,10137780,1425579,8712201,2431,817234,-141742,0,-141742,3F0501,3F0625,False,PRELIMINAR
CS0002,20382748566,INTERSEGURO COMPAÑIA DE SEGUROS S.A.,2018,EMPRESAS EMISORAS,SEGUROS,,Anual Individual,Anual,Soles,M todo Indirecto,11786100,10628324,1157776,610548,361102,419748,-8614,411134,3E0301,3E0405,False,PRELIMINAR
TI0002,20417378911,INTRADEVCO INDUSTRIAL S.A.,2018,EMPRESAS EMISORAS,INDUSTRIALES,,Anual Individual,Anual,Soles,M todo Directo,765519,311949,453570,667732,51460,49687,-10147,39540,3D01ST,3D0206,False,PRELIMINAR
B80077,20101045995,INVERSIONES CENTENARIO S.A.A.,2018,EMPRESAS EMISORAS,DIVERSOS,,Anual Individual,Anual,Soles,M todo Directo,3753327,1923075,1830252,381488,19413,-2240,3024,,3D01ST,3D0206,True,REVISAR_CAPEX_POSITIVO
J40846,20544705688,INVERSIONES EDUCA S.A.,2018,EMPRESAS EMISORAS,DIVERSOS,,Anual Individual,Anual,Soles,M todo Indirecto,537289,271504,265785,82507,13590,2052,-44970,-42918,3D01ST,3D0206,False,PRELIMINAR
B60004,20104347691,INVERSIONES EN TURISMO S.A. INVERTUR,2018,EMPRESAS EMISORAS,DIVERSOS,,Anual Individual,Anual,Soles,M todo Directo,51365,13820,37545,26397,2426,3861,-2475,1386,3D01ST,3D0206,False,PRELIMINAR
B60005,20114803228,INVERSIONES NACIONALES DE TURISMO S.A. INTURSA,2018,EMPRESAS EMISORAS,DIVERSOS,,Anual Individual,Anual,Soles,M todo Directo,1644767,629121,1015646,226517,20630,29722,-116109,-86387,3D01ST,3D0206,False,PRELIMINAR
J40886,20601249678,J.P. MORGAN BANCO DE INVERSION,2018,EMPRESAS EMISORAS,BANCOS,,Anual Individual,Anual,Soles,M todo Directo,226491,142518,83973,7030,2518,-131076,-326,-131402,3F0501,3F0625,False,PRELIMINAR
A80069,20100210909,LA POSITIVA SEGUROS Y REASEGUROS S.A.,2018,EMPRESAS EMISORAS,SEGUROS,,Anual Individual,Anual,Soles,M todo Indirecto,1553239,1089954,463285,883849,27329,63254,-6327,56927,3E0301,3E0405,True,PRELIMINAR
OE2069,20454073143,LA POSITIVA VIDA SEGUROS Y REASEGUROS S.A.,2018,EMPRESAS EMISORAS,SEGUROS,,Anual Individual,Anual,Soles,M todo Directo,3987944,3465880,522064,421530,34060,266164,4144,,3E0301,3E0405,True,REVISAR_CAPEX_POSITIVO
OE5446,20506035121,LA TINKA S.A. (ANTES INTRALOT DE PERU S.A.),2018,EMPRESAS EMISORAS,DIVERSOS,,Anual Individual,Anual,Soles,M todo Indirecto,203821,71118,132703,280961,28536,46447,-15182,31265,3D01ST,3D0206,False,PRELIMINAR
CI0011,20100095450,LAIVE S.A.,2018,EMPRESAS EMISORAS,INDUSTRIALES,,Anual Individual,Anual,Soles,M todo Directo,422211,203877,218334,612275,21378,28632,0,28632,3D01ST,3D0206,True,PRELIMINAR
B80031,20100093759,LATINA HOLDING S.A.,2018,EMPRESAS EMISORAS,DIVERSOS,,Anual Individual,Anual,Soles,M todo Directo,16247,133,16114,2200,-3437,-5754,0,-5754,3D01ST,3D0206,False,PRELIMINAR
006166,20100190797,LECHE GLORIA S.A.,2018,EMPRESAS EMISORAS,INDUSTRIALES,,Anual Individual,Anual,Soles,M todo Directo,3273884,1724898,1548986,3507055,160706,169696,-55561,114135,3D01ST,3D0206,False,PRELIMINAR
J40884,20601127602,LIBERTY SEGUROS S.A.,2018,EMPRESAS EMISORAS,SEGUROS,,Anual Individual,Anual,Soles,M todo Indirecto,17653,4507,13146,1363,-1495,-2241,-3,-2244,3E0301,3E0405,False,PRELIMINAR
B30099,20100182778,LIMA CAUCHO S.A. EN LIQUIDACION,2018,EMPRESAS EMISORAS,INDUSTRIALES,,Anual Individual,Anual,Soles,M todo Directo,259554,106689,152865,87694,2434,-10192,-2554,-12746,3D01ST,3D0206,False,PRELIMINAR
B70032,20301837896,LOS PORTALES S.A.,2018,EMPRESAS EMISORAS,DIVERSOS,,Anual Individual,Anual,Soles,M todo Indirecto,1591793,1056863,534930,766305,74690,98168,-6576,91592,3D01ST,3D0206,True,PRELIMINAR
B40008,20331898008,LUZ DEL SUR S.A.A.,2018,EMPRESAS EMISORAS,SERVICIOS PUBLICOS,,Anual Individual,Anual,Soles,M todo Directo,6045743,2879057,3166686,3033229,521227,536909,-357738,179171,3D01ST,3D0206,False,PRELIMINAR
B30134,20100074371,MANUFACTURA DE METALES Y ALUMINIO RECORD S.A. EN LIQUIDACION,2018,EMPRESAS EMISORAS,INDUSTRIALES,,Anual Individual,Anual,Soles,M todo Directo,177397,62347,115050,72418,136,1709,-454,1255,3D01ST,3D0206,False,PRELIMINAR
CS0004,20418896915,MAPFRE PERU COMPAÑIA DE SEGUROS Y REASEGUROS,2018,EMPRESAS EMISORAS,SEGUROS,,Anual Individual,Anual,Soles,M todo Indirecto,1375376,1112373,263003,536461,81023,157895,-6080,151815,3E0301,3E0405,False,PRELIMINAR
B80122,20202380621,MAPFRE PERU COMPAÑIA DE SEGUROS Y REASEGUROS (SOCIEDAD ABSORBIDA),2018,EMPRESAS EMISORAS,SEGUROS,,Anual Individual,Anual,Soles,M todo Indirecto,2083992,1671462,412530,1099345,65756,20187,-15514,4673,3E0301,3E0405,False,PRELIMINAR
CB0001,20382036655,MIBANCO BANCO DE LA MICROEMPRESA S.A.,2018,EMPRESAS EMISORAS,BANCOS,,Anual Individual,Anual,Soles,M todo Indirecto,12940725,11154815,1785910,2432186,450737,515715,-59692,456023,3F0501,3F0625,False,PRELIMINAR
TI0003,20100192650,MICHELL Y CIA. S.A.,2018,EMPRESAS EMISORAS,INDUSTRIALES,,Anual Individual,Anual,Soles,M todo Directo,452704,162304,290400,459391,48547,54407,-20139,34268,3D01ST,3D0206,False,PRELIMINAR
CM0002,20338426781,MINERA ANDINA DE EXPLORACIONES S.A.A.,2018,EMPRESAS EMISORAS,MINERAS,,Anual Individual,Anual,Soles,M todo Indirecto,4261,2555,1706,2970,-1145,-854,0,-854,3D01ST,3D0206,False,PRELIMINAR
OE3161,0,MINERA IRL LIMITED,2018,EMPRESAS EMISORAS,MINERAS,,Anual Individual,Anual,D lares,M todo Indirecto,134153,48546,85607,0,-4150,-1511,0,-1511,3D01ST,3D0206,False,PRELIMINAR
A20032,20100136741,MINSUR S.A.,2018,EMPRESAS EMISORAS,MINERAS,,Anual Individual,Anual,D lares,M todo Directo,1952152,648291,1303861,491447,144115,213536,-121487,92049,3D01ST,3D0206,False,PRELIMINAR
BF0001,20375361991,MITSUI AUTO FINANCE PERU S.A.,2018,EMPRESAS EMISORAS,FINANCIERAS,,Anual Individual,Anual,Soles,M todo Directo,596886,396180,200706,91790,22508,46704,-568,46136,3F0501,3F0625,False,PRELIMINAR
TI0001,20417926632,MOTORES DIESEL ANDINOS S.A.,2018,EMPRESAS EMISORAS,INDUSTRIALES,,Anual Individual,Anual,Soles,M todo Directo,623664,259391,364273,350992,30199,-22852,-7138,-29990,3D01ST,3D0206,False,PRELIMINAR
J40451,20505670443,NESSUS HOTELES PERU S.A.,2018,EMPRESAS EMISORAS,DIVERSOS,,Anual Individual,Anual,Soles,M todo Directo,281783,191744,90039,168752,805,34730,-37571,-2841,3D01ST,3D0206,False,PRELIMINAR
CM0007,20100123500,NEXA RESOURCES ATACOCHA S.A.A.,2018,EMPRESAS EMISORAS,MINERAS,,Anual Individual,Anual,D lares,M todo Indirecto,118411,51007,67404,90087,-2118,-12246,-16890,-29136,3D01ST,3D0206,False,PRELIMINAR
B20010,20100110513,NEXA RESOURCES PERU S.A.A.,2018,EMPRESAS EMISORAS,MINERAS,,Anual Individual,Anual,D lares,M todo Indirecto,1255289,514057,741232,548100,126248,209910,-26555,183355,3D01ST,3D0206,False,PRELIMINAR
J40909,20601937841,NISA BLINDADOS S.A.,2018,EMPRESAS EMISORAS,DIVERSOS,,Anual Individual,Anual,Soles,M todo Directo,163516,44543,118973,11070,61355,10775,0,10775,3D01ST,3D0206,False,PRELIMINAR
L00179,20501439020,OBRAS DE INGENIERIA S.A.C.,2018,EMPRESAS EMISORAS,DIVERSOS,,Anual Individual,Anual,Soles,M todo Directo,688365,643886,44479,410472,-67149,-42749,-2170,-44919,3D01ST,3D0206,False,PRELIMINAR
B40009,20330791412,ORYGEN PERU S.A.A.,2018,EMPRESAS EMISORAS,SERVICIOS PUBLICOS,,Anual Individual,Anual,Soles,M todo Directo,4216915,1365231,2851684,1438539,640114,669618,-182270,487348,3D01ST,3D0206,False,PRELIMINAR
B60055,20332970411,PACIFICO COMPAÑIA DE SEGUROS Y REASEGUROS,2018,EMPRESAS EMISORAS,SEGUROS,,Anual Individual,Anual,Soles,M todo Indirecto,11620552,9544331,2076221,2727156,322638,1048399,-80036,968363,3E0301,3E0405,True,PRELIMINAR
B50003,20118206208,PERU HOLDING DE TURISMO S.A.A.,2018,EMPRESAS EMISORAS,DIVERSOS,,Anual Individual,Anual,Soles,M todo Indirecto,162883,16007,146876,0,-5157,1,0,1,3D01ST,3D0206,False,PRELIMINAR
002927,20338352728,PERUANA DE ENERGIA S.A.A.,2018,EMPRESAS EMISORAS,SERVICIOS PUBLICOS,,Anual Individual,Anual,Soles,M todo Indirecto,118717,32256,86461,11629,7145,7591,-4,7587,3D01ST,3D0206,True,PRELIMINAR
OE4680,20251995967,PERUANA DE MOLDEADOS S.A. - PAMOLSA,2018,EMPRESAS EMISORAS,INDUSTRIALES,,Anual Individual,Anual,Soles,M todo Indirecto,451736,258941,192795,432987,42052,48881,-9249,39632,3D01ST,3D0206,False,PRELIMINAR
B20023,20100136237,PERUBAR S.A.,2018,EMPRESAS EMISORAS,MINERAS,,Anual Individual,Anual,D lares,M todo Directo,151615,39959,111656,21757,-595,6921,-5837,1084,3D01ST,3D0206,False,PRELIMINAR
CI0012,20380336384,PESQUERA EXALMAR S.A.A.,2018,EMPRESAS EMISORAS,INDUSTRIALES,,Anual Individual,Anual,D lares,M todo Directo,636902,383954,252948,240657,29330,-5940,-22185,-28125,3D01ST,3D0206,True,PRELIMINAR
J00171,20100128218,PETROLEOS DEL PERU - PETROPERU S.A.,2018,EMPRESAS EMISORAS,INDUSTRIALES,,Anual Individual,Anual,D lares,M todo Directo,7344003,5606693,1737310,4965070,119552,-134402,-107425,-241827,3D01ST,3D0206,True,PRELIMINAR
B40010,20269985900,PLUZ ENERGIA PERU S.A.A.,2018,EMPRESAS EMISORAS,SERVICIOS PUBLICOS,,Anual Individual,Anual,Soles,M todo Indirecto,4470251,2368217,2102034,2950039,343820,532771,-398687,134084,3D01ST,3D0206,False,PRELIMINAR
OE1928,20510398158,PRIMA AFP S.A.,2018,EMPRESAS EMISORAS,A.F.P.,,Anual Individual,Anual,Soles,M todo Directo,817421,222117,595304,379720,131328,166129,-8734,157395,3A01ST,3A0206,False,PRELIMINAR
AFP004,20142829551,PROFUTURO AFP,2018,EMPRESAS EMISORAS,A.F.P.,,Anual Individual,Anual,Soles,M todo Directo,1176133,177480,998653,353320,150148,162285,-6547,155738,3A01ST,3A0206,False,PRELIMINAR
OE3191,20517207331,PROTECTA S.A. COMPAÑIA DE SEGUROS Y REASEGUROS,2018,EMPRESAS EMISORAS,SEGUROS,,Anual Individual,Anual,Soles,M todo Indirecto,1217113,1051475,165638,60129,2810,181920,-879,181041,3E0301,3E0405,True,PRELIMINAR
J40371,20553157014,QUALITAS COMPAÑIA DE SEGUROS S.A.,2018,EMPRESAS EMISORAS,SEGUROS,,Anual Individual,Anual,Soles,M todo Indirecto,33258,20368,12890,16178,-3299,-4171,0,-4171,3E0301,3E0405,False,PRELIMINAR
B20042,20330791501,QUIMPAC S.A.,2018,EMPRESAS EMISORAS,INDUSTRIALES,,Anual Individual,Anual,D lares,M todo Directo,670105,296773,373332,234048,36692,42117,-12510,29607,3D01ST,3D0206,True,PRELIMINAR
B90002,20100298725,RED BICOLOR DE COMUNICACIONES S.A.A. - RBC TV S.A.A.,2018,EMPRESAS EMISORAS,DIVERSOS,,Anual Individual,Anual,Soles,M todo Directo,8500,4235,4265,3563,-771,297,-51,246,3D01ST,3D0206,False,PRELIMINAR
SP0008,20504645046,RED DE ENERGIA DEL PERU S.A.,2018,EMPRESAS EMISORAS,SERVICIOS PUBLICOS,,Anual Individual,Anual,D lares,M todo Directo,505908,319048,186860,167382,47037,76131,-742,75389,3D01ST,3D0206,False,PRELIMINAR
OE3927,20505377142,RED VIAL 5 S.A.,2018,EMPRESAS EMISORAS,DIVERSOS,,Anual Individual,Anual,Soles,M todo Indirecto,572517,372767,199750,163119,17219,70939,-2,70937,3D01ST,3D0206,True,PRELIMINAR
002766,20259829594,REFINERIA LA PAMPILLA S.A.A.,2018,EMPRESAS EMISORAS,INDUSTRIALES,,Anual Individual,Anual,D lares,M todo Directo,2054676,1497976,556700,4020592,-57589,-80103,-115241,-195344,3D01ST,3D0206,False,PRELIMINAR
J40285,20552322704,RIGEL PERU S.A. COMPAÑIA DE SEGUROS DE VIDA - EN LIQUIDACION,2018,EMPRESAS EMISORAS,SEGUROS,,Anual Individual,Anual,Soles,M todo Indirecto,19315,8161,11154,121,-4245,-5701,-20,-5721,3E0301,3E0405,False,PRELIMINAR
B80037,20100041953,RIMAC SEGUROS Y REASEGUROS,2018,EMPRESAS EMISORAS,SEGUROS,,Anual Individual,Anual,Soles,M todo Indirecto,13363997,11758041,1605956,3325576,190279,813580,-36524,777056,3E0301,3E0405,False,PRELIMINAR
014313,20100128056,SAGA FALABELLA S.A.,2018,EMPRESAS EMISORAS,DIVERSOS,,Anual Individual,Anual,Soles,M todo Directo,1877452,1194397,683055,3066127,166240,278206,-111619,166587,3D01ST,3D0206,False,PRELIMINAR
B80134,20255993225,SANTANDER CONSUMER BANK S.A.,2018,EMPRESAS EMISORAS,BANCOS,,Anual Individual,Anual,Soles,M todo Indirecto,4896069,3924551,971518,1329367,247953,244709,-5661,239048,3F0501,3F0625,True,PRELIMINAR
B80012,20100043140,SCOTIABANK PERU S.A.A.,2018,EMPRESAS EMISORAS,BANCOS,,Anual Individual,Anual,Soles,M todo Indirecto,63813979,54952881,8861098,3663193,1280650,1165876,-60646,1105230,3F0501,3F0625,True,PRELIMINAR
SP0012,20100152356,SERVICIO DE AGUA POTABLE Y ALCANTARILLADO - SEDAPAL,2018,EMPRESAS EMISORAS,SERVICIOS PUBLICOS,,Anual Individual,Anual,Soles,M todo Directo,10896020,6242131,4653889,2084957,355854,505858,-521446,-15588,3D01ST,3D0206,False,PRELIMINAR
SP0002,20325493811,SHOUGANG GENERACION ELECTRICA S.A.A.,2018,EMPRESAS EMISORAS,SERVICIOS PUBLICOS,,Anual Individual,Anual,Soles,M todo Directo,242869,117372,125497,113323,20807,27391,-705,26686,3D01ST,3D0206,True,PRELIMINAR
CM0004,20100142989,SHOUGANG HIERRO PERU S.A.A.,2018,EMPRESAS EMISORAS,MINERAS,,Anual Individual,Anual,Soles,M todo Indirecto,6459986,5393880,1066106,1385346,229461,495805,-841075,-345270,3D01ST,3D0206,False,PRELIMINAR
SP0010,20100188628,SOCIEDAD ELECTRICA DEL SUR OESTE S.A. - SEAL,2018,EMPRESAS EMISORAS,SERVICIOS PUBLICOS,,Anual Individual,Anual,Soles,M todo Directo,670979,259415,411564,532926,60129,105800,-57145,48655,3D01ST,3D0206,False,PRELIMINAR
B30143,20100113539,SOCIEDAD INDUSTRIAL DE ARTICULOS DE METAL S.A.C. - SIAM EN LIQUIDACION,2018,EMPRESAS EMISORAS,INDUSTRIALES,,Anual Individual,Anual,Soles,M todo Directo,1333,0,1333,63,-1707,-626,0,-626,3D01ST,3D0206,False,PRELIMINAR
CM0006,20170072465,SOCIEDAD MINERA CERRO VERDE S.A.A.,2018,EMPRESAS EMISORAS,MINERAS,,Anual Individual,Anual,D lares,M todo Indirecto,7554712,2445840,5108872,3054026,119710,808556,-280183,528373,3D01ST,3D0206,False,PRELIMINAR
002597,20217427593,SOCIEDAD MINERA CORONA S.A.,2018,EMPRESAS EMISORAS,MINERAS,,Anual Individual,Anual,D lares,M todo Indirecto,169034,49205,119829,168657,46131,53231,-17597,35634,3D01ST,3D0206,False,PRELIMINAR
B20026,20100017572,SOCIEDAD MINERA EL BROCAL S.A.A.,2018,EMPRESAS EMISORAS,MINERAS,,Anual Individual,Anual,D lares,M todo Directo,773554,340735,432819,332298,6305,74985,-29572,45413,3D01ST,3D0206,False,PRELIMINAR
B80013,20100161771,SOLUCION EMPRESA ADMINISTRADORA HIPOTECARIA S.A.,2018,EMPRESAS EMISORAS,DIVERSOS,,Anual Individual,Anual,Soles,M todo Directo,216122,146420,69702,16015,4968,46639,0,46639,3F0501,3F0625,False,PRELIMINAR
B20027,20100147514,"SOUTHERN PERU COPPER CORPORATION, SUCURSAL DEL PERU",2018,EMPRESAS EMISORAS,MINERAS,,Anual Individual,Anual,D lares,M todo Directo,6210669,929363,5281306,2572184,570046,987795,-708319,279476,3D01ST,3D0206,False,PRELIMINAR
000432,20100070970,SUPERMERCADOS PERUANOS S.A.,2018,EMPRESAS EMISORAS,DIVERSOS,,Anual Individual,Anual,Soles,M todo Directo,3717144,2700095,1017049,5120158,78986,408092,-447014,-38922,3D01ST,3D0206,False,PRELIMINAR
L00443,20518630891,TERMOCHILCA SAC,2018,EMPRESAS EMISORAS,SERVICIOS PUBLICOS,,Anual Individual,Anual,D lares,M todo Directo,335110,220084,115026,77189,-6252,-2557,-9666,-12223,3D01ST,3D0206,False,PRELIMINAR
CF0001,20377892918,TOTAL SERVICIOS FINANCIEROS EMPRESA DE CREDITOS,2018,EMPRESAS EMISORAS,FINANCIERAS,,Anual Individual,Anual,Soles,M todo Directo,314853,256229,58624,26124,4192,9790,-1427,8363,3F0501,3F0625,False,PRELIMINAR
OE2487,20100087198,TRADI S.A.,2018,EMPRESAS EMISORAS,DIVERSOS,,Anual Individual,Anual,Soles,M todo Directo,567033,245339,321694,547964,3205,-12477,-1989,-14466,3D01ST,3D0206,False,PRELIMINAR
CD0009,20468451451,TRANSACCIONES FINANCIERAS S.A.,2018,EMPRESAS EMISORAS,DIVERSOS,,Anual Individual,Anual,Soles,M todo Indirecto,90657,176,90481,0,14150,-59,0,-59,3D01ST,3D0206,False,PRELIMINAR
CI0009,20499432021,TRANSPORTADORA DE GAS DEL PERU S.A.,2018,EMPRESAS EMISORAS,SERVICIOS PUBLICOS,,Anual Individual,Anual,D lares,M todo Directo,1569925,1255388,314537,691252,232077,347671,-6472,341199,3D01ST,3D0206,False,PRELIMINAR
B30121,20100137390,UNACEM CORP SOCIEDAD ANONIMA ABIERTA - UNACEM CORP S.A.A.,2018,EMPRESAS EMISORAS,DIVERSOS,,Anual Individual,Anual,Soles,M todo Directo,8566154,4149850,4416304,1968994,242216,505657,-153589,352068,3D01ST,3D0206,False,PRELIMINAR
B30021,20100113610,UNION DE CERVECERIAS PERUANAS BACKUS Y JOHNSTON S.A.A.,2018,EMPRESAS EMISORAS,INDUSTRIALES,,Anual Individual,Anual,Soles,M todo Indirecto,6518208,4269078,2249130,4617046,1822934,2410872,-207024,2203848,3D01ST,3D0206,True,PRELIMINAR
OE5376,20554477721,VIVIR SEGUROS COMPAÑIA DE SEGUROS DE VIDA S.A.,2018,EMPRESAS EMISORAS,SEGUROS,,Anual Individual,Anual,Soles,M todo Indirecto,417350,375029,42321,150678,-28308,41255,-5506,35749,3E0301,3E0405,True,PRELIMINAR
CM0001,20383045267,VOLCAN COMPAÑIA MINERA S.A.A.,2018,EMPRESAS EMISORAS,MINERAS,,Anual Individual,Anual,D lares,M todo Directo,2357630,1184794,1172836,411746,9856,166926,-30656,136270,3D01ST,3D0206,True,PRELIMINAR
023490,20312372895,YURA S.A.,2018,EMPRESAS EMISORAS,INDUSTRIALES,,Anual Individual,Anual,Soles,M todo Directo,3201445,1489786,1711659,990507,233904,355342,-33832,321510,3D01ST,3D0206,True,PRELIMINAR
020045,20260172035,ACTIVO INMOBILIARIO PERUANO S.A.A. (ANTES FALABELLA PERU S.A.A.),2019,EMPRESAS EMISORAS,DIVERSOS,,Anual Individual,Anual,Soles,M todo Directo,2070390,213499,1856891,0,401573,33285,0,33285,3D01ST,3D0206,False,PRELIMINAR
B80018,20100047307,ADMINISTRADORA DEL COMERCIO S.A. EN LIQUIDACION,2019,EMPRESAS EMISORAS,DIVERSOS,,Anual Individual,Anual,Soles,M todo Directo,59721,30592,29129,7954,-10036,-9848,-50,-9898,3D01ST,3D0206,False,PRELIMINAR
003277,20306841506,ADMINISTRADORA JOCKEY PLAZA SHOPPING CENTER S.A.,2019,EMPRESAS EMISORAS,DIVERSOS,,Anual Individual,Anual,Soles,M todo Directo,2201170,1402686,798484,342667,64120,117970,-1938,116032,3D01ST,3D0206,False,PRELIMINAR
023106,20332600592,AENZA S.A.A.,2019,EMPRESAS EMISORAS,DIVERSOS,,Anual Individual,Anual,Soles,M todo Indirecto,2089314,582577,1506737,61345,-875035,104776,-73,104703,3D01ST,3D0206,True,PRELIMINAR
OE4132,20551464971,AFP HABITAT S.A.,2019,EMPRESAS EMISORAS,A.F.P.,,Anual Individual,Anual,Soles,M todo Directo,157258,31066,126192,130493,38816,56702,-745,55957,3A01ST,3A0206,False,PRELIMINAR
AFP002,20157036794,AFP INTEGRA,2019,EMPRESAS EMISORAS,A.F.P.,,Anual Individual,Anual,Soles,M todo Directo,1416106,220411,1195695,413657,170580,154186,-8379,145807,3A01ST,3A0206,False,PRELIMINAR
B11073,20164042686,AGRICOLA CAYALTI SOCIEDAD ANONIMA ABIERTA,2019,EMPRESAS EMISORAS,AGRICOLAS,,Anual Individual,Anual,Soles,M todo Directo,476124,217652,258472,10855,-24665,-3309,-99,-3408,3D01ST,3D0206,False,PRELIMINAR
B11067,20135948641,AGRO INDUSTRIAL PARAMONGA S.A.,2019,EMPRESAS EMISORAS,AGRICOLAS,,Anual Individual,Anual,Soles,M todo Directo,790586,337425,453161,209779,8789,52519,-13398,39121,3D01ST,3D0206,True,PRELIMINAR
B08363,20132377783,AGROINDUSTRIAL LAREDO S.A.A.,2019,EMPRESAS EMISORAS,AGRICOLAS,,Anual Individual,Anual,Soles,M todo Directo,814907,273906,541001,250676,7347,23531,-13128,10403,3D01ST,3D0206,False,PRELIMINAR
OE4115,20104420282,AGROINDUSTRIAS AIB S.A.,2019,EMPRESAS EMISORAS,INDUSTRIALES,,Anual Individual,Anual,Soles,M todo Directo,349628,153941,195687,166644,-6003,637,-8501,-7864,3D01ST,3D0206,True,PRELIMINAR
B11068,20116225779,AGROINDUSTRIAS SAN JACINTO S.A.A.,2019,EMPRESAS EMISORAS,AGRICOLAS,,Anual Individual,Anual,Soles,M todo Directo,512588,156397,356191,163454,5322,26567,-16772,9795,3D01ST,3D0206,True,PRELIMINAR
OE4977,20546844791,AGROKASA HOLDINGS S.A.,2019,EMPRESAS EMISORAS,DIVERSOS,,Anual Individual,Anual,D lares,M todo Directo,138551,1139,137412,13255,13235,13227,0,13227,3D01ST,3D0206,False,PRELIMINAR
OE7816,20602150837,AI INVERSIONES PALO ALTO S.A.,2019,EMPRESAS EMISORAS,DIVERSOS,,Anual Individual,Anual,Soles,M todo Directo,249237,0,249237,0,-21399,251,0,251,3D01ST,3D0206,False,PRELIMINAR
OE3203,20517476405,ALFIN BANCO S.A.,2019,EMPRESAS EMISORAS,BANCOS,,Anual Individual,Anual,Soles,M todo Indirecto,649344,517176,132168,300299,-9434,52007,-13252,38755,3F0501,3F0625,True,PRELIMINAR
B30006,20100055237,ALICORP S.A.A.,2019,EMPRESAS EMISORAS,INDUSTRIALES,,Anual Individual,Anual,Soles,M todo Directo,8736316,5309811,3426505,4687530,476228,327858,-109420,218438,3D01ST,3D0206,False,PRELIMINAR
B60053,20265391886,AMERIKA FINANCIERA S.A. EN LIQUIDACION,2019,EMPRESAS EMISORAS,FINANCIERAS,,Anual Individual,Anual,Soles,M todo Directo,19426,3794,15632,319,-400,-774,0,-774,3F0501,3F0625,False,PRELIMINAR
J40120,20511230188,ANDINO INVESTMENT HOLDING S.A.A.,2019,EMPRESAS EMISORAS,DIVERSOS,,Anual Individual,Anual,Soles,M todo Indirecto,396248,12708,383540,68,-14647,-107660,-655,-108315,3D01ST,3D0206,False,PRELIMINAR
J40450,20554816526,AUGUSTAR SEGUROS Y REASEGUROS S.A. (ANTES OHIO NATIONAL SEGUROS DE VIDA Y REASEGUROS S.A.),2019,EMPRESAS EMISORAS,SEGUROS,,Anual Individual,Anual,Soles,M todo Indirecto,341060,208497,132563,192881,25760,37828,-89,37739,3E0301,3E0405,False,PRELIMINAR
CI0006,20338054115,AUSTRAL GROUP S.A.A.,2019,EMPRESAS EMISORAS,INDUSTRIALES,,Anual Individual,Anual,Soles,M todo Directo,1054382,532284,522098,623725,21768,85472,-84873,599,3D01ST,3D0206,False,PRELIMINAR
J40809,20600825187,AVLA PERU COMPAÑIA DE SEGUROS S.A.,2019,EMPRESAS EMISORAS,SEGUROS,,Anual Individual,Anual,Soles,M todo Indirecto,161476,106081,55395,92784,23634,17862,310,,3E0301,3E0405,True,REVISAR_CAPEX_POSITIVO
J40847,20562964682,AZZARO TRADING S.A.,2019,EMPRESAS EMISORAS,DIVERSOS,,Anual Individual,Anual,Soles,M todo Indirecto,83778,39783,43995,4273,8892,-18074,0,-18074,3D01ST,3D0206,False,PRELIMINAR
B80004,20100130204,BANCO BBVA PERU,2019,EMPRESAS EMISORAS,BANCOS,,Anual Individual,Anual,Soles,M todo Indirecto,81722021,72534261,9187760,4745777,1609900,1635961,-236394,1399567,3F0501,3F0625,False,PRELIMINAR
CF0004,20509507199,BANCO DE COMERCIO,2019,EMPRESAS EMISORAS,BANCOS,,Anual Individual,Anual,Soles,M todo Directo,2038559,1700886,337673,224953,34619,-92984,674,,3F0501,3F0625,True,REVISAR_CAPEX_POSITIVO
B80005,20100047218,BANCO DE CREDITO DEL PERU,2019,EMPRESAS EMISORAS,BANCOS,,Anual Individual,Anual,Soles,M todo Indirecto,140807819,121974316,18833503,8656535,3622708,6299327,-407062,5892265,3F0501,3F0625,False,PRELIMINAR
J00122,20100030595,BANCO DE LA NACION,2019,EMPRESAS EMISORAS,BANCOS,,Anual Individual,Anual,Soles,M todo Indirecto,32936301,30171480,2764821,1634010,1089540,3298231,-42061,3256170,3F0501,3F0625,True,PRELIMINAR
OE2254,20441805960,BANCO EFECTIVA S.A. (ANTES FINANCIERA EFECTIVA S.A.),2019,EMPRESAS EMISORAS,BANCOS,,Anual Individual,Anual,Soles,M todo Indirecto,984789,734921,249868,411832,55102,-29453,-15733,-45186,3F0501,3F0625,False,PRELIMINAR
B80144,20330401991,BANCO FALABELLA PERU S.A.,2019,EMPRESAS EMISORAS,BANCOS,,Anual Individual,Anual,Soles,M todo Indirecto,4321410,3520216,801194,911680,95119,-10218,-49053,-59271,3F0501,3F0625,False,PRELIMINAR
OE2271,20513074370,BANCO GNB PERU S.A.,2019,EMPRESAS EMISORAS,BANCOS,,Anual Individual,Anual,Soles,M todo Indirecto,5640398,4862286,778112,393025,44004,189077,-2648,186429,3F0501,3F0625,False,PRELIMINAR
B80123,20101036813,BANCO INTERAMERICANO DE FINANZAS,2019,EMPRESAS EMISORAS,BANCOS,,Anual Individual,Anual,Soles,M todo Indirecto,14853368,13634701,1218667,945786,157018,-432832,-30579,-463411,3F0501,3F0625,False,PRELIMINAR
B80020,20100053455,BANCO INTERNACIONAL DEL PERU S.A.A. - INTERBANK,2019,EMPRESAS EMISORAS,BANCOS,,Anual Individual,Anual,Soles,M todo Indirecto,52303113,46274122,6028991,4094799,1221516,2066187,-195256,1870931,3F0501,3F0625,False,PRELIMINAR
B80009,20100105862,BANCO PICHINCHA,2019,EMPRESAS EMISORAS,BANCOS,,Anual Individual,Anual,Soles,M todo Directo,9634498,8729136,905362,952130,55326,-59038,-13730,-72768,3F0501,3F0625,False,PRELIMINAR
B80141,20259702411,BANCO RIPLEY PERU S.A.,2019,EMPRESAS EMISORAS,BANCOS,,Anual Individual,Anual,Soles,M todo Indirecto,2575489,2105738,469751,641492,60881,17148,-35566,-18418,3F0501,3F0625,False,PRELIMINAR
OE3056,20516711559,BANCO SANTANDER PERU S.A.,2019,EMPRESAS EMISORAS,BANCOS,,Anual Individual,Anual,Soles,M todo Indirecto,6244179,5433093,811086,307191,107847,-433315,-10106,-443421,3F0501,3F0625,False,PRELIMINAR
B30079,20100096341,BAYER S.A.,2019,EMPRESAS EMISORAS,DIVERSOS,,Anual Individual,Anual,Soles,M todo Directo,477747,47214,430533,291580,24632,34660,-1730,32930,3D01ST,3D0206,False,PRELIMINAR
OE4837,20513328819,BNP PARIBAS CARDIF S.A. COMPAÑIA DE SEGUROS Y REASEGUROS,2019,EMPRESAS EMISORAS,SEGUROS,,Anual Individual,Anual,Soles,M todo Indirecto,476181,233424,242757,249296,-48272,-159,-192,-351,3E0301,3E0405,False,PRELIMINAR
J00124,20100209641,CAJA MUNICIPAL DE AHORRO Y CREDITO DE AREQUIPA S.A.,2019,EMPRESAS EMISORAS,FINANCIERAS,,Anual Individual,Anual,Soles,M todo Indirecto,6206673,5425657,781016,1057562,138797,127079,-59574,67505,3F0501,3F0625,False,PRELIMINAR
J40137,20130200789,CAJA MUNICIPAL DE AHORRO Y CREDITO DE HUANCAYO S.A.,2019,EMPRESAS EMISORAS,FINANCIERAS,,Anual Individual,Anual,Soles,M todo Indirecto,5124373,4498766,625607,846053,102798,223813,-20561,203252,3F0501,3F0625,False,PRELIMINAR
J40630,20322445564,CAJA RURAL DE AHORRO Y CREDITO LOS ANDES S.A.,2019,EMPRESAS EMISORAS,FINANCIERAS,,Anual Individual,Anual,Soles,M todo Indirecto,530918,428161,102757,136526,-9495,31773,-3743,28030,3F0501,3F0625,False,PRELIMINAR
B11082,20131867744,CARTAVIO SOCIEDAD ANONIMA ABIERTA,2019,EMPRESAS EMISORAS,AGRICOLAS,,Anual Individual,Anual,Soles,M todo Directo,765130,188211,576919,319125,35426,91192,-18385,72807,3D01ST,3D0206,False,PRELIMINAR
B08361,20131823020,CASA GRANDE SOCIEDAD ANONIMA ABIERTA,2019,EMPRESAS EMISORAS,AGRICOLAS,,Anual Individual,Anual,Soles,M todo Directo,1713778,375424,1338354,471532,18062,123224,-33125,90099,3D01ST,3D0206,False,PRELIMINAR
CD0005,20419387658,CEMENTOS PACASMAYO S.A.A.,2019,EMPRESAS EMISORAS,INDUSTRIALES,,Anual Individual,Anual,Soles,M todo Indirecto,2815543,1393892,1421651,893841,132047,161550,-30502,131048,3D01ST,3D0206,False,PRELIMINAR
019094,20129854953,CENTRAL AZUCARERA CHUCARAPI-PAMPA BLANCA S.A.,2019,EMPRESAS EMISORAS,AGRICOLAS,,Anual Individual,Anual,Soles,M todo Directo,152973,51894,101079,7468,-7461,-2045,-13,-2058,3D01ST,3D0206,False,PRELIMINAR
B30023,20128915711,CERVECERIA SAN JUAN S.A.,2019,EMPRESAS EMISORAS,INDUSTRIALES,,Anual Individual,Anual,Soles,M todo Indirecto,1288303,1044358,243945,841693,295410,316263,-17608,298655,3D01ST,3D0206,False,PRELIMINAR
CS0007,20109068498,CESCE PERU S.A. COMPAÑIA DE SEGUROS,2019,EMPRESAS EMISORAS,SEGUROS,,Anual Individual,Anual,Soles,M todo Directo,111311,66875,44436,70109,14076,8369,-326,8043,3E0301,3E0405,False,PRELIMINAR
CD0001,20390863871,CFI HOLDINGS S.A.,2019,EMPRESAS EMISORAS,DIVERSOS,,Anual Individual,Anual,D lares,M todo Directo,149641,28455,121186,0,16111,10025,-189,9836,3D01ST,3D0206,False,PRELIMINAR
CS0003,20390625007,CHUBB PERU S.A. COMPAÑIA DE SEGUROS Y REASEGUROS,2019,EMPRESAS EMISORAS,SEGUROS,,Anual Individual,Anual,Soles,M todo Directo,511488,427830,83658,302107,7075,44168,-868,43300,3E0301,3E0405,False,PRELIMINAR
CB0002,20100116635,CITIBANK DEL PERU S.A.,2019,EMPRESAS EMISORAS,BANCOS,,Anual Individual,Anual,Soles,M todo Directo,5911013,4925794,985219,184250,213915,626640,-3239,623401,3F0501,3F0625,False,PRELIMINAR
J40815,20600524233,COFACE SEGURO DE CREDITO PERU S.A. EN LIQUIDACION,2019,EMPRESAS EMISORAS,SEGUROS,,Anual Individual,Anual,Soles,M todo Indirecto,13433,4170,9263,3312,-2067,-3453,0,-3453,3E0301,3E0405,False,PRELIMINAR
OE5506,20510713363,COLEGIOS PERUANOS S.A.,2019,EMPRESAS EMISORAS,DIVERSOS,,Anual Individual,Anual,Soles,M todo Directo,1095505,748157,347348,261438,-6894,45313,-140898,-95585,3D01ST,3D0206,False,PRELIMINAR
B20003,20100079501,COMPAÑIA DE MINAS BUENAVENTURA S.A.A.,2019,EMPRESAS EMISORAS,MINERAS,,Anual Individual,Anual,D lares,M todo Directo,3342297,570775,2771522,473175,-12208,3679,-54770,-51091,3D01ST,3D0206,False,PRELIMINAR
B20041,20137025354,COMPAÑIA MINERA PODEROSA S.A.A.,2019,EMPRESAS EMISORAS,MINERAS,,Anual Individual,Anual,Soles,M todo Indirecto,1390498,423589,966909,1451789,301140,535510,-97648,437862,3D01ST,3D0206,False,PRELIMINAR
B20013,20100177421,COMPAÑIA MINERA SAN IGNACIO DE MOROCOCHA S.A.A.,2019,EMPRESAS EMISORAS,MINERAS,,Anual Individual,Anual,Soles,M todo Indirecto,395883,198505,197378,125607,-22406,45915,-13980,31935,3D01ST,3D0206,False,PRELIMINAR
B20016,20100120314,COMPAÑIA MINERA SANTA LUISA S.A.,2019,EMPRESAS EMISORAS,MINERAS,,Anual Individual,Anual,Soles,M todo Directo,319032,155872,163160,230150,22120,61382,-37619,23763,3D01ST,3D0206,False,PRELIMINAR
CI0005,20100562848,COMPAÑIA UNIVERSAL TEXTIL S.A. EN LIQUIDACION,2019,EMPRESAS EMISORAS,INDUSTRIALES,,Anual Individual,Anual,Soles,M todo Directo,181422,71174,110248,18628,-11398,-2113,-94,-2207,3D01ST,3D0206,False,PRELIMINAR
OE4501,20369155360,COMPARTAMOS BANCO S.A.,2019,EMPRESAS EMISORAS,BANCOS,,Anual Individual,Anual,Soles,M todo Directo,2996081,2476334,519747,796928,97953,69326,-22262,47064,3F0501,3F0625,False,PRELIMINAR
OE3212,20509093521,CONCESIONARIA TRASVASE OLMOS S.A.,2019,EMPRESAS EMISORAS,DIVERSOS,,Anual Individual,Anual,D lares,M todo Indirecto,123370,106250,17120,15640,773,23686,-87,23599,3D01ST,3D0206,False,PRELIMINAR
OE3557,20518410858,CONSORCIO CEMENTERO DEL SUR S.A.,2019,EMPRESAS EMISORAS,DIVERSOS,,Anual Individual,Anual,Soles,M todo Directo,658133,62518,595615,0,86438,91093,0,91093,3D01ST,3D0206,True,PRELIMINAR
000683,20100195080,CONSORCIO INDUSTRIAL DE AREQUIPA SA,2019,EMPRESAS EMISORAS,INDUSTRIALES,,Anual Individual,Anual,Soles,M todo Directo,68409,16243,52166,55598,7379,14828,-575,14253,3D01ST,3D0206,False,PRELIMINAR
CD0013,20383316473,CONSORCIO TRANSMANTARO S.A.,2019,EMPRESAS EMISORAS,SERVICIOS PUBLICOS,,Anual Individual,Anual,D lares,M todo Directo,1536324,1058906,477418,189831,57359,118679,-391,118288,3D01ST,3D0206,False,PRELIMINAR
CI0003,20370146994,CORPORACION ACEROS AREQUIPA S.A.,2019,EMPRESAS EMISORAS,INDUSTRIALES,,Anual Individual,Anual,Soles,M todo Directo,3886858,1799161,2087697,2729515,198956,548336,-158863,389473,3D01ST,3D0206,True,PRELIMINAR
019886,20161636780,CORPORACION CERAMICA S.A.,2019,EMPRESAS EMISORAS,INDUSTRIALES,,Anual Individual,Anual,Soles,M todo Directo,284228,82517,201711,155237,13741,4516,11770,,3D01ST,3D0206,False,REVISAR_CAPEX_POSITIVO
B30207,20100228352,CORPORACION CERVESUR S.A.A.,2019,EMPRESAS EMISORAS,DIVERSOS,,Anual Individual,Anual,Soles,M todo Directo,601078,29063,572015,2645,30431,15669,-132,15537,3D01ST,3D0206,False,PRELIMINAR
CF0002,20100116392,CORPORACION FINANCIERA DE DESARROLLO S.A. - COFIDE,2019,EMPRESAS EMISORAS,FINANCIERAS,,Anual Individual,Anual,Soles,M todo Indirecto,10451360,8403877,2047483,432896,26409,1189084,-2069,1187015,3F0501,3F0625,False,PRELIMINAR
000355,20100082391,COSAPI S.A.,2019,EMPRESAS EMISORAS,DIVERSOS,,Anual Individual,Anual,Soles,M todo Indirecto,989239,798788,190451,1345172,-153406,-45896,-9744,-55640,3D01ST,3D0206,False,PRELIMINAR
J40768,20600098633,CRECER SEGUROS S.A. COMPANIA DE SEGUROS,2019,EMPRESAS EMISORAS,SEGUROS,,Anual Individual,Anual,Soles,M todo Indirecto,74178,43919,30259,93848,2318,19348,-336,19012,3E0301,3E0405,False,PRELIMINAR
OE5132,20548185051,CREDICORP CAPITAL PERU S.A.A.,2019,EMPRESAS EMISORAS,DIVERSOS,,Anual Individual,Anual,Soles,M todo Directo,115176,333,114843,0,27137,85493,0,85493,3D01ST,3D0206,False,PRELIMINAR
B30060,20133530003,CREDITEX S.A.A.,2019,EMPRESAS EMISORAS,INDUSTRIALES,,Anual Individual,Anual,Soles,M todo Directo,520981,151943,369038,267696,7388,-10612,-1636,-12248,3D01ST,3D0206,False,PRELIMINAR
OE2258,20509845167,DIVISO GRUPO FINANCIERO S.A.,2019,EMPRESAS EMISORAS,DIVERSOS,,Anual Individual,Anual,Soles,M todo Indirecto,426951,90050,336901,38366,-16371,-17041,0,-17041,3D01ST,3D0206,False,PRELIMINAR
OE3808,20516534754,DUNAS ENERGIA S.A.A.,2019,EMPRESAS EMISORAS,DIVERSOS,,Anual Individual,Anual,Soles,M todo Indirecto,234416,57691,176725,18997,12180,44923,0,44923,3D01ST,3D0206,True,PRELIMINAR
B40013,20106156400,ELECTRO DUNAS S.A.A.,2019,EMPRESAS EMISORAS,SERVICIOS PUBLICOS,,Anual Individual,Anual,Soles,M todo Indirecto,834572,607580,226992,373123,11378,79217,-23563,55654,3D01ST,3D0206,True,PRELIMINAR
B40005,20116544289,ELECTRO SUR ESTE S.A.A.,2019,EMPRESAS EMISORAS,SERVICIOS PUBLICOS,,Anual Individual,Anual,Soles,M todo Directo,1036507,429932,606575,459791,63860,100153,-62467,37686,3D01ST,3D0206,False,PRELIMINAR
B11072,20131835621,EMPRESA AGRARIA CHIQUITOY S.A.,2019,EMPRESAS EMISORAS,AGRICOLAS,,Anual Individual,Anual,Soles,M todo Directo,128736,32729,96007,29685,12370,15982,-1564,14418,3D01ST,3D0206,False,PRELIMINAR
B11074,20103272964,EMPRESA AGRICOLA SAN JUAN S.A.,2019,EMPRESAS EMISORAS,AGRICOLAS,,Anual Individual,Anual,Soles,M todo Directo,146315,73088,73227,65528,1169,-24925,-4080,-29005,3D01ST,3D0206,False,PRELIMINAR
B08358,20133419749,EMPRESA AGRICOLA SINTUCO S.A.,2019,EMPRESAS EMISORAS,AGRICOLAS,,Anual Individual,Anual,Soles,M todo Directo,82782,13381,69401,14556,-844,-3973,-1774,-5747,3D01ST,3D0206,False,PRELIMINAR
B08360,20163898200,EMPRESA AGROINDUSTRIAL POMALCA S.A.A.,2019,EMPRESAS EMISORAS,AGRICOLAS,,Anual Individual,Anual,Soles,M todo Directo,1231418,596929,634489,94240,-16608,-1532,-527,-2059,3D01ST,3D0206,False,PRELIMINAR
017070,20141723601,EMPRESA AZUCARERA EL INGENIO S.A.,2019,EMPRESAS EMISORAS,AGRICOLAS,,Anual Individual,Anual,Soles,M todo Directo,68874,18569,50305,7091,552,30,0,30,3D01ST,3D0206,False,PRELIMINAR
L00914,20550226589,EMPRESA DE CREDITOS SANTANDER CONSUMO PERU S.A.,2019,EMPRESAS EMISORAS,FINANCIERAS,,Anual Individual,Anual,Soles,M todo Directo,598217,494665,103552,77669,15423,-78704,-2024,-80728,3F0501,3F0625,False,PRELIMINAR
OE2027,20279889208,EMPRESA DE GENERACION ELECTRICA DEL SUR S.A.,2019,EMPRESAS EMISORAS,SERVICIOS PUBLICOS,,Anual Individual,Anual,Soles,M todo Directo,196409,53785,142624,41619,7015,21761,-6069,15692,3D01ST,3D0206,False,PRELIMINAR
SP0009,20262221335,EMPRESA DE GENERACION ELECTRICA SAN GABAN S.A.,2019,EMPRESAS EMISORAS,SERVICIOS PUBLICOS,,Anual Individual,Anual,Soles,M todo Directo,441324,66932,374392,65538,20585,40859,-23647,17212,3D01ST,3D0206,False,PRELIMINAR
B30241,20143229816,EMPRESA EDITORA EL COMERCIO S.A.,2019,EMPRESAS EMISORAS,INDUSTRIALES,,Anual Individual,Anual,Soles,M todo Directo,1468828,302117,1166711,494799,102205,-32810,-5562,-38372,3D01ST,3D0206,False,PRELIMINAR
CD0022,20100027705,EMPRESA ELECTRICIDAD DEL PERU - ELECTROPERU S.A.,2019,EMPRESAS EMISORAS,SERVICIOS PUBLICOS,,Anual Individual,Anual,Soles,M todo Directo,3630310,838337,2791973,1726067,394787,349900,-31196,318704,3D01ST,3D0206,False,PRELIMINAR
B40006,20119205949,EMPRESA REGIONAL DE SERVICIO PUBLICO DE ELECTRICIDAD - ELECTROSUR S.A.,2019,EMPRESAS EMISORAS,SERVICIOS PUBLICOS,,Anual Individual,Anual,Soles,M todo Directo,333827,159451,174376,202146,14946,25975,-39262,-13287,3D01ST,3D0206,False,PRELIMINAR
SP0006,20405479592,EMPRESA REGIONAL DE SERVICIO PUBLICO DE ELECTRICIDAD DE PUNO S.A.A. - ELECTROPUNO,2019,EMPRESAS EMISORAS,SERVICIOS PUBLICOS,,Anual Individual,Anual,Soles,M todo Directo,468281,192563,275718,231052,27222,22293,-19644,2649,3D01ST,3D0206,False,PRELIMINAR
B40002,20132023540,EMPRESA REGIONAL DE SERVICIO PUBLICO DE ELECTRICIDAD ELECTRONORTE MEDIO S.A. - HIDRANDINA,2019,EMPRESAS EMISORAS,SERVICIOS PUBLICOS,,Anual Individual,Anual,Soles,M todo Directo,1599578,644180,955398,978745,127399,173017,-62379,110638,3D01ST,3D0206,False,PRELIMINAR
CM0003,20402885549,EMPRESA SIDERURGICA DEL PERU S.A.A. - SIDERPERU,2019,EMPRESAS EMISORAS,INDUSTRIALES,,Anual Individual,Anual,Soles,M todo Directo,1826779,411779,1415000,1578074,89157,169479,-25210,144269,3D01ST,3D0206,True,PRELIMINAR
003058,20270508163,ENEL GENERACION PIURA S.A.,2019,EMPRESAS EMISORAS,SERVICIOS PUBLICOS,,Anual Individual,Anual,Soles,M todo Indirecto,847388,325851,521537,275107,77826,109985,-32749,77236,3D01ST,3D0206,True,PRELIMINAR
OE4860,20543420477,ENERGIA DEL PACIFICO S.A.,2019,EMPRESAS EMISORAS,DIVERSOS,,Anual Individual,Anual,D lares,M todo Directo,22705,745,21960,0,-1446,-57409,0,-57409,3D01ST,3D0206,False,PRELIMINAR
J40866,20518648676,ENFOCA SERVICIOS LOGISTICOS S.A.,2019,EMPRESAS EMISORAS,DIVERSOS,,Anual Individual,Anual,Soles,M todo Indirecto,328158,52218,275940,0,55485,6374,0,6374,3D01ST,3D0206,False,PRELIMINAR
002829,20333363900,ENGIE ENERGIA PERU S.A.A.,2019,EMPRESAS EMISORAS,SERVICIOS PUBLICOS,,Anual Individual,Anual,D lares,M todo Directo,2205268,1067998,1137270,536374,104247,233434,-32464,200970,3D01ST,3D0206,False,PRELIMINAR
J40989,20600488296,EXPERTIA TRAVEL S.A.,2019,EMPRESAS EMISORAS,DIVERSOS,,Anual Individual,Anual,D lares,M todo Directo,66359,2239,64120,0,5098,-721,0,-721,3D01ST,3D0206,True,PRELIMINAR
B30094,20100094135,EXSA S.A.,2019,EMPRESAS EMISORAS,INDUSTRIALES,,Anual Individual,Anual,D lares,M todo Directo,257637,155081,102556,196551,-2292,16630,-6336,10294,3D01ST,3D0206,True,PRELIMINAR
B30042,20100020956,FABRICA DE HILADOS Y TEJIDOS SAN MIGUEL S.A. - EN LIQUIDACION,2019,EMPRESAS EMISORAS,INDUSTRIALES,,Anual Individual,Anual,Soles,M todo Directo,1664,8,1656,0,40,0,0,0,3D01ST,3D0206,False,PRELIMINAR
B30211,20100165687,FABRICA NACIONAL DE ACUMULADORES ETNA S.A.,2019,EMPRESAS EMISORAS,INDUSTRIALES,,Anual Individual,Anual,Soles,M todo Directo,335519,237181,98338,189735,-4108,35837,-14332,21505,3D01ST,3D0206,False,PRELIMINAR
B30122,20100051240,FABRICA PERUANA ETERNIT S.A.,2019,EMPRESAS EMISORAS,INDUSTRIALES,,Anual Individual,Anual,Soles,M todo Directo,386166,143512,242654,285908,15361,16738,-13645,3093,3D01ST,3D0206,True,PRELIMINAR
OE4746,20538185010,FACTORING TOTAL S.A. (SOCIEDAD ABSORBIDA),2019,EMPRESAS EMISORAS,DIVERSOS,,Anual Individual,Anual,Soles,M todo Directo,95688,76132,19556,11712,2885,14280,-826,13454,3F0501,3F0625,True,PRELIMINAR
B60001,20100027292,FERREYCORP S.A.A.,2019,EMPRESAS EMISORAS,DIVERSOS,,Anual Individual,Anual,Soles,M todo Directo,2287282,236013,2051269,332976,244854,334622,-661,333961,3D01ST,3D0206,True,PRELIMINAR
B30083,20100083010,FILAMENTOS INDUSTRIALES S.A.,2019,EMPRESAS EMISORAS,DIVERSOS,,Anual Individual,Anual,Soles,M todo Directo,117200,34460,82740,45083,-3025,13704,-337,13367,3D01ST,3D0206,False,PRELIMINAR
OE3205,20228319768,FINANCIERA CONFIANZA S.A.A.,2019,EMPRESAS EMISORAS,FINANCIERAS,,Anual Individual,Anual,Soles,M todo Indirecto,2084156,1725201,358955,446334,45602,22490,-6856,15634,3F0501,3F0625,False,PRELIMINAR
L00416,20328178070,FINANCIERA CREDINKA S.A. EN LIQUIDACION,2019,EMPRESAS EMISORAS,FINANCIERAS,,Anual Individual,Anual,Soles,M todo Indirecto,1133321,981224,152097,194722,55,123821,-69543,54278,3F0501,3F0625,False,PRELIMINAR
OE5251,20348067053,FINANCIERA PROEMPRESA S.A.,2019,EMPRESAS EMISORAS,FINANCIERAS,,Anual Individual,Anual,Soles,M todo Indirecto,498036,413574,84462,109431,12114,-75143,-2121,-77264,3F0501,3F0625,True,PRELIMINAR
OE4241,20521308321,FINANCIERA QAPAQ S.A.,2019,EMPRESAS EMISORAS,FINANCIERAS,,Anual Individual,Anual,Soles,M todo Directo,309119,250214,58905,94455,-5192,-7206,-2386,-9592,3F0501,3F0625,False,PRELIMINAR
J40093,20414671773,FONDO MIVIVIENDA S.A.,2019,EMPRESAS EMISORAS,FINANCIERAS,,Anual Individual,Anual,Soles,M todo Indirecto,9699891,6390903,3308988,526897,30003,-684421,-2287,-686708,3F0501,3F0625,False,PRELIMINAR
OE4159,20523108574,FOSFATOS DEL PACIFICO S.A.,2019,EMPRESAS EMISORAS,MINERAS,,Anual Individual,Anual,Soles,M todo Indirecto,320384,5338,315046,0,-46068,-10681,-1548,-12229,3D01ST,3D0206,False,PRELIMINAR
OE6928,20601413885,FOSSAL S.A.A.,2019,EMPRESAS EMISORAS,DIVERSOS,,Anual Individual,Anual,Soles,M todo Indirecto,234457,271,234186,0,-31340,98,0,98,3D01ST,3D0206,False,PRELIMINAR
001152,20100094054,FUTURA CONSORCIO INMOBILIARIO S.A.,2019,EMPRESAS EMISORAS,DIVERSOS,,Anual Individual,Anual,Soles,M todo Directo,476076,122429,353647,9774,-1174,4094,0,4094,3D01ST,3D0206,True,PRELIMINAR
B80049,20100116988,GR HOLDING S.A.,2019,EMPRESAS EMISORAS,DIVERSOS,,Anual Individual,Anual,Soles,M todo Indirecto,356096,1271,354825,8489,30633,9206,0,9206,3D01ST,3D0206,True,PRELIMINAR
BV0001,20100055661,GRUPO BVL S.A.A.,2019,EMPRESAS EMISORAS,DIVERSOS,,Anual Individual,Anual,Soles,M todo Directo,249924,32298,217626,54808,22399,18148,-260,17888,3D01ST,3D0206,True,PRELIMINAR
J40184,20100077044,HERMES TRANSPORTES BLINDADOS S.A.,2019,EMPRESAS EMISORAS,DIVERSOS,,Anual Individual,Anual,Soles,M todo Directo,847103,598491,248612,370006,69702,102448,-7160,95288,3D01ST,3D0206,False,PRELIMINAR
B30140,20100171814,HIDROSTAL S.A.,2019,EMPRESAS EMISORAS,INDUSTRIALES,,Anual Individual,Anual,Soles,M todo Directo,345136,104452,240684,150836,7725,6650,-2688,3962,3D01ST,3D0206,False,PRELIMINAR
OE5021,20523611250,H2OLMOS S.A.,2019,EMPRESAS EMISORAS,DIVERSOS,,Anual Individual,Anual,Soles,M todo Indirecto,598654,552613,46041,89728,9725,57160,-861,56299,3D01ST,3D0206,False,PRELIMINAR
J40414,20546892175,ICBC PERU BANK,2019,EMPRESAS EMISORAS,BANCOS,,Anual Individual,Anual,Soles,M todo Indirecto,1739937,1400068,339869,41655,12385,477652,-271,477381,3F0501,3F0625,False,PRELIMINAR
J40582,20565403851,ICCGSA INVERSIONES S.A.,2019,EMPRESAS EMISORAS,DIVERSOS,,Anual Individual,Anual,Soles,M todo Indirecto,127776,123210,4566,24,-7196,702,0,702,3D01ST,3D0206,False,PRELIMINAR
J40655,20515164945,INCA RAIL S.A.,2019,EMPRESAS EMISORAS,DIVERSOS,,Anual Individual,Anual,Soles,M todo Directo,351720,251232,100488,125803,12286,36552,-12126,24426,3D01ST,3D0206,False,PRELIMINAR
B30236,20251293181,INDECO S.A.,2019,EMPRESAS EMISORAS,INDUSTRIALES,,Anual Individual,Anual,D lares,M todo Directo,136569,60766,75803,199619,11665,128581,-2092,126489,3D01ST,3D0206,False,PRELIMINAR
B30107,20100004322,INDUSTRIAS DEL ENVASE S.A.,2019,EMPRESAS EMISORAS,INDUSTRIALES,,Anual Individual,Anual,Soles,M todo Directo,188715,70534,118181,139121,8983,19560,-8724,10836,3D01ST,3D0206,False,PRELIMINAR
B30152,20100003512,INDUSTRIAS ELECTRO QUIMICAS S.A. IEQSA,2019,EMPRESAS EMISORAS,INDUSTRIALES,,Anual Individual,Anual,D lares,M todo Directo,55261,17638,37623,114225,251,8029,-680,7349,3D01ST,3D0206,False,PRELIMINAR
OE4256,20522291201,INFINANCE XP S.A. (ANTES FINANCIERA OH! S.A.),2019,EMPRESAS EMISORAS,FINANCIERAS,,Anual Individual,Anual,Soles,M todo Indirecto,1919387,1532760,386627,511372,70330,184068,-8223,175845,3F0501,3F0625,False,PRELIMINAR
OE4660,20543135942,INMOBILIARIA IDE S.A.,2019,EMPRESAS EMISORAS,DIVERSOS,,Anual Individual,Anual,Soles,M todo Indirecto,15132,1997,13135,1578,846,-917,0,-917,3D01ST,3D0206,False,PRELIMINAR
B30127,20100049938,INMOBILIARIA KANPU S.A.,2019,EMPRESAS EMISORAS,DIVERSOS,,Anual Individual,Anual,Soles,M todo Directo,134612,112527,22085,14652,-14235,10590,-3254,7336,3D01ST,3D0206,True,PRELIMINAR
OE7967,20605495339,INMOBILIARIA SIC S.A.,2019,EMPRESAS EMISORAS,DIVERSOS,,Anual Individual,Anual,Soles,M todo Directo,250370,159564,90806,1990,-1987,-3998,0,-3998,3D01ST,3D0206,False,PRELIMINAR
OE5087,0,INRETAIL PERU CORP.,2019,EMPRESAS EMISORAS,DIVERSOS,,Anual Individual,Anual,Soles,M todo Directo,3978012,409752,3568260,161037,118162,146500,0,146500,3D01ST,3D0206,False,PRELIMINAR
OE4150,20492497721,INSUR S.A. COMPAÑIA DE SEGUROS,2019,EMPRESAS EMISORAS,SEGUROS,,Anual Individual,Anual,Soles,M todo Directo,108351,42561,65790,62759,16417,11732,-206,11526,3E0301,3E0405,False,PRELIMINAR
B70009,20100017491,INTEGRATEL PERU S.A.A.,2019,EMPRESAS EMISORAS,SERVICIOS PUBLICOS,,Anual Individual,Anual,Soles,M todo Directo,15411906,10660939,4750967,7877147,-1137136,538570,-1244625,-706055,3D01ST,3D0206,False,PRELIMINAR
OE2305,0,INTERCORP FINANCIAL SERVICES INC.,2019,EMPRESAS EMISORAS,DIVERSOS,,Anual Individual,Anual,Soles,M todo Indirecto,9897968,1041098,8856870,12022,1441258,-42697,0,-42697,3F0501,3F0625,True,PRELIMINAR
CD0010,0,INTERCORP PERU LTD.,2019,EMPRESAS EMISORAS,DIVERSOS,,Anual Individual,Anual,Soles,M todo Indirecto,12090887,1670445,10420442,3709,1430326,-278567,0,-278567,3F0501,3F0625,False,PRELIMINAR
CS0002,20382748566,INTERSEGURO COMPAÑIA DE SEGUROS S.A.,2019,EMPRESAS EMISORAS,SEGUROS,,Anual Individual,Anual,Soles,M todo Indirecto,12281788,10750937,1530851,492137,435887,484746,-4687,480059,3E0301,3E0405,False,PRELIMINAR
B80077,20101045995,INVERSIONES CENTENARIO S.A.A.,2019,EMPRESAS EMISORAS,DIVERSOS,,Anual Individual,Anual,Soles,M todo Directo,3031124,1081299,1949825,324268,177472,175653,-4404,171249,3D01ST,3D0206,True,PRELIMINAR
J40846,20544705688,INVERSIONES EDUCA S.A.,2019,EMPRESAS EMISORAS,DIVERSOS,,Anual Individual,Anual,Soles,M todo Indirecto,638296,326363,311933,28421,-6033,-38634,-39262,-77896,3D01ST,3D0206,False,PRELIMINAR
B60004,20104347691,INVERSIONES EN TURISMO S.A. INVERTUR,2019,EMPRESAS EMISORAS,DIVERSOS,,Anual Individual,Anual,Soles,M todo Directo,49786,12320,37466,26102,2176,4193,-1291,2902,3D01ST,3D0206,False,PRELIMINAR
B60005,20114803228,INVERSIONES NACIONALES DE TURISMO S.A. INTURSA,2019,EMPRESAS EMISORAS,DIVERSOS,,Anual Individual,Anual,Soles,M todo Directo,1566453,626434,940019,239091,23523,88207,-34161,54046,3D01ST,3D0206,True,PRELIMINAR
J40886,20601249678,J.P. MORGAN BANCO DE INVERSION,2019,EMPRESAS EMISORAS,BANCOS,,Anual Individual,Anual,Soles,M todo Directo,280427,172918,107509,6317,23536,85992,-233,85759,3F0501,3F0625,True,PRELIMINAR
A80069,20100210909,LA POSITIVA SEGUROS Y REASEGUROS S.A.,2019,EMPRESAS EMISORAS,SEGUROS,,Anual Individual,Anual,Soles,M todo Indirecto,1640354,1113461,526893,1031169,60598,38510,-4132,34378,3E0301,3E0405,True,PRELIMINAR
OE2069,20454073143,LA POSITIVA VIDA SEGUROS Y REASEGUROS S.A.,2019,EMPRESAS EMISORAS,SEGUROS,,Anual Individual,Anual,Soles,M todo Directo,4412509,3833110,579399,502428,53461,310744,-1657,309087,3E0301,3E0405,False,PRELIMINAR
OE5446,20506035121,LA TINKA S.A. (ANTES INTRALOT DE PERU S.A.),2019,EMPRESAS EMISORAS,DIVERSOS,,Anual Individual,Anual,Soles,M todo Indirecto,240944,98982,141962,299288,39419,36640,-20629,16011,3D01ST,3D0206,False,PRELIMINAR
CI0011,20100095450,LAIVE S.A.,2019,EMPRESAS EMISORAS,INDUSTRIALES,,Anual Individual,Anual,Soles,M todo Directo,486884,264270,222614,598671,10458,18079,-39547,-21468,3D01ST,3D0206,True,PRELIMINAR
006166,20100190797,LECHE GLORIA S.A.,2019,EMPRESAS EMISORAS,INDUSTRIALES,,Anual Individual,Anual,Soles,M todo Directo,3259474,1713971,1545503,3425308,146517,217621,-31604,186017,3D01ST,3D0206,True,PRELIMINAR
J40884,20601127602,LIBERTY SEGUROS S.A.,2019,EMPRESAS EMISORAS,SEGUROS,,Anual Individual,Anual,Soles,M todo Indirecto,27885,17412,10473,6859,-2837,463,-108,355,3E0301,3E0405,False,PRELIMINAR
B30099,20100182778,LIMA CAUCHO S.A. EN LIQUIDACION,2019,EMPRESAS EMISORAS,INDUSTRIALES,,Anual Individual,Anual,Soles,M todo Directo,205424,129063,76361,77055,-5642,2638,-33628,-30990,3D01ST,3D0206,False,PRELIMINAR
B70032,20301837896,LOS PORTALES S.A.,2019,EMPRESAS EMISORAS,DIVERSOS,,Anual Individual,Anual,Soles,M todo Indirecto,1651443,1078473,572970,616033,68809,182498,-10306,172192,3D01ST,3D0206,True,PRELIMINAR
B40008,20331898008,LUZ DEL SUR S.A.A.,2019,EMPRESAS EMISORAS,SERVICIOS PUBLICOS,,Anual Individual,Anual,Soles,M todo Directo,7231802,3207742,4024060,3194653,578399,640046,-362578,277468,3D01ST,3D0206,False,PRELIMINAR
B30134,20100074371,MANUFACTURA DE METALES Y ALUMINIO RECORD S.A. EN LIQUIDACION,2019,EMPRESAS EMISORAS,INDUSTRIALES,,Anual Individual,Anual,Soles,M todo Directo,172170,59372,112798,74934,-2091,-624,-334,-958,3D01ST,3D0206,False,PRELIMINAR
CS0004,20418896915,MAPFRE PERU COMPAÑIA DE SEGUROS Y REASEGUROS,2019,EMPRESAS EMISORAS,SEGUROS,,Anual Individual,Anual,Soles,M todo Indirecto,1674518,1389683,284835,544502,62509,219749,-5003,214746,3E0301,3E0405,False,PRELIMINAR
B80122,20202380621,MAPFRE PERU COMPAÑIA DE SEGUROS Y REASEGUROS (SOCIEDAD ABSORBIDA),2019,EMPRESAS EMISORAS,SEGUROS,,Anual Individual,Anual,Soles,M todo Indirecto,2021645,1618184,403461,1211564,63105,98029,-11330,86699,3E0301,3E0405,False,PRELIMINAR
CB0001,20382036655,MIBANCO BANCO DE LA MICROEMPRESA S.A.,2019,EMPRESAS EMISORAS,BANCOS,,Anual Individual,Anual,Soles,M todo Indirecto,13146041,11181158,1964883,2405482,391766,503189,-80142,423047,3F0501,3F0625,True,PRELIMINAR
TI0003,20100192650,MICHELL Y CIA. S.A.,2019,EMPRESAS EMISORAS,INDUSTRIALES,,Anual Individual,Anual,Soles,M todo Directo,418960,125886,293074,353533,12510,39960,-10050,29910,3D01ST,3D0206,True,PRELIMINAR
CM0002,20338426781,MINERA ANDINA DE EXPLORACIONES S.A.A.,2019,EMPRESAS EMISORAS,MINERAS,,Anual Individual,Anual,Soles,M todo Indirecto,5258,2948,2310,6404,179,1060,-13,1047,3D01ST,3D0206,False,PRELIMINAR
OE3161,0,MINERA IRL LIMITED,2019,EMPRESAS EMISORAS,MINERAS,,Anual Individual,Anual,D lares,M todo Indirecto,83126,708,82418,0,-3189,-1290,0,-1290,3D01ST,3D0206,False,PRELIMINAR
A20032,20100136741,MINSUR S.A.,2019,EMPRESAS EMISORAS,MINERAS,,Anual Individual,Anual,D lares,M todo Directo,1953562,669613,1283949,529803,64451,175098,-139650,35448,3D01ST,3D0206,False,PRELIMINAR
BF0001,20375361991,MITSUI AUTO FINANCE PERU S.A.,2019,EMPRESAS EMISORAS,FINANCIERAS,,Anual Individual,Anual,Soles,M todo Directo,807322,597037,210285,110198,29836,-183366,-671,-184037,3F0501,3F0625,False,PRELIMINAR
TI0001,20417926632,MOTORES DIESEL ANDINOS S.A.,2019,EMPRESAS EMISORAS,INDUSTRIALES,,Anual Individual,Anual,Soles,M todo Directo,605033,232043,372990,380540,15091,8082,-7817,265,3D01ST,3D0206,True,PRELIMINAR
J40451,20505670443,NESSUS HOTELES PERU S.A.,2019,EMPRESAS EMISORAS,DIVERSOS,,Anual Individual,Anual,Soles,M todo Directo,505492,421367,84125,183509,-6069,59357,-26451,32906,3D01ST,3D0206,False,PRELIMINAR
CM0007,20100123500,NEXA RESOURCES ATACOCHA S.A.A.,2019,EMPRESAS EMISORAS,MINERAS,,Anual Individual,Anual,D lares,M todo Indirecto,128157,81474,46683,95780,-20721,7776,-11756,-3980,3D01ST,3D0206,False,PRELIMINAR
B20010,20100110513,NEXA RESOURCES PERU S.A.A.,2019,EMPRESAS EMISORAS,MINERAS,,Anual Individual,Anual,D lares,M todo Indirecto,1141154,503919,637235,480606,96004,34240,-65840,-31600,3D01ST,3D0206,False,PRELIMINAR
L00179,20501439020,OBRAS DE INGENIERIA S.A.C.,2019,EMPRESAS EMISORAS,DIVERSOS,,Anual Individual,Anual,Soles,M todo Directo,671022,778359,-107337,360555,-152195,-85128,-342,-85470,3D01ST,3D0206,False,PRELIMINAR
B40009,20330791412,ORYGEN PERU S.A.A.,2019,EMPRESAS EMISORAS,SERVICIOS PUBLICOS,,Anual Individual,Anual,Soles,M todo Directo,4357685,1311718,3045967,1525593,527344,534747,-144862,389885,3D01ST,3D0206,False,PRELIMINAR
B60055,20332970411,PACIFICO COMPAÑIA DE SEGUROS Y REASEGUROS,2019,EMPRESAS EMISORAS,SEGUROS,,Anual Individual,Anual,Soles,M todo Indirecto,12789701,10410306,2379395,3003134,468723,1163260,-41468,1121792,3E0301,3E0405,True,PRELIMINAR
B50003,20118206208,PERU HOLDING DE TURISMO S.A.A.,2019,EMPRESAS EMISORAS,DIVERSOS,,Anual Individual,Anual,Soles,M todo Indirecto,152108,3186,148922,0,-4832,0,0,0,3D01ST,3D0206,False,PRELIMINAR
002927,20338352728,PERUANA DE ENERGIA S.A.A.,2019,EMPRESAS EMISORAS,SERVICIOS PUBLICOS,,Anual Individual,Anual,Soles,M todo Indirecto,120930,31111,89819,11824,4222,4488,-190,4298,3D01ST,3D0206,True,PRELIMINAR
B20023,20100136237,PERUBAR S.A.,2019,EMPRESAS EMISORAS,MINERAS,,Anual Individual,Anual,D lares,M todo Directo,164730,54305,110425,22335,-271,9490,-6885,2605,3D01ST,3D0206,False,PRELIMINAR
CI0012,20380336384,PESQUERA EXALMAR S.A.A.,2019,EMPRESAS EMISORAS,INDUSTRIALES,,Anual Individual,Anual,D lares,M todo Directo,612576,372870,239706,266085,6350,25088,-23962,1126,3D01ST,3D0206,False,PRELIMINAR
J00171,20100128218,PETROLEOS DEL PERU - PETROPERU S.A.,2019,EMPRESAS EMISORAS,INDUSTRIALES,,Anual Individual,Anual,D lares,M todo Directo,7087041,5178779,1908262,4668046,170952,645742,-918892,-273150,3D01ST,3D0206,False,PRELIMINAR
B40010,20269985900,PLUZ ENERGIA PERU S.A.A.,2019,EMPRESAS EMISORAS,SERVICIOS PUBLICOS,,Anual Individual,Anual,Soles,M todo Indirecto,4839176,2455415,2383761,3145743,428852,545542,-354802,190740,3D01ST,3D0206,False,PRELIMINAR
OE1928,20510398158,PRIMA AFP S.A.,2019,EMPRESAS EMISORAS,A.F.P.,,Anual Individual,Anual,Soles,M todo Directo,879545,224520,655025,403289,145559,181098,-7529,173569,3A01ST,3A0206,False,PRELIMINAR
AFP004,20142829551,PROFUTURO AFP,2019,EMPRESAS EMISORAS,A.F.P.,,Anual Individual,Anual,Soles,M todo Directo,1209100,182140,1026960,344559,146684,158846,-6474,152372,3A01ST,3A0206,False,PRELIMINAR
OE3191,20517207331,PROTECTA S.A. COMPAÑIA DE SEGUROS Y REASEGUROS,2019,EMPRESAS EMISORAS,SEGUROS,,Anual Individual,Anual,Soles,M todo Indirecto,1591478,1404000,187478,51920,22572,284986,-4292,280694,3E0301,3E0405,True,PRELIMINAR
J40371,20553157014,QUALITAS COMPAÑIA DE SEGUROS S.A.,2019,EMPRESAS EMISORAS,SEGUROS,,Anual Individual,Anual,Soles,M todo Directo,62376,36498,25878,19211,-4530,5678,-4163,1515,3E0301,3E0405,False,PRELIMINAR
B20042,20330791501,QUIMPAC S.A.,2019,EMPRESAS EMISORAS,INDUSTRIALES,,Anual Individual,Anual,D lares,M todo Directo,657682,293334,364348,195162,6224,75563,-20281,55282,3D01ST,3D0206,False,PRELIMINAR
B90002,20100298725,RED BICOLOR DE COMUNICACIONES S.A.A. - RBC TV S.A.A.,2019,EMPRESAS EMISORAS,DIVERSOS,,Anual Individual,Anual,Soles,M todo Directo,4547,2586,1961,3629,567,198,-13,185,3D01ST,3D0206,False,PRELIMINAR
SP0008,20504645046,RED DE ENERGIA DEL PERU S.A.,2019,EMPRESAS EMISORAS,SERVICIOS PUBLICOS,,Anual Individual,Anual,Soles,M todo Directo,512591,319286,193305,171426,64933,75813,-690,75123,3D01ST,3D0206,False,PRELIMINAR
OE3927,20505377142,RED VIAL 5 S.A.,2019,EMPRESAS EMISORAS,DIVERSOS,,Anual Individual,Anual,Soles,M todo Indirecto,527075,336073,191002,272680,17252,12327,-33,12294,3D01ST,3D0206,False,PRELIMINAR
002766,20259829594,REFINERIA LA PAMPILLA S.A.A.,2019,EMPRESAS EMISORAS,INDUSTRIALES,,Anual Individual,Anual,D lares,M todo Directo,1780467,1197652,582815,3092790,-167435,181300,-124143,57157,3D01ST,3D0206,True,PRELIMINAR
J40285,20552322704,RIGEL PERU S.A. COMPAÑIA DE SEGUROS DE VIDA - EN LIQUIDACION,2019,EMPRESAS EMISORAS,SEGUROS,,Anual Individual,Anual,Soles,M todo Indirecto,13839,5656,8183,102,-2972,-2181,0,-2181,3E0301,3E0405,False,PRELIMINAR
B80037,20100041953,RIMAC SEGUROS Y REASEGUROS,2019,EMPRESAS EMISORAS,SEGUROS,,Anual Individual,Anual,Soles,M todo Indirecto,14990308,12919590,2070718,3627965,326576,1313690,-10902,1302788,3E0301,3E0405,False,PRELIMINAR
014313,20100128056,SAGA FALABELLA S.A.,2019,EMPRESAS EMISORAS,DIVERSOS,,Anual Individual,Anual,Soles,M todo Directo,1884254,1313012,571242,3034154,125285,298822,-76329,222493,3D01ST,3D0206,False,PRELIMINAR
B80134,20255993225,SANTANDER CONSUMER BANK S.A.,2019,EMPRESAS EMISORAS,BANCOS,,Anual Individual,Anual,Soles,M todo Indirecto,5390543,4300585,1089958,1441050,266952,102273,-5950,96323,3F0501,3F0625,False,PRELIMINAR
B80012,20100043140,SCOTIABANK PERU S.A.A.,2019,EMPRESAS EMISORAS,BANCOS,,Anual Individual,Anual,Soles,M todo Indirecto,72234304,62387961,9846343,4079961,1464740,2565566,-101350,2464216,3F0501,3F0625,True,PRELIMINAR
SP0012,20100152356,SERVICIO DE AGUA POTABLE Y ALCANTARILLADO - SEDAPAL,2019,EMPRESAS EMISORAS,SERVICIOS PUBLICOS,,Anual Individual,Anual,Soles,M todo Directo,11321968,6382707,4939261,2104511,392838,553719,-490962,62757,3D01ST,3D0206,False,PRELIMINAR
SP0002,20325493811,SHOUGANG GENERACION ELECTRICA S.A.A.,2019,EMPRESAS EMISORAS,SERVICIOS PUBLICOS,,Anual Individual,Anual,Soles,M todo Directo,149420,28395,121025,125129,14254,4736,-681,4055,3D01ST,3D0206,False,PRELIMINAR
CM0004,20100142989,SHOUGANG HIERRO PERU S.A.A.,2019,EMPRESAS EMISORAS,MINERAS,,Anual Individual,Anual,Soles,M todo Indirecto,7283439,5270855,2012584,3024825,1061209,1615701,-55333,1560368,3D01ST,3D0206,False,PRELIMINAR
SP0010,20100188628,SOCIEDAD ELECTRICA DEL SUR OESTE S.A. - SEAL,2019,EMPRESAS EMISORAS,SERVICIOS PUBLICOS,,Anual Individual,Anual,Soles,M todo Directo,730433,307133,423300,560359,70699,108887,-80274,28613,3D01ST,3D0206,False,PRELIMINAR
CM0006,20170072465,SOCIEDAD MINERA CERRO VERDE S.A.A.,2019,EMPRESAS EMISORAS,MINERAS,,Anual Individual,Anual,D lares,M todo Indirecto,7809424,2460175,5349249,2890066,390377,820042,-283459,536583,3D01ST,3D0206,False,PRELIMINAR
002597,20217427593,SOCIEDAD MINERA CORONA S.A.,2019,EMPRESAS EMISORAS,MINERAS,,Anual Individual,Anual,D lares,M todo Indirecto,200474,46034,154440,155983,34611,38192,-16252,21940,3D01ST,3D0206,False,PRELIMINAR
B20026,20100017572,SOCIEDAD MINERA EL BROCAL S.A.A.,2019,EMPRESAS EMISORAS,MINERAS,,Anual Individual,Anual,D lares,M todo Directo,725973,329869,396104,299252,-32855,1545,-28297,-26752,3D01ST,3D0206,False,PRELIMINAR
B80013,20100161771,SOLUCION EMPRESA ADMINISTRADORA HIPOTECARIA S.A.,2019,EMPRESAS EMISORAS,DIVERSOS,,Anual Individual,Anual,Soles,M todo Directo,181841,111977,69864,13389,4628,39001,0,39001,3F0501,3F0625,False,PRELIMINAR
B20027,20100147514,"SOUTHERN PERU COPPER CORPORATION, SUCURSAL DEL PERU",2019,EMPRESAS EMISORAS,MINERAS,,Anual Individual,Anual,D lares,M todo Directo,6642912,1028661,5614251,2940064,807998,1116039,-344445,771594,3D01ST,3D0206,False,PRELIMINAR
CF0001,20377892918,TOTAL SERVICIOS FINANCIEROS EMPRESA DE CREDITOS,2019,EMPRESAS EMISORAS,FINANCIERAS,,Anual Individual,Anual,Soles,M todo Directo,332019,265937,66082,31429,7458,-5811,-1578,-7389,3F0501,3F0625,True,PRELIMINAR
OE2487,20100087198,TRADI S.A.,2019,EMPRESAS EMISORAS,DIVERSOS,,Anual Individual,Anual,Soles,M todo Directo,582343,256045,326298,568392,11104,81138,-4135,77003,3D01ST,3D0206,False,PRELIMINAR
CI0009,20499432021,TRANSPORTADORA DE GAS DEL PERU S.A.,2019,EMPRESAS EMISORAS,SERVICIOS PUBLICOS,,Anual Individual,Anual,D lares,M todo Directo,1466875,1155369,311506,697241,228108,309622,-6663,302959,3D01ST,3D0206,False,PRELIMINAR
B30121,20100137390,UNACEM CORP SOCIEDAD ANONIMA ABIERTA - UNACEM CORP S.A.A.,2019,EMPRESAS EMISORAS,DIVERSOS,,Anual Individual,Anual,Soles,M todo Directo,8749225,3949303,4799922,1985111,348916,426541,-162504,264037,3D01ST,3D0206,False,PRELIMINAR
B30021,20100113610,UNION DE CERVECERIAS PERUANAS BACKUS Y JOHNSTON S.A.A.,2019,EMPRESAS EMISORAS,INDUSTRIALES,,Anual Individual,Anual,Soles,M todo Indirecto,6779219,4648257,2130962,4947042,1948026,663570,-253977,409593,3D01ST,3D0206,True,PRELIMINAR
OE5376,20554477721,VIVIR SEGUROS COMPAÑIA DE SEGUROS DE VIDA S.A.,2019,EMPRESAS EMISORAS,SEGUROS,,Anual Individual,Anual,Soles,M todo Indirecto,405486,362956,42530,-1777,-3850,9408,-876,8532,3E0301,3E0405,False,PRELIMINAR
CM0001,20383045267,VOLCAN COMPAÑIA MINERA S.A.A.,2019,EMPRESAS EMISORAS,MINERAS,,Anual Individual,Anual,D lares,M todo Directo,2261543,1227337,1034206,390379,-138111,134011,-29487,104524,3D01ST,3D0206,True,PRELIMINAR
023490,20312372895,YURA S.A.,2019,EMPRESAS EMISORAS,INDUSTRIALES,,Anual Individual,Anual,Soles,M todo Directo,3258418,1436161,1822257,998719,210598,388971,-35863,353108,3D01ST,3D0206,False,PRELIMINAR
020045,20260172035,ACTIVO INMOBILIARIO PERUANO S.A.A. (ANTES FALABELLA PERU S.A.A.),2020,EMPRESAS EMISORAS,DIVERSOS,,Anual Individual,Anual,Soles,M todo Directo,2174980,272873,1902107,0,45216,-2354,0,-2354,3D01ST,3D0206,False,PRELIMINAR
B80018,20100047307,ADMINISTRADORA DEL COMERCIO S.A. EN LIQUIDACION,2020,EMPRESAS EMISORAS,DIVERSOS,,Anual Individual,Anual,Soles,M todo Directo,59554,31904,27650,3107,-1479,1772,-137,1635,3D01ST,3D0206,False,PRELIMINAR
003277,20306841506,ADMINISTRADORA JOCKEY PLAZA SHOPPING CENTER S.A.,2020,EMPRESAS EMISORAS,DIVERSOS,,Anual Individual,Anual,Soles,M todo Directo,2034233,1366852,667381,202453,-112315,35637,-330,35307,3D01ST,3D0206,False,PRELIMINAR
023106,20332600592,AENZA S.A.A.,2020,EMPRESAS EMISORAS,DIVERSOS,,Anual Individual,Anual,Soles,M todo Indirecto,1930912,609993,1320919,46995,-189102,-41023,-18,-41041,3D01ST,3D0206,False,PRELIMINAR
OE4132,20551464971,AFP HABITAT S.A.,2020,EMPRESAS EMISORAS,A.F.P.,,Anual Individual,Anual,Soles,M todo Directo,191335,37962,153373,138855,40973,46127,-128,45999,3A01ST,3A0206,True,PRELIMINAR
AFP002,20157036794,AFP INTEGRA,2020,EMPRESAS EMISORAS,A.F.P.,,Anual Individual,Anual,Soles,M todo Directo,1387462,234841,1152621,326498,127677,105953,-3922,102031,3A01ST,3A0206,False,PRELIMINAR
B11073,20164042686,AGRICOLA CAYALTI SOCIEDAD ANONIMA ABIERTA,2020,EMPRESAS EMISORAS,AGRICOLAS,,Anual Individual,Anual,Soles,M todo Directo,547341,247332,300009,1666,-29918,-2888,0,-2888,3D01ST,3D0206,False,PRELIMINAR
B11067,20135948641,AGRO INDUSTRIAL PARAMONGA S.A.,2020,EMPRESAS EMISORAS,AGRICOLAS,,Anual Individual,Anual,Soles,M todo Directo,826900,409420,417480,238002,18557,55119,-44370,10749,3D01ST,3D0206,True,PRELIMINAR
B08363,20132377783,AGROINDUSTRIAL LAREDO S.A.A.,2020,EMPRESAS EMISORAS,AGRICOLAS,,Anual Individual,Anual,Soles,M todo Directo,822744,271333,551411,292932,10410,44470,-14606,29864,3D01ST,3D0206,False,PRELIMINAR
OE4115,20104420282,AGROINDUSTRIAS AIB S.A.,2020,EMPRESAS EMISORAS,INDUSTRIALES,,Anual Individual,Anual,Soles,M todo Directo,356135,176644,179491,187702,-2208,1918,-14810,-12892,3D01ST,3D0206,False,PRELIMINAR
B11068,20116225779,AGROINDUSTRIAS SAN JACINTO S.A.A.,2020,EMPRESAS EMISORAS,AGRICOLAS,,Anual Individual,Anual,Soles,M todo Directo,532644,142811,389833,206995,34642,66927,-15812,51115,3D01ST,3D0206,True,PRELIMINAR
OE4977,20546844791,AGROKASA HOLDINGS S.A.,2020,EMPRESAS EMISORAS,DIVERSOS,,Anual Individual,Anual,D lares,M todo Directo,137394,9,137385,0,-27,-31,0,-31,3D01ST,3D0206,False,PRELIMINAR
OE7816,20602150837,AI INVERSIONES PALO ALTO S.A.,2020,EMPRESAS EMISORAS,DIVERSOS,,Anual Individual,Anual,Soles,M todo Directo,232171,5767,226404,0,-22965,-73,0,-73,3D01ST,3D0206,False,PRELIMINAR
OE3203,20517476405,ALFIN BANCO S.A.,2020,EMPRESAS EMISORAS,BANCOS,,Anual Individual,Anual,Soles,M todo Indirecto,531861,428919,102942,236892,-52853,4069,-5990,-1921,3F0501,3F0625,True,PRELIMINAR
B30006,20100055237,ALICORP S.A.A.,2020,EMPRESAS EMISORAS,INDUSTRIALES,,Anual Individual,Anual,Soles,M todo Directo,9340149,5694580,3645569,5273500,327393,875931,-97143,778788,3D01ST,3D0206,False,PRELIMINAR
B60053,20265391886,AMERIKA FINANCIERA S.A. EN LIQUIDACION,2020,EMPRESAS EMISORAS,FINANCIERAS,,Anual Individual,Anual,Soles,M todo Directo,20001,3781,16220,206,604,5611,0,5611,3F0501,3F0625,False,PRELIMINAR
J40120,20511230188,ANDINO INVESTMENT HOLDING S.A.A.,2020,EMPRESAS EMISORAS,DIVERSOS,,Anual Individual,Anual,Soles,M todo Indirecto,459061,29988,429073,963,-3614,-2530,-18,-2548,3D01ST,3D0206,False,PRELIMINAR
J40450,20554816526,AUGUSTAR SEGUROS Y REASEGUROS S.A. (ANTES OHIO NATIONAL SEGUROS DE VIDA Y REASEGUROS S.A.),2020,EMPRESAS EMISORAS,SEGUROS,,Anual Individual,Anual,Soles,M todo Indirecto,384938,276256,108682,188043,-7840,-15264,-104,-15368,3E0301,3E0405,False,PRELIMINAR
CI0006,20338054115,AUSTRAL GROUP S.A.A.,2020,EMPRESAS EMISORAS,INDUSTRIALES,,Anual Individual,Anual,Soles,M todo Directo,1071256,549014,522242,454920,144,91591,-39269,52322,3D01ST,3D0206,False,PRELIMINAR
J40809,20600825187,AVLA PERU COMPAÑIA DE SEGUROS S.A.,2020,EMPRESAS EMISORAS,SEGUROS,,Anual Individual,Anual,Soles,M todo Indirecto,182452,114864,67588,103474,26622,40643,-165,40478,3E0301,3E0405,False,PRELIMINAR
J40847,20562964682,AZZARO TRADING S.A.,2020,EMPRESAS EMISORAS,DIVERSOS,,Anual Individual,Anual,Soles,M todo Indirecto,86013,34433,51580,4430,9376,-1261,0,-1261,3D01ST,3D0206,False,PRELIMINAR
B80004,20100130204,BANCO BBVA PERU,2020,EMPRESAS EMISORAS,BANCOS,,Anual Individual,Anual,Soles,M todo Indirecto,107384109,98008040,9376069,4253579,655136,17703181,-236999,17466182,3F0501,3F0625,False,PRELIMINAR
CF0004,20509507199,BANCO DE COMERCIO,2020,EMPRESAS EMISORAS,BANCOS,,Anual Individual,Anual,Soles,M todo Directo,2322570,1961575,360995,238983,23348,144192,-3029,141163,3F0501,3F0625,False,PRELIMINAR
B80005,20100047218,BANCO DE CREDITO DEL PERU,2020,EMPRESAS EMISORAS,BANCOS,,Anual Individual,Anual,Soles,M todo Indirecto,182525002,163766920,18758082,8289160,832889,9619577,-464239,9155338,3F0501,3F0625,True,PRELIMINAR
J00122,20100030595,BANCO DE LA NACION,2020,EMPRESAS EMISORAS,BANCOS,,Anual Individual,Anual,Soles,M todo Indirecto,44265072,41891094,2373978,1363619,658292,10062323,-39814,10022509,3F0501,3F0625,False,PRELIMINAR
OE2254,20441805960,BANCO EFECTIVA S.A. (ANTES FINANCIERA EFECTIVA S.A.),2020,EMPRESAS EMISORAS,BANCOS,,Anual Individual,Anual,Soles,M todo Indirecto,1117024,864584,252440,330139,2116,-88775,-10403,-99178,3F0501,3F0625,False,PRELIMINAR
B80144,20330401991,BANCO FALABELLA PERU S.A.,2020,EMPRESAS EMISORAS,BANCOS,,Anual Individual,Anual,Soles,M todo Indirecto,3953879,3242876,711003,717857,-90301,747006,-60739,686267,3F0501,3F0625,False,PRELIMINAR
OE2271,20513074370,BANCO GNB PERU S.A.,2020,EMPRESAS EMISORAS,BANCOS,,Anual Individual,Anual,Soles,M todo Indirecto,5985497,5236401,749096,348835,5104,792011,-5607,786404,3F0501,3F0625,True,PRELIMINAR
B80123,20101036813,BANCO INTERAMERICANO DE FINANZAS,2020,EMPRESAS EMISORAS,BANCOS,,Anual Individual,Anual,Soles,M todo Indirecto,18381847,17081844,1300003,904882,63882,299189,-36501,262688,3F0501,3F0625,False,PRELIMINAR
B80020,20100053455,BANCO INTERNACIONAL DEL PERU S.A.A. - INTERBANK,2020,EMPRESAS EMISORAS,BANCOS,,Anual Individual,Anual,Soles,M todo Indirecto,67824051,61640646,6183405,3865088,264883,2861580,-192890,2668690,3F0501,3F0625,False,PRELIMINAR
B80009,20100105862,BANCO PICHINCHA,2020,EMPRESAS EMISORAS,BANCOS,,Anual Individual,Anual,Soles,M todo Directo,11075884,10128390,947494,858911,-18016,636739,-17502,619237,3F0501,3F0625,True,PRELIMINAR
B80141,20259702411,BANCO RIPLEY PERU S.A.,2020,EMPRESAS EMISORAS,BANCOS,,Anual Individual,Anual,Soles,M todo Indirecto,2096575,1767238,329337,492659,-109958,490548,-29466,461082,3F0501,3F0625,True,PRELIMINAR
OE3056,20516711559,BANCO SANTANDER PERU S.A.,2020,EMPRESAS EMISORAS,BANCOS,,Anual Individual,Anual,Soles,M todo Directo,8317378,7435746,881632,302778,118709,-1123721,-11272,-1134993,3F0501,3F0625,False,PRELIMINAR
L01775,20604306150,BANK OF CHINA (PERU) S.A.,2020,EMPRESAS EMISORAS,BANCOS,,Anual Individual,Anual,Soles,M todo Directo,270594,15219,255375,2733,-4524,-35433,-564,-35997,3F0501,3F0625,True,PRELIMINAR
B30079,20100096341,BAYER S.A.,2020,EMPRESAS EMISORAS,DIVERSOS,,Anual Individual,Anual,Soles,M todo Directo,546080,78548,467532,327918,36999,106901,-1309,105592,3D01ST,3D0206,False,PRELIMINAR
OE4837,20513328819,BNP PARIBAS CARDIF S.A. COMPAÑIA DE SEGUROS Y REASEGUROS,2020,EMPRESAS EMISORAS,SEGUROS,,Anual Individual,Anual,Soles,M todo Indirecto,483783,197805,285978,297258,-5053,8932,-29,8903,3E0301,3E0405,False,PRELIMINAR
L01785,20393341786,BOSQUES AMAZONICOS S.A.,2020,EMPRESAS EMISORAS,DIVERSOS,,Anual Individual,Anual,D lares,M todo Directo,88430,62195,26235,2488,2927,-1722,-48,-1770,3D01ST,3D0206,False,PRELIMINAR
L00192,20114839176,CAJA MUNICIPAL DE AHORRO Y CREDITO CUSCO S.A. - CMAC CUSCO S.A.,2020,EMPRESAS EMISORAS,FINANCIERAS,,Anual Individual,Anual,Soles,M todo Directo,4882611,4325419,557192,494020,11554,-78161,-12618,-90779,3F0501,3F0625,False,PRELIMINAR
J00124,20100209641,CAJA MUNICIPAL DE AHORRO Y CREDITO DE AREQUIPA S.A.,2020,EMPRESAS EMISORAS,FINANCIERAS,,Anual Individual,Anual,Soles,M todo Indirecto,7043771,6227554,816217,973390,35311,169083,-35064,134019,3F0501,3F0625,False,PRELIMINAR
J40137,20130200789,CAJA MUNICIPAL DE AHORRO Y CREDITO DE HUANCAYO S.A.,2020,EMPRESAS EMISORAS,FINANCIERAS,,Anual Individual,Anual,Soles,M todo Indirecto,6278228,5619790,658438,813461,33018,340563,-8428,332135,3F0501,3F0625,False,PRELIMINAR
J40630,20322445564,CAJA RURAL DE AHORRO Y CREDITO LOS ANDES S.A.,2020,EMPRESAS EMISORAS,FINANCIERAS,,Anual Individual,Anual,Soles,M todo Indirecto,484959,401726,83233,109177,-19524,28239,695,,3F0501,3F0625,False,REVISAR_CAPEX_POSITIVO
B11082,20131867744,CARTAVIO SOCIEDAD ANONIMA ABIERTA,2020,EMPRESAS EMISORAS,AGRICOLAS,,Anual Individual,Anual,Soles,M todo Directo,828658,212501,616157,335672,79544,114684,-15184,99500,3D01ST,3D0206,True,PRELIMINAR
B08361,20131823020,CASA GRANDE SOCIEDAD ANONIMA ABIERTA,2020,EMPRESAS EMISORAS,AGRICOLAS,,Anual Individual,Anual,Soles,M todo Directo,1779253,371010,1408243,593386,88920,148869,-33355,115514,3D01ST,3D0206,True,PRELIMINAR
CD0005,20419387658,CEMENTOS PACASMAYO S.A.A.,2020,EMPRESAS EMISORAS,INDUSTRIALES,,Anual Individual,Anual,Soles,M todo Indirecto,2939025,1571470,1367555,853586,57894,204465,-22956,181509,3D01ST,3D0206,False,PRELIMINAR
019094,20129854953,CENTRAL AZUCARERA CHUCARAPI-PAMPA BLANCA S.A.,2020,EMPRESAS EMISORAS,AGRICOLAS,,Anual Individual,Anual,Soles,M todo Directo,155177,57667,97510,9946,-3302,-626,-494,-1120,3D01ST,3D0206,False,PRELIMINAR
B30023,20128915711,CERVECERIA SAN JUAN S.A.,2020,EMPRESAS EMISORAS,INDUSTRIALES,,Anual Individual,Anual,Soles,M todo Indirecto,1261279,897935,363344,712954,214454,122334,-4328,118006,3D01ST,3D0206,False,PRELIMINAR
CS0007,20109068498,CESCE PERU S.A. COMPAÑIA DE SEGUROS,2020,EMPRESAS EMISORAS,SEGUROS,,Anual Individual,Anual,Soles,M todo Directo,160872,109696,51176,84816,19167,41379,-124,41255,3E0301,3E0405,True,PRELIMINAR
CD0001,20390863871,CFI HOLDINGS S.A.,2020,EMPRESAS EMISORAS,DIVERSOS,,Anual Individual,Anual,D lares,M todo Directo,150042,27660,122382,0,14229,12745,-87,12658,3D01ST,3D0206,False,PRELIMINAR
CS0003,20390625007,CHUBB PERU S.A. COMPAÑIA DE SEGUROS Y REASEGUROS,2020,EMPRESAS EMISORAS,SEGUROS,,Anual Individual,Anual,Soles,M todo Directo,561314,463463,97851,307282,13860,2934,-775,2159,3E0301,3E0405,False,PRELIMINAR
CB0002,20100116635,CITIBANK DEL PERU S.A.,2020,EMPRESAS EMISORAS,BANCOS,,Anual Individual,Anual,Soles,M todo Indirecto,8857264,7695873,1161391,124445,161753,1226342,-2974,1223368,3F0501,3F0625,False,PRELIMINAR
OE5506,20510713363,COLEGIOS PERUANOS S.A.,2020,EMPRESAS EMISORAS,DIVERSOS,,Anual Individual,Anual,Soles,M todo Directo,1174055,905645,268410,222175,-78938,-11561,-75730,-87291,3D01ST,3D0206,True,PRELIMINAR
B20003,20100079501,COMPAÑIA DE MINAS BUENAVENTURA S.A.A.,2020,EMPRESAS EMISORAS,MINERAS,,Anual Individual,Anual,D lares,M todo Directo,3237338,609878,2627460,343112,-135718,74964,-31126,43838,3D01ST,3D0206,True,PRELIMINAR
B20041,20137025354,COMPAÑIA MINERA PODEROSA S.A.A.,2020,EMPRESAS EMISORAS,MINERAS,,Anual Individual,Anual,Soles,M todo Indirecto,1708321,511943,1196378,1663261,385559,718316,-182497,535819,3D01ST,3D0206,True,PRELIMINAR
B20013,20100177421,COMPAÑIA MINERA SAN IGNACIO DE MOROCOCHA S.A.A.,2020,EMPRESAS EMISORAS,MINERAS,,Anual Individual,Anual,Soles,M todo Indirecto,398298,253114,145184,25688,-52194,-8981,-5989,-14970,3D01ST,3D0206,True,PRELIMINAR
B20016,20100120314,COMPAÑIA MINERA SANTA LUISA S.A.,2020,EMPRESAS EMISORAS,MINERAS,,Anual Individual,Anual,Soles,M todo Directo,314017,170694,143323,141451,-6408,-11739,-7397,-19136,3D01ST,3D0206,False,PRELIMINAR
CI0005,20100562848,COMPAÑIA UNIVERSAL TEXTIL S.A. EN LIQUIDACION,2020,EMPRESAS EMISORAS,INDUSTRIALES,,Anual Individual,Anual,Soles,M todo Directo,171296,73807,97489,491,-7819,-4658,0,-4658,3D01ST,3D0206,False,PRELIMINAR
OE4501,20369155360,COMPARTAMOS BANCO S.A.,2020,EMPRESAS EMISORAS,BANCOS,,Anual Individual,Anual,Soles,M todo Indirecto,3557386,3018234,539152,676544,-34940,366428,-27888,338540,3F0501,3F0625,False,PRELIMINAR
OE3212,20509093521,CONCESIONARIA TRASVASE OLMOS S.A.,2020,EMPRESAS EMISORAS,DIVERSOS,,Anual Individual,Anual,D lares,M todo Indirecto,107384,83559,23825,15656,6660,31394,-128,31266,3D01ST,3D0206,False,PRELIMINAR
OE3557,20518410858,CONSORCIO CEMENTERO DEL SUR S.A.,2020,EMPRESAS EMISORAS,DIVERSOS,,Anual Individual,Anual,Soles,M todo Directo,671247,48761,622486,0,454,-882,0,-882,3D01ST,3D0206,True,PRELIMINAR
000683,20100195080,CONSORCIO INDUSTRIAL DE AREQUIPA SA,2020,EMPRESAS EMISORAS,INDUSTRIALES,,Anual Individual,Anual,Soles,M todo Directo,100954,24607,76347,59085,6111,2018,-487,1531,3D01ST,3D0206,False,PRELIMINAR
CI0003,20370146994,CORPORACION ACEROS AREQUIPA S.A.,2020,EMPRESAS EMISORAS,INDUSTRIALES,,Anual Individual,Anual,Soles,M todo Directo,4342254,2147349,2194905,2508794,184081,636548,-155919,480629,3D01ST,3D0206,False,PRELIMINAR
B30207,20100228352,CORPORACION CERVESUR S.A.A.,2020,EMPRESAS EMISORAS,DIVERSOS,,Anual Individual,Anual,Soles,M todo Directo,596155,25286,570869,28793,21094,5466,-11,5455,3D01ST,3D0206,False,PRELIMINAR
CF0002,20100116392,CORPORACION FINANCIERA DE DESARROLLO S.A. - COFIDE,2020,EMPRESAS EMISORAS,FINANCIERAS,,Anual Individual,Anual,Soles,M todo Indirecto,12446349,10367993,2078356,436006,20458,632717,-428,632289,3F0501,3F0625,False,PRELIMINAR
000355,20100082391,COSAPI S.A.,2020,EMPRESAS EMISORAS,DIVERSOS,,Anual Individual,Anual,Soles,M todo Indirecto,1033627,824245,209382,808454,5689,-22260,-6807,-29067,3D01ST,3D0206,False,PRELIMINAR
J40768,20600098633,CRECER SEGUROS S.A. COMPANIA DE SEGUROS,2020,EMPRESAS EMISORAS,SEGUROS,,Anual Individual,Anual,Soles,M todo Indirecto,157549,120635,36914,112968,-144,55029,-41,54988,3E0301,3E0405,True,PRELIMINAR
OE5132,20548185051,CREDICORP CAPITAL PERU S.A.A.,2020,EMPRESAS EMISORAS,DIVERSOS,,Anual Individual,Anual,Soles,M todo Directo,128861,519,128342,0,37611,23274,0,23274,3D01ST,3D0206,False,PRELIMINAR
B30060,20133530003,CREDITEX S.A.A.,2020,EMPRESAS EMISORAS,INDUSTRIALES,,Anual Individual,Anual,Soles,M todo Directo,462243,104252,357991,197818,-600,40806,-1192,39614,3D01ST,3D0206,False,PRELIMINAR
OE2258,20509845167,DIVISO GRUPO FINANCIERO S.A.,2020,EMPRESAS EMISORAS,DIVERSOS,,Anual Individual,Anual,Soles,M todo Indirecto,420489,88371,332118,13661,-2094,2942,0,2942,3D01ST,3D0206,False,PRELIMINAR
OE3808,20516534754,DUNAS ENERGIA S.A.A.,2020,EMPRESAS EMISORAS,DIVERSOS,,Anual Individual,Anual,Soles,M todo Indirecto,191372,374,190998,41728,35773,30565,0,30565,3D01ST,3D0206,False,PRELIMINAR
B40013,20106156400,ELECTRO DUNAS S.A.A.,2020,EMPRESAS EMISORAS,SERVICIOS PUBLICOS,,Anual Individual,Anual,Soles,M todo Indirecto,773538,585894,187644,377698,31762,71026,-33904,37122,3D01ST,3D0206,False,PRELIMINAR
B40005,20116544289,ELECTRO SUR ESTE S.A.A.,2020,EMPRESAS EMISORAS,SERVICIOS PUBLICOS,,Anual Individual,Anual,Soles,M todo Directo,1141368,557628,583740,448429,56099,15678,-67413,-51735,3D01ST,3D0206,False,PRELIMINAR
B11072,20131835621,EMPRESA AGRARIA CHIQUITOY S.A.,2020,EMPRESAS EMISORAS,AGRICOLAS,,Anual Individual,Anual,Soles,M todo Directo,132028,28505,103523,33596,8966,12101,-904,11197,3D01ST,3D0206,True,PRELIMINAR
B11074,20103272964,EMPRESA AGRICOLA SAN JUAN S.A.,2020,EMPRESAS EMISORAS,AGRICOLAS,,Anual Individual,Anual,Soles,M todo Directo,150058,81118,68940,48925,-4287,-8250,-10294,-18544,3D01ST,3D0206,True,PRELIMINAR
B08358,20133419749,EMPRESA AGRICOLA SINTUCO S.A.,2020,EMPRESAS EMISORAS,AGRICOLAS,,Anual Individual,Anual,Soles,M todo Directo,90049,14871,75178,15678,5777,-3275,-1362,-4637,3D01ST,3D0206,True,PRELIMINAR
B08360,20163898200,EMPRESA AGROINDUSTRIAL POMALCA S.A.A.,2020,EMPRESAS EMISORAS,AGRICOLAS,,Anual Individual,Anual,Soles,M todo Directo,1218189,618874,599315,80279,-37783,237,-493,-256,3D01ST,3D0206,True,PRELIMINAR
017070,20141723601,EMPRESA AZUCARERA EL INGENIO S.A.,2020,EMPRESAS EMISORAS,AGRICOLAS,,Anual Individual,Anual,Soles,M todo Directo,70470,19386,51084,8580,778,-87,0,-87,3D01ST,3D0206,False,PRELIMINAR
L00914,20550226589,EMPRESA DE CREDITOS SANTANDER CONSUMO PERU S.A.,2020,EMPRESAS EMISORAS,FINANCIERAS,,Anual Individual,Anual,Soles,M todo Indirecto,749348,626280,123068,92758,19516,-131933,-2375,-134308,3F0501,3F0625,False,PRELIMINAR
OE2027,20279889208,EMPRESA DE GENERACION ELECTRICA DEL SUR S.A.,2020,EMPRESAS EMISORAS,SERVICIOS PUBLICOS,,Anual Individual,Anual,Soles,M todo Directo,209275,67391,141884,42874,5574,15178,-1581,13597,3D01ST,3D0206,False,PRELIMINAR
SP0009,20262221335,EMPRESA DE GENERACION ELECTRICA SAN GABAN S.A.,2020,EMPRESAS EMISORAS,SERVICIOS PUBLICOS,,Anual Individual,Anual,Soles,M todo Directo,447989,66959,381030,71364,25164,38586,-9340,29246,3D01ST,3D0206,False,PRELIMINAR
B30241,20143229816,EMPRESA EDITORA EL COMERCIO S.A.,2020,EMPRESAS EMISORAS,INDUSTRIALES,,Anual Individual,Anual,Soles,M todo Directo,1378735,258459,1120276,233053,-63118,43846,-741,43105,3D01ST,3D0206,True,PRELIMINAR
CD0022,20100027705,EMPRESA ELECTRICIDAD DEL PERU - ELECTROPERU S.A.,2020,EMPRESAS EMISORAS,SERVICIOS PUBLICOS,,Anual Individual,Anual,Soles,M todo Directo,3944529,925812,3018717,1862224,423542,417211,-10479,406732,3D01ST,3D0206,False,PRELIMINAR
B40006,20119205949,EMPRESA REGIONAL DE SERVICIO PUBLICO DE ELECTRICIDAD - ELECTROSUR S.A.,2020,EMPRESAS EMISORAS,SERVICIOS PUBLICOS,,Anual Individual,Anual,Soles,M todo Directo,373304,201310,171994,203174,11070,4809,-24901,-20092,3D01ST,3D0206,True,PRELIMINAR
SP0006,20405479592,EMPRESA REGIONAL DE SERVICIO PUBLICO DE ELECTRICIDAD DE PUNO S.A.A. - ELECTROPUNO,2020,EMPRESAS EMISORAS,SERVICIOS PUBLICOS,,Anual Individual,Anual,Soles,M todo Directo,566465,302539,263926,224700,30290,-4150,-16283,-20433,3D01ST,3D0206,False,PRELIMINAR
B40002,20132023540,EMPRESA REGIONAL DE SERVICIO PUBLICO DE ELECTRICIDAD ELECTRONORTE MEDIO S.A. - HIDRANDINA,2020,EMPRESAS EMISORAS,SERVICIOS PUBLICOS,,Anual Individual,Anual,Soles,M todo Directo,1800820,848589,952231,979761,110567,-6430,-43819,-50249,3D01ST,3D0206,True,PRELIMINAR
CM0003,20402885549,EMPRESA SIDERURGICA DEL PERU S.A.A. - SIDERPERU,2020,EMPRESAS EMISORAS,INDUSTRIALES,,Anual Individual,Anual,Soles,M todo Directo,1534056,428560,1105496,1368465,110737,335844,-30326,305518,3D01ST,3D0206,False,PRELIMINAR
003058,20270508163,ENEL GENERACION PIURA S.A.,2020,EMPRESAS EMISORAS,SERVICIOS PUBLICOS,,Anual Individual,Anual,Soles,M todo Indirecto,813375,299848,513527,224959,39855,78916,-34151,44765,3D01ST,3D0206,True,PRELIMINAR
OE4860,20543420477,ENERGIA DEL PACIFICO S.A.,2020,EMPRESAS EMISORAS,DIVERSOS,,Anual Individual,Anual,D lares,M todo Directo,19571,570,19001,0,-252,21,0,21,3D01ST,3D0206,False,PRELIMINAR
J40866,20518648676,ENFOCA SERVICIOS LOGISTICOS S.A.,2020,EMPRESAS EMISORAS,DIVERSOS,,Anual Individual,Anual,Soles,M todo Indirecto,339083,46822,292261,0,15300,5051,0,5051,3D01ST,3D0206,False,PRELIMINAR
002829,20333363900,ENGIE ENERGIA PERU S.A.A.,2020,EMPRESAS EMISORAS,SERVICIOS PUBLICOS,,Anual Individual,Anual,D lares,M todo Directo,2181314,1014329,1166985,484104,87875,196004,-21563,174441,3D01ST,3D0206,False,PRELIMINAR
J40989,20600488296,EXPERTIA TRAVEL S.A.,2020,EMPRESAS EMISORAS,DIVERSOS,,Anual Individual,Anual,D lares,M todo Directo,64365,2828,61537,0,-183,-253,0,-253,3D01ST,3D0206,False,PRELIMINAR
B30094,20100094135,EXSA S.A.,2020,EMPRESAS EMISORAS,INDUSTRIALES,,Anual Individual,Anual,D lares,M todo Directo,263726,189369,74357,164455,-28202,116747,-4607,112140,3D01ST,3D0206,False,PRELIMINAR
B30042,20100020956,FABRICA DE HILADOS Y TEJIDOS SAN MIGUEL S.A. - EN LIQUIDACION,2020,EMPRESAS EMISORAS,INDUSTRIALES,,Anual Individual,Anual,Soles,M todo Directo,1694,5,1689,0,33,10,0,10,3D01ST,3D0206,False,PRELIMINAR
B30211,20100165687,FABRICA NACIONAL DE ACUMULADORES ETNA S.A.,2020,EMPRESAS EMISORAS,INDUSTRIALES,,Anual Individual,Anual,Soles,M todo Directo,346872,235607,111265,170204,3238,33091,-12393,20698,3D01ST,3D0206,False,PRELIMINAR
B30122,20100051240,FABRICA PERUANA ETERNIT S.A.,2020,EMPRESAS EMISORAS,INDUSTRIALES,,Anual Individual,Anual,Soles,M todo Directo,368903,113671,255232,242107,11666,52047,-6031,46016,3D01ST,3D0206,False,PRELIMINAR
OE4746,20538185010,FACTORING TOTAL S.A. (SOCIEDAD ABSORBIDA),2020,EMPRESAS EMISORAS,DIVERSOS,,Anual Individual,Anual,Soles,M todo Directo,70675,49756,20919,8615,1363,-2098,-4,-2102,3F0501,3F0625,False,PRELIMINAR
B60001,20100027292,FERREYCORP S.A.A.,2020,EMPRESAS EMISORAS,DIVERSOS,,Anual Individual,Anual,Soles,M todo Directo,2247672,187435,2060237,47180,143948,153888,-47,153841,3D01ST,3D0206,False,PRELIMINAR
B30083,20100083010,FILAMENTOS INDUSTRIALES S.A.,2020,EMPRESAS EMISORAS,DIVERSOS,,Anual Individual,Anual,Soles,M todo Directo,110873,27278,83595,35245,855,6392,-20,6372,3D01ST,3D0206,False,PRELIMINAR
OE3205,20228319768,FINANCIERA CONFIANZA S.A.A.,2020,EMPRESAS EMISORAS,FINANCIERAS,,Anual Individual,Anual,Soles,M todo Indirecto,2531452,2158347,373105,440583,14255,237935,-5891,232044,3F0501,3F0625,True,PRELIMINAR
L00416,20328178070,FINANCIERA CREDINKA S.A. EN LIQUIDACION,2020,EMPRESAS EMISORAS,FINANCIERAS,,Anual Individual,Anual,Soles,M todo Indirecto,1177427,1025326,152101,179845,5,-26059,-82,-26141,3F0501,3F0625,True,PRELIMINAR
OE5251,20348067053,FINANCIERA PROEMPRESA S.A.,2020,EMPRESAS EMISORAS,FINANCIERAS,,Anual Individual,Anual,Soles,M todo Indirecto,649597,564762,84835,106421,4647,34085,-515,33570,3F0501,3F0625,False,PRELIMINAR
OE4241,20521308321,FINANCIERA QAPAQ S.A.,2020,EMPRESAS EMISORAS,FINANCIERAS,,Anual Individual,Anual,Soles,M todo Directo,398668,349028,49640,82742,-9266,68213,-1156,67057,3F0501,3F0625,False,PRELIMINAR
J40093,20414671773,FONDO MIVIVIENDA S.A.,2020,EMPRESAS EMISORAS,FINANCIERAS,,Anual Individual,Anual,Soles,M todo Indirecto,10100605,6798376,3302229,489071,3528,-182524,-1854,-184378,3F0501,3F0625,False,PRELIMINAR
OE4159,20523108574,FOSFATOS DEL PACIFICO S.A.,2020,EMPRESAS EMISORAS,MINERAS,,Anual Individual,Anual,Soles,M todo Indirecto,6332,2379,3953,0,-318500,-1332,-1084,-2416,3D01ST,3D0206,False,PRELIMINAR
OE6928,20601413885,FOSSAL S.A.A.,2020,EMPRESAS EMISORAS,DIVERSOS,,Anual Individual,Anual,Soles,M todo Indirecto,9117,71,9046,0,-222917,-383,0,-383,3D01ST,3D0206,False,PRELIMINAR
001152,20100094054,FUTURA CONSORCIO INMOBILIARIO S.A.,2020,EMPRESAS EMISORAS,DIVERSOS,,Anual Individual,Anual,Soles,M todo Directo,502742,132966,369776,10457,23676,4460,-14,4446,3D01ST,3D0206,False,PRELIMINAR
B80049,20100116988,GR HOLDING S.A.,2020,EMPRESAS EMISORAS,DIVERSOS,,Anual Individual,Anual,Soles,M todo Indirecto,353618,260,353358,580,-3326,-217,0,-217,3D01ST,3D0206,False,PRELIMINAR
BV0001,20100055661,GRUPO BVL S.A.A.,2020,EMPRESAS EMISORAS,DIVERSOS,,Anual Individual,Anual,Soles,M todo Directo,250934,32472,218462,56439,20948,18474,-7198,11276,3D01ST,3D0206,False,PRELIMINAR
J40184,20100077044,HERMES TRANSPORTES BLINDADOS S.A.,2020,EMPRESAS EMISORAS,DIVERSOS,,Anual Individual,Anual,Soles,M todo Directo,826170,591410,234760,327150,61148,82482,-2754,79728,3D01ST,3D0206,False,PRELIMINAR
B30140,20100171814,HIDROSTAL S.A.,2020,EMPRESAS EMISORAS,INDUSTRIALES,,Anual Individual,Anual,Soles,M todo Directo,342724,108153,234571,123603,-6113,20082,-540,19542,3D01ST,3D0206,False,PRELIMINAR
OE5021,20523611250,H2OLMOS S.A.,2020,EMPRESAS EMISORAS,DIVERSOS,,Anual Individual,Anual,Soles,M todo Indirecto,583566,539520,44046,91084,6757,48506,-421,48085,3D01ST,3D0206,False,PRELIMINAR
J40414,20546892175,ICBC PERU BANK,2020,EMPRESAS EMISORAS,BANCOS,,Anual Individual,Anual,Soles,M todo Indirecto,2971866,2600821,371045,33937,30403,1252493,-109,1252384,3F0501,3F0625,False,PRELIMINAR
J40655,20515164945,INCA RAIL S.A.,2020,EMPRESAS EMISORAS,DIVERSOS,,Anual Individual,Anual,Soles,M todo Directo,342981,284427,58554,18974,-41934,-25501,-3319,-28820,3D01ST,3D0206,False,PRELIMINAR
B30236,20251293181,INDECO S.A.,2020,EMPRESAS EMISORAS,INDUSTRIALES,,Anual Individual,Anual,D lares,M todo Directo,143640,72100,71540,187321,6185,113192,-907,112285,3D01ST,3D0206,False,PRELIMINAR
B30107,20100004322,INDUSTRIAS DEL ENVASE S.A.,2020,EMPRESAS EMISORAS,INDUSTRIALES,,Anual Individual,Anual,Soles,M todo Directo,207252,81418,125834,121263,7653,-944,-4317,-5261,3D01ST,3D0206,False,PRELIMINAR
B30152,20100003512,INDUSTRIAS ELECTRO QUIMICAS S.A. IEQSA,2020,EMPRESAS EMISORAS,INDUSTRIALES,,Anual Individual,Anual,D lares,M todo Directo,57126,23355,33771,95059,-3291,5701,-371,5330,3D01ST,3D0206,False,PRELIMINAR
OE4256,20522291201,INFINANCE XP S.A. (ANTES FINANCIERA OH! S.A.),2020,EMPRESAS EMISORAS,FINANCIERAS,,Anual Individual,Anual,Soles,M todo Indirecto,1592400,1273395,319005,437199,-67622,453828,-5273,448555,3F0501,3F0625,False,PRELIMINAR
OE4660,20543135942,INMOBILIARIA IDE S.A.,2020,EMPRESAS EMISORAS,DIVERSOS,,Anual Individual,Anual,Soles,M todo Indirecto,15861,2207,13654,1654,1280,1094,0,1094,3D01ST,3D0206,False,PRELIMINAR
B30127,20100049938,INMOBILIARIA KANPU S.A.,2020,EMPRESAS EMISORAS,DIVERSOS,,Anual Individual,Anual,Soles,M todo Directo,159329,125395,33934,5263,-22934,4729,-206,4523,3D01ST,3D0206,False,PRELIMINAR
OE7967,20605495339,INMOBILIARIA SIC S.A.,2020,EMPRESAS EMISORAS,DIVERSOS,,Anual Individual,Anual,Soles,M todo Directo,259013,163829,95184,16793,4378,4804,0,4804,3D01ST,3D0206,False,PRELIMINAR
OE5087,0,INRETAIL PERU CORP.,2020,EMPRESAS EMISORAS,DIVERSOS,,Anual Individual,Anual,Soles,M todo Directo,5374969,1759579,3615390,301458,245027,279179,0,279179,3D01ST,3D0206,False,PRELIMINAR
OE4150,20492497721,INSUR S.A. COMPAÑIA DE SEGUROS,2020,EMPRESAS EMISORAS,SEGUROS,,Anual Individual,Anual,Soles,M todo Directo,139229,54402,84827,66783,18850,27367,-166,27201,3E0301,3E0405,False,PRELIMINAR
B70009,20100017491,INTEGRATEL PERU S.A.A.,2020,EMPRESAS EMISORAS,SERVICIOS PUBLICOS,,Anual Individual,Anual,Soles,M todo Directo,13675399,9614315,4061084,6579882,-695218,1021527,-793206,228321,3D01ST,3D0206,True,PRELIMINAR
OE2305,0,INTERCORP FINANCIAL SERVICES INC.,2020,EMPRESAS EMISORAS,DIVERSOS,,Anual Individual,Anual,Soles,M todo Indirecto,10007804,1099695,8908109,17688,383259,-46201,0,-46201,3F0501,3F0625,False,PRELIMINAR
CD0010,0,INTERCORP PERU LTD.,2020,EMPRESAS EMISORAS,DIVERSOS,,Anual Individual,Anual,Soles,M todo Indirecto,12337260,1744223,10593037,1662,46499,-168052,0,-168052,3F0501,3F0625,False,PRELIMINAR
CS0002,20382748566,INTERSEGURO COMPAÑIA DE SEGUROS S.A.,2020,EMPRESAS EMISORAS,SEGUROS,,Anual Individual,Anual,Soles,M todo Indirecto,13305739,11728911,1576828,569243,256557,790484,-399,790085,3E0301,3E0405,True,PRELIMINAR
J41105,20605495151,INVERFAL PERU S.A.A.,2020,EMPRESAS EMISORAS,DIVERSOS,,Anual Individual,Anual,Soles,M todo Directo,5429866,1173607,4256259,0,-88281,105024,0,105024,3D01ST,3D0206,False,PRELIMINAR
B80077,20101045995,INVERSIONES CENTENARIO S.A.A.,2020,EMPRESAS EMISORAS,DIVERSOS,,Anual Individual,Anual,Soles,M todo Directo,2937487,907631,2029856,355088,84200,158772,-387,158385,3D01ST,3D0206,True,PRELIMINAR
L01796,20604017263,INVERSIONES CORPORATIVAS A1 S.A. - INVERCORP A1 S.A.,2020,EMPRESAS EMISORAS,DIVERSOS,,Anual Individual,Anual,Soles,M todo Directo,99766,28720,71046,2697,1477,-81,-612,-693,3D01ST,3D0206,False,PRELIMINAR
J40846,20544705688,INVERSIONES EDUCA S.A.,2020,EMPRESAS EMISORAS,DIVERSOS,,Anual Individual,Anual,Soles,M todo Indirecto,655127,345353,309774,28611,-2159,7567,0,7567,3D01ST,3D0206,False,PRELIMINAR
B60004,20104347691,INVERSIONES EN TURISMO S.A. INVERTUR,2020,EMPRESAS EMISORAS,DIVERSOS,,Anual Individual,Anual,Soles,M todo Directo,51699,17737,33962,10122,-2407,-1488,-329,-1817,3D01ST,3D0206,False,PRELIMINAR
B60005,20114803228,INVERSIONES NACIONALES DE TURISMO S.A. INTURSA,2020,EMPRESAS EMISORAS,DIVERSOS,,Anual Individual,Anual,Soles,M todo Directo,1466599,667671,798928,69333,-197817,-43053,-3955,-47008,3D01ST,3D0206,False,PRELIMINAR
J40886,20601249678,J.P. MORGAN BANCO DE INVERSION,2020,EMPRESAS EMISORAS,BANCOS,,Anual Individual,Anual,Soles,M todo Directo,348837,213134,135703,2965,28194,160130,-665,159465,3F0501,3F0625,True,PRELIMINAR
A80069,20100210909,LA POSITIVA SEGUROS Y REASEGUROS S.A.,2020,EMPRESAS EMISORAS,SEGUROS,,Anual Individual,Anual,Soles,M todo Indirecto,1919929,1341265,578664,1116655,85306,152137,-6160,145977,3E0301,3E0405,False,PRELIMINAR
OE2069,20454073143,LA POSITIVA VIDA SEGUROS Y REASEGUROS S.A.,2020,EMPRESAS EMISORAS,SEGUROS,,Anual Individual,Anual,Soles,M todo Directo,4957602,4350127,607475,581443,43566,351516,-2170,349346,3E0301,3E0405,True,PRELIMINAR
OE5446,20506035121,LA TINKA S.A. (ANTES INTRALOT DE PERU S.A.),2020,EMPRESAS EMISORAS,DIVERSOS,,Anual Individual,Anual,Soles,M todo Indirecto,269705,118504,151201,959871,16941,58181,-13544,44637,3D01ST,3D0206,False,PRELIMINAR
CI0011,20100095450,LAIVE S.A.,2020,EMPRESAS EMISORAS,INDUSTRIALES,,Anual Individual,Anual,Soles,M todo Directo,490848,242027,248821,615132,8237,39234,-7687,31547,3D01ST,3D0206,True,PRELIMINAR
006166,20100190797,LECHE GLORIA S.A.,2020,EMPRESAS EMISORAS,INDUSTRIALES,,Anual Individual,Anual,Soles,M todo Directo,3153744,1307840,1845904,3618774,243740,676296,-16190,660106,3D01ST,3D0206,False,PRELIMINAR
J40884,20601127602,LIBERTY SEGUROS S.A.,2020,EMPRESAS EMISORAS,SEGUROS,,Anual Individual,Anual,Soles,M todo Indirecto,52377,34574,17803,16748,383,1500,0,1500,3E0301,3E0405,False,PRELIMINAR
B30099,20100182778,LIMA CAUCHO S.A. EN LIQUIDACION,2020,EMPRESAS EMISORAS,INDUSTRIALES,,Anual Individual,Anual,Soles,M todo Directo,143984,92693,51291,25709,-25070,1240,-125,1115,3D01ST,3D0206,False,PRELIMINAR
B70032,20301837896,LOS PORTALES S.A.,2020,EMPRESAS EMISORAS,DIVERSOS,,Anual Individual,Anual,Soles,M todo Indirecto,1659964,1071699,588265,404382,22151,189339,-3489,185850,3D01ST,3D0206,False,PRELIMINAR
B40008,20331898008,LUZ DEL SUR S.A.A.,2020,EMPRESAS EMISORAS,SERVICIOS PUBLICOS,,Anual Individual,Anual,Soles,M todo Directo,7739500,3530135,4209365,3091701,469324,510194,-481390,28804,3D01ST,3D0206,False,PRELIMINAR
B30134,20100074371,MANUFACTURA DE METALES Y ALUMINIO RECORD S.A. EN LIQUIDACION,2020,EMPRESAS EMISORAS,INDUSTRIALES,,Anual Individual,Anual,Soles,M todo Directo,182644,68815,113829,67105,1616,5926,-433,5493,3D01ST,3D0206,False,PRELIMINAR
CS0004,20418896915,MAPFRE PERU COMPAÑIA DE SEGUROS Y REASEGUROS,2020,EMPRESAS EMISORAS,SEGUROS,,Anual Individual,Anual,Soles,M todo Indirecto,1769130,1455457,313673,605573,64245,247116,-8074,239042,3E0301,3E0405,False,PRELIMINAR
B80122,20202380621,MAPFRE PERU COMPAÑIA DE SEGUROS Y REASEGUROS (SOCIEDAD ABSORBIDA),2020,EMPRESAS EMISORAS,SEGUROS,,Anual Individual,Anual,Soles,M todo Indirecto,2066448,1618379,448069,1170846,60541,236747,-21998,214749,3E0301,3E0405,False,PRELIMINAR
CB0001,20382036655,MIBANCO BANCO DE LA MICROEMPRESA S.A.,2020,EMPRESAS EMISORAS,BANCOS,,Anual Individual,Anual,Soles,M todo Indirecto,15625042,13291750,2333292,2046046,-35204,359006,-57489,301517,3F0501,3F0625,False,PRELIMINAR
TI0003,20100192650,MICHELL Y CIA. S.A.,2020,EMPRESAS EMISORAS,INDUSTRIALES,,Anual Individual,Anual,Soles,M todo Directo,431353,135828,295525,263668,6389,-3101,-3987,-7088,3D01ST,3D0206,False,PRELIMINAR
CM0002,20338426781,MINERA ANDINA DE EXPLORACIONES S.A.A.,2020,EMPRESAS EMISORAS,MINERAS,,Anual Individual,Anual,Soles,M todo Indirecto,4697,3326,1371,5301,-939,-514,-34,-548,3D01ST,3D0206,True,PRELIMINAR
OE3161,0,MINERA IRL LIMITED,2020,EMPRESAS EMISORAS,MINERAS,,Anual Individual,Anual,D lares,M todo Indirecto,83131,2106,81025,0,-1393,-1316,0,-1316,3D01ST,3D0206,False,PRELIMINAR
A20032,20100136741,MINSUR S.A.,2020,EMPRESAS EMISORAS,MINERAS,,Anual Individual,Anual,D lares,M todo Directo,1967826,728206,1239620,501830,6836,160841,-68105,92736,3D01ST,3D0206,True,PRELIMINAR
BF0001,20375361991,MITSUI AUTO FINANCE PERU S.A.,2020,EMPRESAS EMISORAS,FINANCIERAS,,Anual Individual,Anual,Soles,M todo Directo,941976,718562,223414,125091,13129,-115256,-52,-115308,3F0501,3F0625,True,PRELIMINAR
TI0001,20417926632,MOTORES DIESEL ANDINOS S.A.,2020,EMPRESAS EMISORAS,INDUSTRIALES,,Anual Individual,Anual,Soles,M todo Directo,598052,220152,377900,216418,7448,-11179,-794,-11973,3D01ST,3D0206,False,PRELIMINAR
J40451,20505670443,NESSUS HOTELES PERU S.A.,2020,EMPRESAS EMISORAS,DIVERSOS,,Anual Individual,Anual,Soles,M todo Directo,409458,385831,23627,89622,-69266,-13084,-4929,-18013,3D01ST,3D0206,False,PRELIMINAR
CM0007,20100123500,NEXA RESOURCES ATACOCHA S.A.A.,2020,EMPRESAS EMISORAS,MINERAS,,Anual Individual,Anual,D lares,M todo Indirecto,76841,105309,-28468,55527,-75151,-12809,-16221,-29030,3D01ST,3D0206,False,PRELIMINAR
B20010,20100110513,NEXA RESOURCES PERU S.A.A.,2020,EMPRESAS EMISORAS,MINERAS,,Anual Individual,Anual,D lares,M todo Indirecto,1072737,542662,530075,385568,-101585,75055,-36190,38865,3D01ST,3D0206,False,PRELIMINAR
L00179,20501439020,OBRAS DE INGENIERIA S.A.C.,2020,EMPRESAS EMISORAS,DIVERSOS,,Anual Individual,Anual,Soles,M todo Directo,610180,801458,-191278,175547,-83888,-73831,-161,-73992,3D01ST,3D0206,False,PRELIMINAR
B40009,20330791412,ORYGEN PERU S.A.A.,2020,EMPRESAS EMISORAS,SERVICIOS PUBLICOS,,Anual Individual,Anual,Soles,M todo Directo,4278995,1399501,2879494,1402827,461597,642014,-144013,498001,3D01ST,3D0206,False,PRELIMINAR
B60055,20332970411,PACIFICO COMPAÑIA DE SEGUROS Y REASEGUROS,2020,EMPRESAS EMISORAS,SEGUROS,,Anual Individual,Anual,Soles,M todo Indirecto,14643722,12211192,2432530,2998597,259098,1140554,-27664,1112890,3E0301,3E0405,True,PRELIMINAR
B50003,20118206208,PERU HOLDING DE TURISMO S.A.A.,2020,EMPRESAS EMISORAS,DIVERSOS,,Anual Individual,Anual,Soles,M todo Indirecto,139260,4042,135218,0,-14074,2,0,2,3D01ST,3D0206,False,PRELIMINAR
002927,20338352728,PERUANA DE ENERGIA S.A.A.,2020,EMPRESAS EMISORAS,SERVICIOS PUBLICOS,,Anual Individual,Anual,Soles,M todo Indirecto,120363,30958,89405,12515,5586,5514,-26,5488,3D01ST,3D0206,True,PRELIMINAR
B20023,20100136237,PERUBAR S.A.,2020,EMPRESAS EMISORAS,MINERAS,,Anual Individual,Anual,D lares,M todo Directo,135133,46138,88995,18513,-4975,10450,-4071,6379,3D01ST,3D0206,False,PRELIMINAR
CI0012,20380336384,PESQUERA EXALMAR S.A.A.,2020,EMPRESAS EMISORAS,INDUSTRIALES,,Anual Individual,Anual,D lares,M todo Directo,648048,393170,254878,272135,15819,6471,-11497,-5026,3D01ST,3D0206,False,PRELIMINAR
J00171,20100128218,PETROLEOS DEL PERU - PETROPERU S.A.,2020,EMPRESAS EMISORAS,INDUSTRIALES,,Anual Individual,Anual,D lares,M todo Directo,7259757,5418775,1840982,3121759,-67280,454877,-798927,-344050,3D01ST,3D0206,False,PRELIMINAR
B40010,20269985900,PLUZ ENERGIA PERU S.A.A.,2020,EMPRESAS EMISORAS,SERVICIOS PUBLICOS,,Anual Individual,Anual,Soles,M todo Indirecto,5262743,2606425,2656318,3074170,272557,207175,-325672,-118497,3D01ST,3D0206,True,PRELIMINAR
OE1928,20510398158,PRIMA AFP S.A.,2020,EMPRESAS EMISORAS,A.F.P.,,Anual Individual,Anual,Soles,M todo Directo,999401,352657,646744,352085,134627,124227,-7009,117218,3A01ST,3A0206,False,PRELIMINAR
AFP004,20142829551,PROFUTURO AFP,2020,EMPRESAS EMISORAS,A.F.P.,,Anual Individual,Anual,Soles,M todo Directo,1345044,172879,1172165,296779,110946,112165,-2598,109567,3A01ST,3A0206,False,PRELIMINAR
OE3191,20517207331,PROTECTA S.A. COMPAÑIA DE SEGUROS Y REASEGUROS,2020,EMPRESAS EMISORAS,SEGUROS,,Anual Individual,Anual,Soles,M todo Indirecto,2055915,1847160,208755,42632,23143,338543,-801,337742,3E0301,3E0405,False,PRELIMINAR
J40371,20553157014,QUALITAS COMPAÑIA DE SEGUROS S.A.,2020,EMPRESAS EMISORAS,SEGUROS,,Anual Individual,Anual,Soles,M todo Directo,70544,38867,31677,38951,4938,16348,-1079,15269,3E0301,3E0405,True,PRELIMINAR
B20042,20330791501,QUIMPAC S.A.,2020,EMPRESAS EMISORAS,INDUSTRIALES,,Anual Individual,Anual,D lares,M todo Indirecto,675091,310730,364361,169030,2077,63439,-13477,49962,3D01ST,3D0206,False,PRELIMINAR
B90002,20100298725,RED BICOLOR DE COMUNICACIONES S.A.A. - RBC TV S.A.A.,2020,EMPRESAS EMISORAS,DIVERSOS,,Anual Individual,Anual,Soles,M todo Directo,3872,3328,544,1113,-1461,-144,0,-144,3D01ST,3D0206,False,PRELIMINAR
SP0008,20504645046,RED DE ENERGIA DEL PERU S.A.,2020,EMPRESAS EMISORAS,SERVICIOS PUBLICOS,,Anual Individual,Anual,D lares,M todo Directo,502013,331608,170405,167240,46208,88951,-3053,85898,3D01ST,3D0206,False,PRELIMINAR
OE3927,20505377142,RED VIAL 5 S.A.,2020,EMPRESAS EMISORAS,DIVERSOS,,Anual Individual,Anual,Soles,M todo Indirecto,475761,300183,175578,134149,-624,37385,-12,37373,3D01ST,3D0206,False,PRELIMINAR
002766,20259829594,REFINERIA LA PAMPILLA S.A.A.,2020,EMPRESAS EMISORAS,INDUSTRIALES,,Anual Individual,Anual,D lares,M todo Directo,1617684,1097737,519947,1559358,-62868,184550,-33394,151156,3D01ST,3D0206,False,PRELIMINAR
B80037,20100041953,RIMAC SEGUROS Y REASEGUROS,2020,EMPRESAS EMISORAS,SEGUROS,,Anual Individual,Anual,Soles,M todo Indirecto,16837272,14552038,2285234,3845512,235314,1052797,-32263,1020534,3E0301,3E0405,True,PRELIMINAR
014313,20100128056,SAGA FALABELLA S.A.,2020,EMPRESAS EMISORAS,DIVERSOS,,Anual Individual,Anual,Soles,M todo Directo,2007371,1466244,541127,2468703,-30116,166430,-116251,50179,3D01ST,3D0206,False,PRELIMINAR
B80134,20255993225,SANTANDER CONSUMER BANK S.A.,2020,EMPRESAS EMISORAS,BANCOS,,Anual Individual,Anual,Soles,M todo Directo,3444806,2851927,592879,1135191,-174609,155178,-5996,149182,3F0501,3F0625,False,PRELIMINAR
B80012,20100043140,SCOTIABANK PERU S.A.A.,2020,EMPRESAS EMISORAS,BANCOS,,Anual Individual,Anual,Soles,M todo Indirecto,77229395,67235447,9993948,3690950,266321,3508182,-68585,3439597,3F0501,3F0625,False,PRELIMINAR
SP0012,20100152356,SERVICIO DE AGUA POTABLE Y ALCANTARILLADO - SEDAPAL,2020,EMPRESAS EMISORAS,SERVICIOS PUBLICOS,,Anual Individual,Anual,Soles,M todo Directo,12417674,7905708,4511966,1929601,-64765,502628,-335177,167451,3D01ST,3D0206,False,PRELIMINAR
SP0002,20325493811,SHOUGANG GENERACION ELECTRICA S.A.A.,2020,EMPRESAS EMISORAS,SERVICIOS PUBLICOS,,Anual Individual,Anual,Soles,M todo Directo,151022,37302,113720,83523,5524,3895,-559,3336,3D01ST,3D0206,False,PRELIMINAR
CM0004,20100142989,SHOUGANG HIERRO PERU S.A.A.,2020,EMPRESAS EMISORAS,MINERAS,,Anual Individual,Anual,Soles,M todo Indirecto,8690245,6885019,1805226,4036664,1269966,1850514,-86012,1764502,3D01ST,3D0206,False,PRELIMINAR
SP0010,20100188628,SOCIEDAD ELECTRICA DEL SUR OESTE S.A. - SEAL,2020,EMPRESAS EMISORAS,SERVICIOS PUBLICOS,,Anual Individual,Anual,Soles,M todo Directo,812295,393510,418785,556799,64382,6422,-26674,-20252,3D01ST,3D0206,False,PRELIMINAR
CM0006,20170072465,SOCIEDAD MINERA CERRO VERDE S.A.A.,2020,EMPRESAS EMISORAS,MINERAS,,Anual Individual,Anual,D lares,M todo Indirecto,7767459,2132131,5635328,2538593,274544,638307,-178991,459316,3D01ST,3D0206,False,PRELIMINAR
002597,20217427593,SOCIEDAD MINERA CORONA S.A.,2020,EMPRESAS EMISORAS,MINERAS,,Anual Individual,Anual,D lares,M todo Indirecto,235263,53473,181790,146941,27350,48576,-10717,37859,3D01ST,3D0206,False,PRELIMINAR
B20026,20100017572,SOCIEDAD MINERA EL BROCAL S.A.A.,2020,EMPRESAS EMISORAS,MINERAS,,Anual Individual,Anual,D lares,M todo Directo,720150,366705,353445,255275,-31541,53304,-24712,28592,3D01ST,3D0206,False,PRELIMINAR
B80013,20100161771,SOLUCION EMPRESA ADMINISTRADORA HIPOTECARIA S.A.,2020,EMPRESAS EMISORAS,DIVERSOS,,Anual Individual,Anual,Soles,M todo Directo,142287,89471,52816,11232,5252,28151,0,28151,3F0501,3F0625,True,PRELIMINAR
B20027,20100147514,"SOUTHERN PERU COPPER CORPORATION, SUCURSAL DEL PERU",2020,EMPRESAS EMISORAS,MINERAS,,Anual Individual,Anual,D lares,M todo Directo,6872696,1260397,5612299,3153559,790198,1369836,-190512,1179324,3D01ST,3D0206,False,PRELIMINAR
CF0001,20377892918,TOTAL SERVICIOS FINANCIEROS EMPRESA DE CREDITOS,2020,EMPRESAS EMISORAS,FINANCIERAS,,Anual Individual,Anual,Soles,M todo Directo,338002,266285,71717,33012,5635,-31290,-1076,-32366,3F0501,3F0625,False,PRELIMINAR
OE2487,20100087198,TRADI S.A.,2020,EMPRESAS EMISORAS,DIVERSOS,,Anual Individual,Anual,Soles,M todo Directo,637176,302610,334566,427432,18430,72416,-1832,70584,3D01ST,3D0206,False,PRELIMINAR
B30121,20100137390,UNACEM CORP SOCIEDAD ANONIMA ABIERTA - UNACEM CORP S.A.A.,2020,EMPRESAS EMISORAS,DIVERSOS,,Anual Individual,Anual,Soles,M todo Directo,8761855,3961225,4800630,1698958,30287,406193,-125210,280983,3D01ST,3D0206,False,PRELIMINAR
B30021,20100113610,UNION DE CERVECERIAS PERUANAS BACKUS Y JOHNSTON S.A.A.,2020,EMPRESAS EMISORAS,INDUSTRIALES,,Anual Individual,Anual,Soles,M todo Indirecto,6733729,3785271,2948458,3727581,1264177,-447172,-192086,-639258,3D01ST,3D0206,True,PRELIMINAR
OE5376,20554477721,VIVIR SEGUROS COMPAÑIA DE SEGUROS DE VIDA S.A.,2020,EMPRESAS EMISORAS,SEGUROS,,Anual Individual,Anual,Soles,M todo Indirecto,382578,345540,37038,-3866,-16442,56018,-60,55958,3E0301,3E0405,False,PRELIMINAR
CM0001,20383045267,VOLCAN COMPAÑIA MINERA S.A.A.,2020,EMPRESAS EMISORAS,MINERAS,,Anual Individual,Anual,D lares,M todo Directo,2259714,1267956,991758,262641,-38895,147170,-32996,114174,3D01ST,3D0206,True,PRELIMINAR
J41064,20603823223,VOLVO FINANCIAL SERVICES EMPRESA DE CREDITOS S.A.,2020,EMPRESAS EMISORAS,FINANCIERAS,,Anual Individual,Anual,Soles,M todo Indirecto,57850,41096,16754,830,-3264,-49532,-2000,-51532,3F0501,3F0625,True,PRELIMINAR
023490,20312372895,YURA S.A.,2020,EMPRESAS EMISORAS,INDUSTRIALES,,Anual Individual,Anual,Soles,M todo Directo,3313815,1345407,1968408,799530,146151,393651,-12167,381484,3D01ST,3D0206,False,PRELIMINAR
020045,20260172035,ACTIVO INMOBILIARIO PERUANO S.A.A. (ANTES FALABELLA PERU S.A.A.),2021,EMPRESAS EMISORAS,DIVERSOS,,Anual Individual,Anual,Soles,M todo Directo,2301850,333114,1968736,0,67214,45480,0,45480,3D01ST,3D0206,True,PRELIMINAR
B80018,20100047307,ADMINISTRADORA DEL COMERCIO S.A. EN LIQUIDACION,2021,EMPRESAS EMISORAS,DIVERSOS,,Anual Individual,Anual,Soles,M todo Directo,53594,31810,21784,4907,-5866,531,-11,520,3D01ST,3D0206,True,PRELIMINAR
003277,20306841506,ADMINISTRADORA JOCKEY PLAZA SHOPPING CENTER S.A.,2021,EMPRESAS EMISORAS,DIVERSOS,,Anual Individual,Anual,Soles,M todo Directo,2083115,1443972,639143,270384,-28238,84446,-321,84125,3D01ST,3D0206,True,PRELIMINAR
023106,20332600592,AENZA S.A.A.,2021,EMPRESAS EMISORAS,DIVERSOS,,Anual Individual,Anual,Soles,M todo Indirecto,2142389,910635,1231754,45111,-122617,-81974,-81,-82055,3D01ST,3D0206,False,PRELIMINAR
OE4132,20551464971,AFP HABITAT S.A.,2021,EMPRESAS EMISORAS,A.F.P.,,Anual Individual,Anual,Soles,M todo Directo,174463,41502,132961,151405,52889,58449,-850,57599,3A01ST,3A0206,False,PRELIMINAR
AFP002,20157036794,AFP INTEGRA,2021,EMPRESAS EMISORAS,A.F.P.,,Anual Individual,Anual,Soles,M todo Directo,1298348,245516,1052832,351215,147014,128211,-7113,121098,3A01ST,3A0206,False,PRELIMINAR
B11073,20164042686,AGRICOLA CAYALTI SOCIEDAD ANONIMA ABIERTA,2021,EMPRESAS EMISORAS,AGRICOLAS,,Anual Individual,Anual,Soles,M todo Directo,546171,257332,288839,8408,-21296,-21834,-28985,-50819,3D01ST,3D0206,True,PRELIMINAR
B11067,20135948641,AGRO INDUSTRIAL PARAMONGA S.A.,2021,EMPRESAS EMISORAS,AGRICOLAS,,Anual Individual,Anual,Soles,M todo Directo,1334342,628088,706254,293657,48330,44876,-34613,10263,3D01ST,3D0206,False,PRELIMINAR
B08363,20132377783,AGROINDUSTRIAL LAREDO S.A.A.,2021,EMPRESAS EMISORAS,AGRICOLAS,,Anual Individual,Anual,Soles,M todo Directo,850994,307404,543590,340382,23632,51584,-29804,21780,3D01ST,3D0206,False,PRELIMINAR
OE4115,20104420282,AGROINDUSTRIAS AIB S.A.,2021,EMPRESAS EMISORAS,INDUSTRIALES,,Anual Individual,Anual,Soles,M todo Directo,410715,186032,224683,207387,11020,14916,-5537,9379,3D01ST,3D0206,False,PRELIMINAR
B11068,20116225779,AGROINDUSTRIAS SAN JACINTO S.A.A.,2021,EMPRESAS EMISORAS,AGRICOLAS,,Anual Individual,Anual,Soles,M todo Directo,669224,226452,442772,247979,57644,73053,-15886,57167,3D01ST,3D0206,False,PRELIMINAR
OE4977,20546844791,AGROKASA HOLDINGS S.A.,2021,EMPRESAS EMISORAS,DIVERSOS,,Anual Individual,Anual,D lares,M todo Directo,155412,18027,137385,41998,41973,24469,0,24469,3D01ST,3D0206,False,PRELIMINAR
OE7816,20602150837,AI INVERSIONES PALO ALTO S.A.,2021,EMPRESAS EMISORAS,DIVERSOS,,Anual Individual,Anual,Soles,M todo Directo,278781,12378,266403,0,-14279,-667,0,-667,3D01ST,3D0206,False,PRELIMINAR
OE3203,20517476405,ALFIN BANCO S.A.,2021,EMPRESAS EMISORAS,BANCOS,,Anual Individual,Anual,Soles,M todo Indirecto,662747,648731,14016,68932,-125445,120014,-39952,80062,3F0501,3F0625,False,PRELIMINAR
B30006,20100055237,ALICORP S.A.A.,2021,EMPRESAS EMISORAS,INDUSTRIALES,,Anual Individual,Anual,Soles,M todo Directo,9937938,6651982,3285956,6478035,-33990,876185,-142922,733263,3D01ST,3D0206,False,PRELIMINAR
B60053,20265391886,AMERIKA FINANCIERA S.A. EN LIQUIDACION,2021,EMPRESAS EMISORAS,FINANCIERAS,,Anual Individual,Anual,Soles,M todo Directo,20774,3777,16997,54,-723,6430,0,6430,3F0501,3F0625,False,PRELIMINAR
J40120,20511230188,ANDINO INVESTMENT HOLDING S.A.A.,2021,EMPRESAS EMISORAS,DIVERSOS,,Anual Individual,Anual,Soles,M todo Indirecto,409476,60253,349223,1301,-79850,713,-32,681,3D01ST,3D0206,False,PRELIMINAR
J40450,20554816526,AUGUSTAR SEGUROS Y REASEGUROS S.A. (ANTES OHIO NATIONAL SEGUROS DE VIDA Y REASEGUROS S.A.),2021,EMPRESAS EMISORAS,SEGUROS,,Anual Individual,Anual,Soles,M todo Indirecto,509181,448798,60383,287895,-55176,-88557,-23,-88580,3E0301,3E0405,False,PRELIMINAR
CI0006,20338054115,AUSTRAL GROUP S.A.A.,2021,EMPRESAS EMISORAS,INDUSTRIALES,,Anual Individual,Anual,Soles,M todo Directo,1158833,606247,552586,886701,128765,248007,-59535,188472,3D01ST,3D0206,False,PRELIMINAR
J40809,20600825187,AVLA PERU COMPAÑIA DE SEGUROS S.A.,2021,EMPRESAS EMISORAS,SEGUROS,,Anual Individual,Anual,Soles,M todo Indirecto,215519,131130,84389,130821,26686,-8028,-183,-8211,3E0301,3E0405,True,PRELIMINAR
J40847,20562964682,AZZARO TRADING S.A.,2021,EMPRESAS EMISORAS,DIVERSOS,,Anual Individual,Anual,Soles,M todo Indirecto,77569,22922,54647,4620,8161,12277,0,12277,3D01ST,3D0206,True,PRELIMINAR
B80004,20100130204,BANCO BBVA PERU,2021,EMPRESAS EMISORAS,BANCOS,,Anual Individual,Anual,Soles,M todo Indirecto,101644577,91462841,10181736,4209339,1559293,-10995949,-337421,-11333370,3F0501,3F0625,False,PRELIMINAR
CF0004,20509507199,BANCO DE COMERCIO,2021,EMPRESAS EMISORAS,BANCOS,,Anual Individual,Anual,Soles,M todo Directo,2291939,1913933,378006,224114,17279,-44628,-635,-45263,3F0501,3F0625,False,PRELIMINAR
B80005,20100047218,BANCO DE CREDITO DEL PERU,2021,EMPRESAS EMISORAS,BANCOS,,Anual Individual,Anual,Soles,M todo Indirecto,185874960,165586645,20288315,7796510,3031403,3507912,-440226,3067686,3F0501,3F0625,False,PRELIMINAR
J00122,20100030595,BANCO DE LA NACION,2021,EMPRESAS EMISORAS,BANCOS,,Anual Individual,Anual,Soles,M todo Indirecto,47278134,45690537,1587597,1285837,354470,4951143,-55550,4895593,3F0501,3F0625,False,PRELIMINAR
OE2254,20441805960,BANCO EFECTIVA S.A. (ANTES FINANCIERA EFECTIVA S.A.),2021,EMPRESAS EMISORAS,BANCOS,,Anual Individual,Anual,Soles,M todo Directo,1196565,917096,279469,348606,53085,254361,-895,253466,3F0501,3F0625,True,PRELIMINAR
B80144,20330401991,BANCO FALABELLA PERU S.A.,2021,EMPRESAS EMISORAS,BANCOS,,Anual Individual,Anual,Soles,M todo Indirecto,4167343,3316917,850426,624533,-43094,-230206,-58034,-288240,3F0501,3F0625,False,PRELIMINAR
OE2271,20513074370,BANCO GNB PERU S.A.,2021,EMPRESAS EMISORAS,BANCOS,,Anual Individual,Anual,Soles,M todo Directo,5967469,5208424,759045,310204,31527,304618,-257,304361,3F0501,3F0625,False,PRELIMINAR
B80123,20101036813,BANCO INTERAMERICANO DE FINANZAS,2021,EMPRESAS EMISORAS,BANCOS,,Anual Individual,Anual,Soles,M todo Indirecto,19080818,17683621,1397197,848676,157836,-730273,-45312,-775585,3F0501,3F0625,False,PRELIMINAR
B80020,20100053455,BANCO INTERNACIONAL DEL PERU S.A.A. - INTERBANK,2021,EMPRESAS EMISORAS,BANCOS,,Anual Individual,Anual,Soles,M todo Indirecto,68111982,61309153,6802829,3510790,1200476,-2319751,-216654,-2536405,3F0501,3F0625,False,PRELIMINAR
B80009,20100105862,BANCO PICHINCHA,2021,EMPRESAS EMISORAS,BANCOS,,Anual Individual,Anual,Soles,M todo Directo,11308112,10422983,885129,856079,-97771,-208588,-29896,-238484,3F0501,3F0625,False,PRELIMINAR
B80141,20259702411,BANCO RIPLEY PERU S.A.,2021,EMPRESAS EMISORAS,BANCOS,,Anual Individual,Anual,Soles,M todo Indirecto,2153760,1785590,368170,326302,-20280,33854,-19205,14649,3F0501,3F0625,False,PRELIMINAR
OE3056,20516711559,BANCO SANTANDER PERU S.A.,2021,EMPRESAS EMISORAS,BANCOS,,Anual Individual,Anual,Soles,M todo Indirecto,9544916,8502509,1042407,294774,166108,809506,-12471,797035,3F0501,3F0625,False,PRELIMINAR
L01775,20604306150,BANK OF CHINA (PERU) S.A.,2021,EMPRESAS EMISORAS,BANCOS,,Anual Individual,Anual,Soles,M todo Directo,521500,283899,237601,2358,-17461,310970,-1323,309647,3F0501,3F0625,False,PRELIMINAR
B30079,20100096341,BAYER S.A.,2021,EMPRESAS EMISORAS,DIVERSOS,,Anual Individual,Anual,Soles,M todo Directo,241970,114182,127788,381384,20256,-1957,-4164,-6121,3D01ST,3D0206,False,PRELIMINAR
OE4837,20513328819,BNP PARIBAS CARDIF S.A. COMPAÑIA DE SEGUROS Y REASEGUROS,2021,EMPRESAS EMISORAS,SEGUROS,,Anual Individual,Anual,Soles,M todo Indirecto,597927,383563,214364,345444,-148641,-11029,-477,-11506,3E0301,3E0405,False,PRELIMINAR
L01785,20393341786,BOSQUES AMAZONICOS S.A.,2021,EMPRESAS EMISORAS,DIVERSOS,,Anual Individual,Anual,D lares,M todo Directo,91649,63529,28120,17277,5725,6985,-576,6409,3D01ST,3D0206,False,PRELIMINAR
L00192,20114839176,CAJA MUNICIPAL DE AHORRO Y CREDITO CUSCO S.A. - CMAC CUSCO S.A.,2021,EMPRESAS EMISORAS,FINANCIERAS,,Anual Individual,Anual,Soles,M todo Directo,5381722,4790388,591334,588804,37388,123362,-14020,109342,3F0501,3F0625,False,PRELIMINAR
J00124,20100209641,CAJA MUNICIPAL DE AHORRO Y CREDITO DE AREQUIPA S.A.,2021,EMPRESAS EMISORAS,FINANCIERAS,,Anual Individual,Anual,Soles,M todo Indirecto,7944727,7054075,890652,1089216,74834,20592,-67311,-46719,3F0501,3F0625,False,PRELIMINAR
J40137,20130200789,CAJA MUNICIPAL DE AHORRO Y CREDITO DE HUANCAYO S.A.,2021,EMPRESAS EMISORAS,FINANCIERAS,,Anual Individual,Anual,Soles,M todo Indirecto,6773051,6063073,709978,855508,52245,-216961,-21360,-238321,3F0501,3F0625,False,PRELIMINAR
J40630,20322445564,CAJA RURAL DE AHORRO Y CREDITO LOS ANDES S.A.,2021,EMPRESAS EMISORAS,FINANCIERAS,,Anual Individual,Anual,Soles,M todo Indirecto,498794,425226,73568,99704,-9665,-70362,2107,,3F0501,3F0625,False,REVISAR_CAPEX_POSITIVO
B11082,20131867744,CARTAVIO SOCIEDAD ANONIMA ABIERTA,2021,EMPRESAS EMISORAS,AGRICOLAS,,Anual Individual,Anual,Soles,M todo Directo,1052899,431930,620969,373577,79642,90215,-28836,61379,3D01ST,3D0206,False,PRELIMINAR
B08361,20131823020,CASA GRANDE SOCIEDAD ANONIMA ABIERTA,2021,EMPRESAS EMISORAS,AGRICOLAS,,Anual Individual,Anual,Soles,M todo Directo,2128991,664101,1464890,632030,139647,242514,-58540,183974,3D01ST,3D0206,False,PRELIMINAR
CD0005,20419387658,CEMENTOS PACASMAYO S.A.A.,2021,EMPRESAS EMISORAS,INDUSTRIALES,,Anual Individual,Anual,Soles,M todo Indirecto,3102736,1906931,1195805,1194911,153170,117113,-53359,63754,3D01ST,3D0206,False,PRELIMINAR
019094,20129854953,CENTRAL AZUCARERA CHUCARAPI-PAMPA BLANCA S.A.,2021,EMPRESAS EMISORAS,AGRICOLAS,,Anual Individual,Anual,Soles,M todo Directo,157829,65112,92717,8365,-4874,-116,-185,-301,3D01ST,3D0206,False,PRELIMINAR
B30023,20128915711,CERVECERIA SAN JUAN S.A.,2021,EMPRESAS EMISORAS,INDUSTRIALES,,Anual Individual,Anual,Soles,M todo Indirecto,1166046,683139,482907,1006728,330571,28004,-11203,16801,3D01ST,3D0206,False,PRELIMINAR
CS0007,20109068498,CESCE PERU S.A. COMPAÑIA DE SEGUROS,2021,EMPRESAS EMISORAS,SEGUROS,,Anual Individual,Anual,Soles,M todo Directo,166940,114126,52814,120366,17223,24058,-230,23828,3E0301,3E0405,True,PRELIMINAR
CS0003,20390625007,CHUBB PERU S.A. COMPAÑIA DE SEGUROS Y REASEGUROS,2021,EMPRESAS EMISORAS,SEGUROS,,Anual Individual,Anual,Soles,M todo Directo,569971,467273,102698,307891,7631,19341,-720,18621,3E0301,3E0405,False,PRELIMINAR
CB0002,20100116635,CITIBANK DEL PERU S.A.,2021,EMPRESAS EMISORAS,BANCOS,,Anual Individual,Anual,Soles,M todo Indirecto,7725800,6884776,841024,82829,110475,-542191,-3303,-545494,3F0501,3F0625,True,PRELIMINAR
OE5506,20510713363,COLEGIOS PERUANOS S.A.,2021,EMPRESAS EMISORAS,DIVERSOS,,Anual Individual,Anual,Soles,M todo Directo,1138651,950377,188274,208105,-80136,4582,-9527,-4945,3D01ST,3D0206,False,PRELIMINAR
B20003,20100079501,COMPAÑIA DE MINAS BUENAVENTURA S.A.A.,2021,EMPRESAS EMISORAS,MINERAS,,Anual Individual,Anual,D lares,M todo Directo,3809613,1441287,2368326,406028,-264075,-342382,-40707,-383089,3D01ST,3D0206,False,PRELIMINAR
B20041,20137025354,COMPAÑIA MINERA PODEROSA S.A.A.,2021,EMPRESAS EMISORAS,MINERAS,,Anual Individual,Anual,Soles,M todo Indirecto,2072248,554328,1517920,2102747,552792,862110,-137600,724510,3D01ST,3D0206,False,PRELIMINAR
B20013,20100177421,COMPAÑIA MINERA SAN IGNACIO DE MOROCOCHA S.A.A.,2021,EMPRESAS EMISORAS,MINERAS,,Anual Individual,Anual,Soles,M todo Indirecto,473794,312036,161758,219457,-10828,92497,-39053,53444,3D01ST,3D0206,False,PRELIMINAR
B20016,20100120314,COMPAÑIA MINERA SANTA LUISA S.A.,2021,EMPRESAS EMISORAS,MINERAS,,Anual Individual,Anual,Soles,M todo Directo,387268,178448,208820,339532,65953,95358,-17085,78273,3D01ST,3D0206,False,PRELIMINAR
CI0005,20100562848,COMPAÑIA UNIVERSAL TEXTIL S.A. EN LIQUIDACION,2021,EMPRESAS EMISORAS,INDUSTRIALES,,Anual Individual,Anual,Soles,M todo Directo,170205,77222,92983,621,-19190,-453,0,-453,3D01ST,3D0206,False,PRELIMINAR
OE4501,20369155360,COMPARTAMOS BANCO S.A.,2021,EMPRESAS EMISORAS,BANCOS,,Anual Individual,Anual,Soles,M todo Indirecto,3768506,3137961,630545,794894,35223,-256122,-19414,-275536,3F0501,3F0625,False,PRELIMINAR
OE3212,20509093521,CONCESIONARIA TRASVASE OLMOS S.A.,2021,EMPRESAS EMISORAS,DIVERSOS,,Anual Individual,Anual,D lares,M todo Indirecto,87084,60297,26787,16642,6405,28544,-117,28427,3D01ST,3D0206,False,PRELIMINAR
OE3557,20518410858,CONSORCIO CEMENTERO DEL SUR S.A.,2021,EMPRESAS EMISORAS,DIVERSOS,,Anual Individual,Anual,Soles,M todo Directo,800310,199336,600974,149471,148488,28606,0,28606,3D01ST,3D0206,False,PRELIMINAR
000683,20100195080,CONSORCIO INDUSTRIAL DE AREQUIPA SA,2021,EMPRESAS EMISORAS,INDUSTRIALES,,Anual Individual,Anual,Soles,M todo Directo,99304,26168,73136,63112,5809,4540,-889,3651,3D01ST,3D0206,True,PRELIMINAR
CI0003,20370146994,CORPORACION ACEROS AREQUIPA S.A.,2021,EMPRESAS EMISORAS,INDUSTRIALES,,Anual Individual,Anual,Soles,M todo Directo,5945908,3392410,2553498,4996071,689343,-600640,-303632,-904272,3D01ST,3D0206,False,PRELIMINAR
B30207,20100228352,CORPORACION CERVESUR S.A.A.,2021,EMPRESAS EMISORAS,DIVERSOS,,Anual Individual,Anual,Soles,M todo Directo,608292,53921,554371,41524,36482,64019,-76,63943,3D01ST,3D0206,False,PRELIMINAR
CF0002,20100116392,CORPORACION FINANCIERA DE DESARROLLO S.A. - COFIDE,2021,EMPRESAS EMISORAS,FINANCIERAS,,Anual Individual,Anual,Soles,M todo Indirecto,12524841,10292384,2232457,412273,41223,-93039,-4133,-97172,3F0501,3F0625,False,PRELIMINAR
000355,20100082391,COSAPI S.A.,2021,EMPRESAS EMISORAS,DIVERSOS,,Anual Individual,Anual,Soles,M todo Indirecto,1188694,900976,287718,1117305,60311,-14277,-14601,-28878,3D01ST,3D0206,True,PRELIMINAR
J40768,20600098633,CRECER SEGUROS S.A. COMPANIA DE SEGUROS,2021,EMPRESAS EMISORAS,SEGUROS,,Anual Individual,Anual,Soles,M todo Indirecto,197831,160230,37601,145993,-9872,9152,-86,9066,3E0301,3E0405,True,PRELIMINAR
OE5132,20548185051,CREDICORP CAPITAL PERU S.A.A.,2021,EMPRESAS EMISORAS,DIVERSOS,,Anual Individual,Anual,Soles,M todo Directo,122909,635,122274,0,31204,39343,0,39343,3D01ST,3D0206,False,PRELIMINAR
B30060,20133530003,CREDITEX S.A.A.,2021,EMPRESAS EMISORAS,INDUSTRIALES,,Anual Individual,Anual,Soles,M todo Directo,508824,119962,388862,318441,33480,6617,-2992,3625,3D01ST,3D0206,True,PRELIMINAR
OE2258,20509845167,DIVISO GRUPO FINANCIERO S.A.,2021,EMPRESAS EMISORAS,DIVERSOS,,Anual Individual,Anual,Soles,M todo Indirecto,342215,109631,232584,30478,-5138,-3939,0,-3939,3D01ST,3D0206,False,PRELIMINAR
OE3808,20516534754,DUNAS ENERGIA S.A.A.,2021,EMPRESAS EMISORAS,DIVERSOS,,Anual Individual,Anual,Soles,M todo Indirecto,198823,2050,196773,52348,49103,46415,0,46415,3D01ST,3D0206,False,PRELIMINAR
B40013,20106156400,ELECTRO DUNAS S.A.A.,2021,EMPRESAS EMISORAS,SERVICIOS PUBLICOS,,Anual Individual,Anual,Soles,M todo Indirecto,883136,690500,192636,431263,42077,133984,-46255,87729,3D01ST,3D0206,False,PRELIMINAR
B40005,20116544289,ELECTRO SUR ESTE S.A.A.,2021,EMPRESAS EMISORAS,SERVICIOS PUBLICOS,,Anual Individual,Anual,Soles,M todo Directo,1110017,491120,618897,533135,85646,198753,-69846,128907,3D01ST,3D0206,True,PRELIMINAR
B11072,20131835621,EMPRESA AGRARIA CHIQUITOY S.A.,2021,EMPRESAS EMISORAS,AGRICOLAS,,Anual Individual,Anual,Soles,M todo Directo,155260,34043,121217,32000,18493,15638,-1576,14062,3D01ST,3D0206,True,PRELIMINAR
B11074,20103272964,EMPRESA AGRICOLA SAN JUAN S.A.,2021,EMPRESAS EMISORAS,AGRICOLAS,,Anual Individual,Anual,Soles,M todo Directo,152378,82507,69871,76297,932,21337,-8237,13100,3D01ST,3D0206,False,PRELIMINAR
B08358,20133419749,EMPRESA AGRICOLA SINTUCO S.A.,2021,EMPRESAS EMISORAS,AGRICOLAS,,Anual Individual,Anual,Soles,M todo Directo,95046,14904,80142,12616,7950,4294,-1397,2897,3D01ST,3D0206,False,PRELIMINAR
B08360,20163898200,EMPRESA AGROINDUSTRIAL POMALCA S.A.A.,2021,EMPRESAS EMISORAS,AGRICOLAS,,Anual Individual,Anual,Soles,M todo Directo,1224499,636583,587916,96872,-10798,6827,-15149,-8322,3D01ST,3D0206,False,PRELIMINAR
017070,20141723601,EMPRESA AZUCARERA EL INGENIO S.A.,2021,EMPRESAS EMISORAS,AGRICOLAS,,Anual Individual,Anual,Soles,M todo Directo,73420,19261,54159,12263,3075,266,0,266,3D01ST,3D0206,False,PRELIMINAR
L00914,20550226589,EMPRESA DE CREDITOS SANTANDER CONSUMO PERU S.A.,2021,EMPRESAS EMISORAS,FINANCIERAS,,Anual Individual,Anual,Soles,M todo Indirecto,990889,841555,149334,123548,26266,-121831,-3850,-125681,3F0501,3F0625,False,PRELIMINAR
OE2027,20279889208,EMPRESA DE GENERACION ELECTRICA DEL SUR S.A.,2021,EMPRESAS EMISORAS,SERVICIOS PUBLICOS,,Anual Individual,Anual,Soles,M todo Directo,222713,81324,141389,51155,7878,16354,-2204,14150,3D01ST,3D0206,False,PRELIMINAR
SP0009,20262221335,EMPRESA DE GENERACION ELECTRICA SAN GABAN S.A.,2021,EMPRESAS EMISORAS,SERVICIOS PUBLICOS,,Anual Individual,Anual,Soles,M todo Directo,464360,75110,389250,84176,30868,49776,-13729,36047,3D01ST,3D0206,True,PRELIMINAR
B30241,20143229816,EMPRESA EDITORA EL COMERCIO S.A.,2021,EMPRESAS EMISORAS,INDUSTRIALES,,Anual Individual,Anual,Soles,M todo Directo,1438880,338905,1099975,240071,239329,1662,-611,1051,3D01ST,3D0206,False,PRELIMINAR
CD0022,20100027705,EMPRESA ELECTRICIDAD DEL PERU - ELECTROPERU S.A.,2021,EMPRESAS EMISORAS,SERVICIOS PUBLICOS,,Anual Individual,Anual,Soles,M todo Directo,4079813,993068,3086745,2293480,651954,639274,-31443,607831,3D01ST,3D0206,False,PRELIMINAR
B40006,20119205949,EMPRESA REGIONAL DE SERVICIO PUBLICO DE ELECTRICIDAD - ELECTROSUR S.A.,2021,EMPRESAS EMISORAS,SERVICIOS PUBLICOS,,Anual Individual,Anual,Soles,M todo Directo,362997,173442,189555,227006,27524,44055,-19223,24832,3D01ST,3D0206,False,PRELIMINAR
SP0006,20405479592,EMPRESA REGIONAL DE SERVICIO PUBLICO DE ELECTRICIDAD DE PUNO S.A.A. - ELECTROPUNO,2021,EMPRESAS EMISORAS,SERVICIOS PUBLICOS,,Anual Individual,Anual,Soles,M todo Directo,562001,293295,268706,262744,32040,55197,-10106,45091,3D01ST,3D0206,True,PRELIMINAR
B40002,20132023540,EMPRESA REGIONAL DE SERVICIO PUBLICO DE ELECTRICIDAD ELECTRONORTE MEDIO S.A. - HIDRANDINA,2021,EMPRESAS EMISORAS,SERVICIOS PUBLICOS,,Anual Individual,Anual,Soles,M todo Directo,1859959,890232,969727,1092602,114969,243060,-89893,153167,3D01ST,3D0206,False,PRELIMINAR
CM0003,20402885549,EMPRESA SIDERURGICA DEL PERU S.A.A. - SIDERPERU,2021,EMPRESAS EMISORAS,INDUSTRIALES,,Anual Individual,Anual,Soles,M todo Directo,2073337,994430,1078907,2439612,322993,191452,-50341,141111,3D01ST,3D0206,False,PRELIMINAR
003058,20270508163,ENEL GENERACION PIURA S.A.,2021,EMPRESAS EMISORAS,SERVICIOS PUBLICOS,,Anual Individual,Anual,Soles,M todo Indirecto,762707,337022,425685,286333,68970,124479,-25592,98887,3D01ST,3D0206,True,PRELIMINAR
OE4860,20543420477,ENERGIA DEL PACIFICO S.A.,2021,EMPRESAS EMISORAS,DIVERSOS,,Anual Individual,Anual,D lares,M todo Directo,17640,433,17207,0,-163,23,0,23,3D01ST,3D0206,False,PRELIMINAR
J40866,20518648676,ENFOCA SERVICIOS LOGISTICOS S.A.,2021,EMPRESAS EMISORAS,DIVERSOS,,Anual Individual,Anual,Soles,M todo Indirecto,394636,63731,330905,0,37573,1560,0,1560,3D01ST,3D0206,False,PRELIMINAR
002829,20333363900,ENGIE ENERGIA PERU S.A.A.,2021,EMPRESAS EMISORAS,SERVICIOS PUBLICOS,,Anual Individual,Anual,Soles,M todo Directo,2252705,1107276,1145429,532206,65153,189580,-103712,85868,3D01ST,3D0206,False,PRELIMINAR
J40989,20600488296,EXPERTIA TRAVEL S.A.,2021,EMPRESAS EMISORAS,DIVERSOS,,Anual Individual,Anual,D lares,M todo Directo,64344,3594,60750,0,-787,-487,0,-487,3D01ST,3D0206,False,PRELIMINAR
B30042,20100020956,FABRICA DE HILADOS Y TEJIDOS SAN MIGUEL S.A. - EN LIQUIDACION,2021,EMPRESAS EMISORAS,INDUSTRIALES,,Anual Individual,Anual,Soles,M todo Directo,1703,1,1702,0,13,-8,0,-8,3D01ST,3D0206,False,PRELIMINAR
B30211,20100165687,FABRICA NACIONAL DE ACUMULADORES ETNA S.A.,2021,EMPRESAS EMISORAS,INDUSTRIALES,,Anual Individual,Anual,Soles,M todo Directo,338640,219640,119000,205667,10138,24503,-7561,16942,3D01ST,3D0206,False,PRELIMINAR
B30122,20100051240,FABRICA PERUANA ETERNIT S.A.,2021,EMPRESAS EMISORAS,INDUSTRIALES,,Anual Individual,Anual,Soles,M todo Directo,397722,114954,282768,349022,27536,53189,-24060,29129,3D01ST,3D0206,False,PRELIMINAR
OE4746,20538185010,FACTORING TOTAL S.A. (SOCIEDAD ABSORBIDA),2021,EMPRESAS EMISORAS,DIVERSOS,,Anual Individual,Anual,Soles,M todo Directo,72446,50321,22125,12752,2433,2915,-1095,1820,3F0501,3F0625,False,PRELIMINAR
OE6804,20600163346,FACTOTAL PERU S.A.,2021,EMPRESAS EMISORAS,DIVERSOS,,Anual Individual,Anual,Soles,M todo Directo,139286,93779,45507,28271,8646,4487,-84,4403,3D01ST,3D0206,True,PRELIMINAR
B60001,20100027292,FERREYCORP S.A.A.,2021,EMPRESAS EMISORAS,DIVERSOS,,Anual Individual,Anual,Soles,M todo Directo,2462839,213045,2249794,54028,376054,241065,-57507,183558,3D01ST,3D0206,False,PRELIMINAR
B30083,20100083010,FILAMENTOS INDUSTRIALES S.A.,2021,EMPRESAS EMISORAS,DIVERSOS,,Anual Individual,Anual,Soles,M todo Directo,119129,34184,84945,45286,6050,-2529,-22,-2551,3D01ST,3D0206,False,PRELIMINAR
OE3205,20228319768,FINANCIERA CONFIANZA S.A.A.,2021,EMPRESAS EMISORAS,FINANCIERAS,,Anual Individual,Anual,Soles,M todo Indirecto,2291145,1914931,376214,432602,3155,38180,0,38180,3F0501,3F0625,False,PRELIMINAR
L00416,20328178070,FINANCIERA CREDINKA S.A. EN LIQUIDACION,2021,EMPRESAS EMISORAS,FINANCIERAS,,Anual Individual,Anual,Soles,M todo Indirecto,1081649,980408,101241,136117,-50861,-24118,0,-24118,3F0501,3F0625,False,PRELIMINAR
OE5251,20348067053,FINANCIERA PROEMPRESA S.A.,2021,EMPRESAS EMISORAS,FINANCIERAS,,Anual Individual,Anual,Soles,M todo Indirecto,705907,622712,83195,123820,-1641,25889,-155,25734,3F0501,3F0625,True,PRELIMINAR
OE4241,20521308321,FINANCIERA QAPAQ S.A.,2021,EMPRESAS EMISORAS,FINANCIERAS,,Anual Individual,Anual,Soles,M todo Directo,351724,313811,37913,56629,-24727,-87407,-2865,-90272,3F0501,3F0625,False,PRELIMINAR
J40093,20414671773,FONDO MIVIVIENDA S.A.,2021,EMPRESAS EMISORAS,FINANCIERAS,,Anual Individual,Anual,Soles,M todo Indirecto,11022352,7550839,3471513,517330,41937,-144007,-2661,-146668,3F0501,3F0625,False,PRELIMINAR
OE4159,20523108574,FOSFATOS DEL PACIFICO S.A.,2021,EMPRESAS EMISORAS,MINERAS,,Anual Individual,Anual,Soles,M todo Indirecto,9011,5181,3830,0,-10623,-6801,0,-6801,3D01ST,3D0206,False,PRELIMINAR
OE6928,20601413885,FOSSAL S.A.A.,2021,EMPRESAS EMISORAS,DIVERSOS,,Anual Individual,Anual,Soles,M todo Indirecto,5672,27,5645,0,-23901,-323,0,-323,3D01ST,3D0206,False,PRELIMINAR
001152,20100094054,FUTURA CONSORCIO INMOBILIARIO S.A.,2021,EMPRESAS EMISORAS,DIVERSOS,,Anual Individual,Anual,Soles,M todo Directo,524205,144615,379590,11942,35539,3274,-576,2698,3D01ST,3D0206,False,PRELIMINAR
B80049,20100116988,GR HOLDING S.A.,2021,EMPRESAS EMISORAS,DIVERSOS,,Anual Individual,Anual,Soles,M todo Indirecto,384332,496,383836,0,36092,-162,0,-162,3D01ST,3D0206,False,PRELIMINAR
BV0001,20100055661,GRUPO BVL S.A.A.,2021,EMPRESAS EMISORAS,DIVERSOS,,Anual Individual,Anual,Soles,M todo Directo,249149,28352,220797,40970,20454,7049,-435,6614,3D01ST,3D0206,False,PRELIMINAR
J40184,20100077044,HERMES TRANSPORTES BLINDADOS S.A.,2021,EMPRESAS EMISORAS,DIVERSOS,,Anual Individual,Anual,Soles,M todo Directo,850533,619921,230612,382518,92502,124335,-8829,115506,3D01ST,3D0206,True,PRELIMINAR
B30140,20100171814,HIDROSTAL S.A.,2021,EMPRESAS EMISORAS,INDUSTRIALES,,Anual Individual,Anual,Soles,M todo Directo,347374,108514,238860,146109,4289,11177,-577,10600,3D01ST,3D0206,False,PRELIMINAR
OE5021,20523611250,H2OLMOS S.A.,2021,EMPRESAS EMISORAS,DIVERSOS,,Anual Individual,Anual,Soles,M todo Indirecto,557868,515639,42229,93817,4264,45274,-700,44574,3D01ST,3D0206,False,PRELIMINAR
J40414,20546892175,ICBC PERU BANK,2021,EMPRESAS EMISORAS,BANCOS,,Anual Individual,Anual,Soles,M todo Indirecto,5883584,5505650,377934,31217,26232,2522350,-100,2522250,3F0501,3F0625,False,PRELIMINAR
J40655,20515164945,INCA RAIL S.A.,2021,EMPRESAS EMISORAS,DIVERSOS,,Anual Individual,Anual,Soles,M todo Directo,307153,281472,25681,23188,-47524,-22933,-2106,-25039,3D01ST,3D0206,True,PRELIMINAR
B30236,20251293181,INDECO S.A.,2021,EMPRESAS EMISORAS,INDUSTRIALES,,Anual Individual,Anual,D lares,M todo Directo,173290,100576,72714,330211,14248,182202,-2099,180103,3D01ST,3D0206,False,PRELIMINAR
B30152,20100003512,INDUSTRIAS ELECTRO QUIMICAS S.A. IEQSA,2021,EMPRESAS EMISORAS,INDUSTRIALES,,Anual Individual,Anual,D lares,M todo Directo,76548,41656,34892,132136,1286,5213,-408,4805,3D01ST,3D0206,False,PRELIMINAR
OE4256,20522291201,INFINANCE XP S.A. (ANTES FINANCIERA OH! S.A.),2021,EMPRESAS EMISORAS,FINANCIERAS,,Anual Individual,Anual,Soles,M todo Indirecto,1732312,1421492,310820,368092,28475,-307741,-14027,-321768,3F0501,3F0625,False,PRELIMINAR
OE4660,20543135942,INMOBILIARIA IDE S.A.,2021,EMPRESAS EMISORAS,DIVERSOS,,Anual Individual,Anual,Soles,M todo Indirecto,16243,2280,13963,1834,1438,1810,0,1810,3D01ST,3D0206,False,PRELIMINAR
B30127,20100049938,INMOBILIARIA KANPU S.A.,2021,EMPRESAS EMISORAS,DIVERSOS,,Anual Individual,Anual,Soles,M todo Directo,214499,168130,46369,5683,12435,7316,-1472,5844,3D01ST,3D0206,True,PRELIMINAR
OE7967,20605495339,INMOBILIARIA SIC S.A.,2021,EMPRESAS EMISORAS,DIVERSOS,,Anual Individual,Anual,Soles,M todo Directo,253008,153697,99311,17979,4127,5436,0,5436,3D01ST,3D0206,False,PRELIMINAR
OE5087,0,INRETAIL PERU CORP.,2021,EMPRESAS EMISORAS,DIVERSOS,,Anual Individual,Anual,Soles,M todo Directo,7194182,3370887,3823295,820757,762377,801402,0,801402,3D01ST,3D0206,False,PRELIMINAR
OE4150,20492497721,INSUR S.A. COMPAÑIA DE SEGUROS,2021,EMPRESAS EMISORAS,SEGUROS,,Anual Individual,Anual,Soles,M todo Indirecto,151829,46308,105521,79016,21797,21703,-69,21634,3E0301,3E0405,False,PRELIMINAR
B70009,20100017491,INTEGRATEL PERU S.A.A.,2021,EMPRESAS EMISORAS,SERVICIOS PUBLICOS,,Anual Individual,Anual,Soles,M todo Directo,12822426,10379433,2442993,7049215,-1626101,627943,-621589,6354,3D01ST,3D0206,False,PRELIMINAR
OE2305,0,INTERCORP FINANCIAL SERVICES INC.,2021,EMPRESAS EMISORAS,DIVERSOS,,Anual Individual,Anual,Soles,M todo Indirecto,10746296,1242259,9504037,13885,1790155,-17910,0,-17910,3F0501,3F0625,False,PRELIMINAR
CD0010,0,INTERCORP PERU LTD.,2021,EMPRESAS EMISORAS,DIVERSOS,,Anual Individual,Anual,Soles,M todo Indirecto,12867728,1921847,10945881,4499,1246539,-81017,0,-81017,3F0501,3F0625,True,PRELIMINAR
CS0002,20382748566,INTERSEGURO COMPAÑIA DE SEGUROS S.A.,2021,EMPRESAS EMISORAS,SEGUROS,,Anual Individual,Anual,Soles,M todo Indirecto,14684878,13198757,1486121,545455,303608,663792,-60,663732,3E0301,3E0405,False,PRELIMINAR
J41105,20605495151,INVERFAL PERU S.A.A.,2021,EMPRESAS EMISORAS,DIVERSOS,,Anual Individual,Anual,Soles,M todo Directo,5570684,1046678,4524006,0,278592,277896,0,277896,3D01ST,3D0206,True,PRELIMINAR
B80077,20101045995,INVERSIONES CENTENARIO S.A.A.,2021,EMPRESAS EMISORAS,DIVERSOS,,Anual Individual,Anual,Soles,M todo Directo,2902415,765307,2137108,315911,78764,233409,-605,232804,3D01ST,3D0206,False,PRELIMINAR
L01796,20604017263,INVERSIONES CORPORATIVAS A1 S.A. - INVERCORP A1 S.A.,2021,EMPRESAS EMISORAS,DIVERSOS,,Anual Individual,Anual,Soles,M todo Directo,99661,28055,71606,1955,560,270,0,270,3D01ST,3D0206,False,PRELIMINAR
J40846,20544705688,INVERSIONES EDUCA S.A.,2021,EMPRESAS EMISORAS,DIVERSOS,,Anual Individual,Anual,Soles,M todo Indirecto,604087,262824,341263,32367,-13251,-21910,-1068,-22978,3D01ST,3D0206,False,PRELIMINAR
B60004,20104347691,INVERSIONES EN TURISMO S.A. INVERTUR,2021,EMPRESAS EMISORAS,DIVERSOS,,Anual Individual,Anual,Soles,M todo Directo,48738,17816,30922,19524,1195,4395,-392,4003,3D01ST,3D0206,False,PRELIMINAR
J40886,20601249678,J.P. MORGAN BANCO DE INVERSION,2021,EMPRESAS EMISORAS,BANCOS,,Anual Individual,Anual,Soles,M todo Directo,352651,188602,164049,2152,28346,3604,-199,3405,3F0501,3F0625,False,PRELIMINAR
A80069,20100210909,LA POSITIVA SEGUROS Y REASEGUROS S.A.,2021,EMPRESAS EMISORAS,SEGUROS,,Anual Individual,Anual,Soles,M todo Indirecto,2247929,1688969,558960,1213300,73249,87875,-2992,84883,3E0301,3E0405,False,PRELIMINAR
OE2069,20454073143,LA POSITIVA VIDA SEGUROS Y REASEGUROS S.A.,2021,EMPRESAS EMISORAS,SEGUROS,,Anual Individual,Anual,Soles,M todo Indirecto,5433394,4834888,598506,713649,78827,128717,-2540,126177,3E0301,3E0405,False,PRELIMINAR
CI0011,20100095450,LAIVE S.A.,2021,EMPRESAS EMISORAS,INDUSTRIALES,,Anual Individual,Anual,Soles,M todo Directo,491876,270860,221016,646137,12067,68023,-13647,54376,3D01ST,3D0206,False,PRELIMINAR
006166,20100190797,LECHE GLORIA S.A.,2021,EMPRESAS EMISORAS,INDUSTRIALES,,Anual Individual,Anual,Soles,M todo Directo,3563625,2299423,1264202,3771447,226298,158143,-35119,123024,3D01ST,3D0206,True,PRELIMINAR
J40884,20601127602,LIBERTY SEGUROS S.A.,2021,EMPRESAS EMISORAS,SEGUROS,,Anual Individual,Anual,Soles,M todo Indirecto,99445,79863,19582,31325,2609,15461,-5,15456,3E0301,3E0405,False,PRELIMINAR
B30099,20100182778,LIMA CAUCHO S.A. EN LIQUIDACION,2021,EMPRESAS EMISORAS,INDUSTRIALES,,Anual Individual,Anual,Soles,M todo Directo,115154,89466,25688,8269,-25602,-1246,-61,-1307,3D01ST,3D0206,False,PRELIMINAR
B70032,20301837896,LOS PORTALES S.A.,2021,EMPRESAS EMISORAS,DIVERSOS,,Anual Individual,Anual,Soles,M todo Indirecto,1832692,1173711,658981,738019,94716,372560,-3338,369222,3D01ST,3D0206,False,PRELIMINAR
B40008,20331898008,LUZ DEL SUR S.A.A.,2021,EMPRESAS EMISORAS,SERVICIOS PUBLICOS,,Anual Individual,Anual,Soles,M todo Directo,8063269,3724352,4338917,3361903,557946,686881,-465942,220939,3D01ST,3D0206,False,PRELIMINAR
B30134,20100074371,MANUFACTURA DE METALES Y ALUMINIO RECORD S.A. EN LIQUIDACION,2021,EMPRESAS EMISORAS,INDUSTRIALES,,Anual Individual,Anual,Soles,M todo Directo,205886,65047,140839,67128,3887,6810,-487,6323,3D01ST,3D0206,False,PRELIMINAR
CS0004,20418896915,MAPFRE PERU COMPAÑIA DE SEGUROS Y REASEGUROS,2021,EMPRESAS EMISORAS,SEGUROS,,Anual Individual,Anual,Soles,M todo Indirecto,2233742,1913830,319912,748343,48665,301311,-13051,288260,3E0301,3E0405,True,PRELIMINAR
B80122,20202380621,MAPFRE PERU COMPAÑIA DE SEGUROS Y REASEGUROS (SOCIEDAD ABSORBIDA),2021,EMPRESAS EMISORAS,SEGUROS,,Anual Individual,Anual,Soles,M todo Indirecto,2295712,1822425,473287,1308558,62451,72251,-6986,65265,3E0301,3E0405,False,PRELIMINAR
CB0001,20382036655,MIBANCO BANCO DE LA MICROEMPRESA S.A.,2021,EMPRESAS EMISORAS,BANCOS,,Anual Individual,Anual,Soles,M todo Indirecto,15806707,13594412,2212295,2017734,179148,-744401,-47195,-791596,3F0501,3F0625,False,PRELIMINAR
TI0003,20100192650,MICHELL Y CIA. S.A.,2021,EMPRESAS EMISORAS,INDUSTRIALES,,Anual Individual,Anual,Soles,M todo Directo,487566,183296,304270,458623,46668,49273,-9138,40135,3D01ST,3D0206,True,PRELIMINAR
CM0002,20338426781,MINERA ANDINA DE EXPLORACIONES S.A.A.,2021,EMPRESAS EMISORAS,MINERAS,,Anual Individual,Anual,Soles,M todo Directo,5270,4747,523,7236,-847,108,-3,105,3D01ST,3D0206,False,PRELIMINAR
OE3161,0,MINERA IRL LIMITED,2021,EMPRESAS EMISORAS,MINERAS,,Anual Individual,Anual,D lares,M todo Indirecto,83136,3867,79269,0,-1756,-1659,0,-1659,3D01ST,3D0206,False,PRELIMINAR
A20032,20100136741,MINSUR S.A.,2021,EMPRESAS EMISORAS,MINERAS,,Anual Individual,Anual,D lares,M todo Directo,2183869,956450,1227419,1013340,551246,468801,-132863,335938,3D01ST,3D0206,False,PRELIMINAR
BF0001,20375361991,MITSUI AUTO FINANCE PERU S.A.,2021,EMPRESAS EMISORAS,FINANCIERAS,,Anual Individual,Anual,Soles,M todo Directo,1076546,811822,264724,154777,53126,-49618,-2957,-52575,3F0501,3F0625,False,PRELIMINAR
J40451,20505670443,NESSUS HOTELES PERU S.A.,2021,EMPRESAS EMISORAS,DIVERSOS,,Anual Individual,Anual,Soles,M todo Directo,443428,407585,35843,88347,-35572,12265,-4375,7890,3D01ST,3D0206,True,PRELIMINAR
CM0007,20100123500,NEXA RESOURCES ATACOCHA S.A.A.,2021,EMPRESAS EMISORAS,MINERAS,,Anual Individual,Anual,D lares,M todo Indirecto,79214,108716,-29502,66933,-1034,2919,-11344,-8425,3D01ST,3D0206,False,PRELIMINAR
B20010,20100110513,NEXA RESOURCES PERU S.A.A.,2021,EMPRESAS EMISORAS,MINERAS,,Anual Individual,Anual,D lares,M todo Indirecto,1067090,416556,650534,567195,127981,171078,-46090,124988,3D01ST,3D0206,False,PRELIMINAR
B40009,20330791412,ORYGEN PERU S.A.A.,2021,EMPRESAS EMISORAS,SERVICIOS PUBLICOS,,Anual Individual,Anual,Soles,M todo Directo,3913638,1456271,2457367,1612132,573710,448087,-179716,268371,3D01ST,3D0206,True,PRELIMINAR
B60055,20332970411,PACIFICO COMPAÑIA DE SEGUROS Y REASEGUROS,2021,EMPRESAS EMISORAS,SEGUROS,,Anual Individual,Anual,Soles,M todo Indirecto,16058599,14143366,1915233,3562152,-130355,773641,-15081,758560,3E0301,3E0405,True,PRELIMINAR
B50003,20118206208,PERU HOLDING DE TURISMO S.A.A.,2021,EMPRESAS EMISORAS,DIVERSOS,,Anual Individual,Anual,Soles,M todo Indirecto,108534,6208,102326,0,-28297,-2,0,-2,3D01ST,3D0206,False,PRELIMINAR
002927,20338352728,PERUANA DE ENERGIA S.A.A.,2021,EMPRESAS EMISORAS,SERVICIOS PUBLICOS,,Anual Individual,Anual,Soles,M todo Directo,112985,28418,84567,15211,4462,4773,-19,4754,3D01ST,3D0206,False,PRELIMINAR
B20023,20100136237,PERUBAR S.A.,2021,EMPRESAS EMISORAS,MINERAS,,Anual Individual,Anual,D lares,M todo Directo,108104,37037,71067,22443,-10023,13887,-3671,10216,3D01ST,3D0206,False,PRELIMINAR
CI0012,20380336384,PESQUERA EXALMAR S.A.A.,2021,EMPRESAS EMISORAS,INDUSTRIALES,,Anual Individual,Anual,D lares,M todo Directo,670617,401393,269224,397042,43136,76489,-14198,62291,3D01ST,3D0206,False,PRELIMINAR
J00171,20100128218,PETROLEOS DEL PERU - PETROPERU S.A.,2021,EMPRESAS EMISORAS,INDUSTRIALES,,Anual Individual,Anual,D lares,M todo Directo,8685536,6776617,1908919,4218444,67937,362942,-586077,-223135,3D01ST,3D0206,True,PRELIMINAR
B40010,20269985900,PLUZ ENERGIA PERU S.A.A.,2021,EMPRESAS EMISORAS,SERVICIOS PUBLICOS,,Anual Individual,Anual,Soles,M todo Indirecto,5776411,3000502,2775909,3439173,330542,830670,-483369,347301,3D01ST,3D0206,False,PRELIMINAR
OE1928,20510398158,PRIMA AFP S.A.,2021,EMPRESAS EMISORAS,A.F.P.,,Anual Individual,Anual,Soles,M todo Directo,761266,232281,528985,378722,187753,172698,-11919,160779,3A01ST,3A0206,False,PRELIMINAR
AFP004,20142829551,PROFUTURO AFP,2021,EMPRESAS EMISORAS,A.F.P.,,Anual Individual,Anual,Soles,M todo Directo,1187495,179627,1007868,305556,165929,129504,-3455,126049,3A01ST,3A0206,False,PRELIMINAR
OE3191,20517207331,PROTECTA S.A. COMPAÑIA DE SEGUROS Y REASEGUROS,2021,EMPRESAS EMISORAS,SEGUROS,,Anual Individual,Anual,Soles,M todo Indirecto,2770852,2531070,239782,34605,37611,575231,-1459,573772,3E0301,3E0405,False,PRELIMINAR
J40371,20553157014,QUALITAS COMPAÑIA DE SEGUROS S.A.,2021,EMPRESAS EMISORAS,SEGUROS,,Anual Individual,Anual,Soles,M todo Directo,102692,68259,34433,59446,3123,8376,0,8376,3E0301,3E0405,False,PRELIMINAR
B20042,20330791501,QUIMPAC S.A.,2021,EMPRESAS EMISORAS,INDUSTRIALES,,Anual Individual,Anual,D lares,M todo Indirecto,701027,321222,379805,205199,20433,57881,-15010,42871,3D01ST,3D0206,False,PRELIMINAR
SP0008,20504645046,RED DE ENERGIA DEL PERU S.A.,2021,EMPRESAS EMISORAS,SERVICIOS PUBLICOS,,Anual Individual,Anual,D lares,M todo Directo,489617,361439,128178,171902,54165,78290,-556,77734,3D01ST,3D0206,False,PRELIMINAR
OE3927,20505377142,RED VIAL 5 S.A.,2021,EMPRESAS EMISORAS,DIVERSOS,,Anual Individual,Anual,Soles,M todo Indirecto,472550,304189,168361,197137,33783,93526,0,93526,3D01ST,3D0206,False,PRELIMINAR
002766,20259829594,REFINERIA LA PAMPILLA S.A.A.,2021,EMPRESAS EMISORAS,INDUSTRIALES,,Anual Individual,Anual,D lares,M todo Directo,1960087,1336162,623925,3064278,103978,174553,-26855,147698,3D01ST,3D0206,True,PRELIMINAR
B80037,20100041953,RIMAC SEGUROS Y REASEGUROS,2021,EMPRESAS EMISORAS,SEGUROS,,Anual Individual,Anual,Soles,M todo Indirecto,18276658,16157099,2119559,4685105,91110,539792,-424970,114822,3E0301,3E0405,False,PRELIMINAR
014313,20100128056,SAGA FALABELLA S.A.,2021,EMPRESAS EMISORAS,DIVERSOS,,Anual Individual,Anual,Soles,M todo Directo,2356115,1749278,606837,3569592,125613,-26382,-120799,-147181,3D01ST,3D0206,True,PRELIMINAR
B80134,20255993225,SANTANDER CONSUMER BANK S.A.,2021,EMPRESAS EMISORAS,BANCOS,,Anual Individual,Anual,Soles,M todo Directo,2720594,2090867,629727,523974,36988,-115235,-1922,-117157,3F0501,3F0625,False,PRELIMINAR
B80012,20100043140,SCOTIABANK PERU S.A.A.,2021,EMPRESAS EMISORAS,BANCOS,,Anual Individual,Anual,Soles,M todo Indirecto,77023841,66230977,10792864,3071881,1041796,-2665332,-65406,-2730738,3F0501,3F0625,True,PRELIMINAR
SP0012,20100152356,SERVICIO DE AGUA POTABLE Y ALCANTARILLADO - SEDAPAL,2021,EMPRESAS EMISORAS,SERVICIOS PUBLICOS,,Anual Individual,Anual,Soles,M todo Directo,12683271,8199418,4483853,2168202,356888,352361,-396811,-44450,3D01ST,3D0206,True,PRELIMINAR
SP0002,20325493811,SHOUGANG GENERACION ELECTRICA S.A.A.,2021,EMPRESAS EMISORAS,SERVICIOS PUBLICOS,,Anual Individual,Anual,Soles,M todo Directo,150821,42567,108254,108749,-494,4853,-2267,2586,3D01ST,3D0206,False,PRELIMINAR
CM0004,20100142989,SHOUGANG HIERRO PERU S.A.A.,2021,EMPRESAS EMISORAS,MINERAS,,Anual Individual,Anual,Soles,M todo Indirecto,11488538,7149386,4339152,8351518,3803892,5692110,-144806,5547304,3D01ST,3D0206,True,PRELIMINAR
SP0010,20100188628,SOCIEDAD ELECTRICA DEL SUR OESTE S.A. - SEAL,2021,EMPRESAS EMISORAS,SERVICIOS PUBLICOS,,Anual Individual,Anual,Soles,M todo Directo,760535,332333,428202,634933,73805,170603,-45282,125321,3D01ST,3D0206,False,PRELIMINAR
CM0006,20170072465,SOCIEDAD MINERA CERRO VERDE S.A.A.,2021,EMPRESAS EMISORAS,MINERAS,,Anual Individual,Anual,D lares,M todo Indirecto,8124564,1997558,6127006,4199448,1191474,1693328,-155912,1537416,3D01ST,3D0206,False,PRELIMINAR
002597,20217427593,SOCIEDAD MINERA CORONA S.A.,2021,EMPRESAS EMISORAS,MINERAS,,Anual Individual,Anual,D lares,M todo Indirecto,232868,66111,166757,180598,34967,60732,-21803,38929,3D01ST,3D0206,False,PRELIMINAR
B20026,20100017572,SOCIEDAD MINERA EL BROCAL S.A.A.,2021,EMPRESAS EMISORAS,MINERAS,,Anual Individual,Anual,D lares,M todo Directo,694831,327519,367312,410390,5787,104858,-37645,67213,3D01ST,3D0206,False,PRELIMINAR
B80013,20100161771,SOLUCION EMPRESA ADMINISTRADORA HIPOTECARIA S.A.,2021,EMPRESAS EMISORAS,DIVERSOS,,Anual Individual,Anual,Soles,M todo Directo,109244,75948,33296,9294,3180,19131,0,19131,3F0501,3F0625,False,PRELIMINAR
B20027,20100147514,"SOUTHERN PERU COPPER CORPORATION, SUCURSAL DEL PERU",2021,EMPRESAS EMISORAS,MINERAS,,Anual Individual,Anual,D lares,M todo Directo,7108731,1633227,5475504,4370788,1612730,2222312,-312546,1909766,3D01ST,3D0206,False,PRELIMINAR
CF0001,20377892918,TOTAL SERVICIOS FINANCIEROS EMPRESA DE CREDITOS,2021,EMPRESAS EMISORAS,FINANCIERAS,,Anual Individual,Anual,Soles,M todo Directo,440347,359649,80698,37808,8981,25449,-1359,24090,3F0501,3F0625,True,PRELIMINAR
OE2487,20100087198,TRADI S.A.,2021,EMPRESAS EMISORAS,DIVERSOS,,Anual Individual,Anual,Soles,M todo Directo,631493,325148,306345,589113,73184,69021,-373,68648,3D01ST,3D0206,True,PRELIMINAR
B30121,20100137390,UNACEM CORP SOCIEDAD ANONIMA ABIERTA - UNACEM CORP S.A.A.,2021,EMPRESAS EMISORAS,DIVERSOS,,Anual Individual,Anual,Soles,M todo Directo,8596082,3585074,5011008,2429187,395531,860719,-137625,723094,3D01ST,3D0206,False,PRELIMINAR
B30021,20100113610,UNION DE CERVECERIAS PERUANAS BACKUS Y JOHNSTON S.A.A.,2021,EMPRESAS EMISORAS,INDUSTRIALES,,Anual Individual,Anual,Soles,M todo Indirecto,9396673,6019368,3377305,5024292,1728018,3106915,-468032,2638883,3D01ST,3D0206,False,PRELIMINAR
OE5376,20554477721,VIVIR SEGUROS COMPAÑIA DE SEGUROS DE VIDA S.A.,2021,EMPRESAS EMISORAS,SEGUROS,,Anual Individual,Anual,Soles,M todo Indirecto,478156,449726,28430,-3537,-19457,95181,-85,95096,3E0301,3E0405,False,PRELIMINAR
CM0001,20383045267,VOLCAN COMPAÑIA MINERA S.A.A.,2021,EMPRESAS EMISORAS,MINERAS,,Anual Individual,Anual,D lares,M todo Directo,2327083,1293387,1033696,522837,38317,272769,-60438,212331,3D01ST,3D0206,True,PRELIMINAR
J41064,20603823223,VOLVO FINANCIAL SERVICES EMPRESA DE CREDITOS S.A.,2021,EMPRESAS EMISORAS,FINANCIERAS,,Anual Individual,Anual,Soles,M todo Directo,198663,164122,34541,7382,-2213,-130268,0,-130268,3F0501,3F0625,True,PRELIMINAR
023490,20312372895,YURA S.A.,2021,EMPRESAS EMISORAS,INDUSTRIALES,,Anual Individual,Anual,Soles,M todo Directo,3827801,1753857,2073944,1165101,266836,380147,-22620,357527,3D01ST,3D0206,True,PRELIMINAR
020045,20260172035,ACTIVO INMOBILIARIO PERUANO S.A.A. (ANTES FALABELLA PERU S.A.A.),2022,EMPRESAS EMISORAS,DIVERSOS,,Anual Individual,Anual,Soles,M todo Directo,2399035,335382,2063653,0,94917,91561,0,91561,3D01ST,3D0206,False,PRELIMINAR
B80018,20100047307,ADMINISTRADORA DEL COMERCIO S.A. EN LIQUIDACION,2022,EMPRESAS EMISORAS,DIVERSOS,,Anual Individual,Anual,Soles,M todo Directo,42001,31268,10733,2632,-12600,-3872,-20,-3892,3D01ST,3D0206,True,PRELIMINAR
003277,20306841506,ADMINISTRADORA JOCKEY PLAZA SHOPPING CENTER S.A.,2022,EMPRESAS EMISORAS,DIVERSOS,,Anual Individual,Anual,Soles,M todo Directo,1931977,1327272,604705,328561,10464,131782,-422,131360,3D01ST,3D0206,True,PRELIMINAR
023106,20332600592,AENZA S.A.A.,2022,EMPRESAS EMISORAS,DIVERSOS,,Anual Individual,Anual,Soles,M todo Indirecto,2326784,1264202,1062582,45149,-450037,-34171,-12,-34183,3D01ST,3D0206,False,PRELIMINAR
OE4132,20551464971,AFP HABITAT S.A.,2022,EMPRESAS EMISORAS,A.F.P.,,Anual Individual,Anual,Soles,M todo Directo,162900,35559,127341,143872,51218,43408,-2369,41039,3A01ST,3A0206,False,PRELIMINAR
AFP002,20157036794,AFP INTEGRA,2022,EMPRESAS EMISORAS,A.F.P.,,Anual Individual,Anual,Soles,M todo Directo,1069629,226475,843154,359360,149351,120001,-4369,115632,3A01ST,3A0206,False,PRELIMINAR
B11073,20164042686,AGRICOLA CAYALTI SOCIEDAD ANONIMA ABIERTA,2022,EMPRESAS EMISORAS,AGRICOLAS,,Anual Individual,Anual,Soles,M todo Directo,525816,234519,291297,27688,2394,-19238,-14847,-34085,3D01ST,3D0206,False,PRELIMINAR
B11067,20135948641,AGRO INDUSTRIAL PARAMONGA S.A.,2022,EMPRESAS EMISORAS,AGRICOLAS,,Anual Individual,Anual,Soles,M todo Directo,1735469,766512,968957,373269,55577,140681,-38904,101777,3D01ST,3D0206,False,PRELIMINAR
B08363,20132377783,AGROINDUSTRIAL LAREDO S.A.A.,2022,EMPRESAS EMISORAS,AGRICOLAS,,Anual Individual,Anual,Soles,M todo Directo,878607,309863,568744,433553,46662,54745,-34976,19769,3D01ST,3D0206,False,PRELIMINAR
OE4115,20104420282,AGROINDUSTRIAS AIB S.A.,2022,EMPRESAS EMISORAS,INDUSTRIALES,,Anual Individual,Anual,Soles,M todo Directo,412828,190112,222716,223774,-3578,-4105,-5701,-9806,3D01ST,3D0206,False,PRELIMINAR
B11068,20116225779,AGROINDUSTRIAS SAN JACINTO S.A.A.,2022,EMPRESAS EMISORAS,AGRICOLAS,,Anual Individual,Anual,Soles,M todo Directo,592511,244897,347614,265335,33237,50591,-25996,24595,3D01ST,3D0206,False,PRELIMINAR
OE4977,20546844791,AGROKASA HOLDINGS S.A.,2022,EMPRESAS EMISORAS,DIVERSOS,,Anual Individual,Anual,D lares,M todo Directo,137400,37,137363,0,-22,17474,0,17474,3D01ST,3D0206,False,PRELIMINAR
OE7816,20602150837,AI INVERSIONES PALO ALTO S.A.,2022,EMPRESAS EMISORAS,DIVERSOS,,Anual Individual,Anual,Soles,M todo Directo,262821,12546,250275,0,-15738,-528,0,-528,3D01ST,3D0206,False,PRELIMINAR
OE3203,20517476405,ALFIN BANCO S.A.,2022,EMPRESAS EMISORAS,BANCOS,,Anual Individual,Anual,Soles,M todo Indirecto,1033490,928793,104697,204130,-1538,344042,34928,,3F0501,3F0625,True,REVISAR_CAPEX_POSITIVO
B30006,20100055237,ALICORP S.A.A.,2022,EMPRESAS EMISORAS,INDUSTRIALES,,Anual Individual,Anual,Soles,M todo Directo,9754172,6881693,2872479,7333173,524143,1103482,-86790,1016692,3D01ST,3D0206,False,PRELIMINAR
J40120,20511230188,ANDINO INVESTMENT HOLDING S.A.A.,2022,EMPRESAS EMISORAS,DIVERSOS,,Anual Individual,Anual,Soles,M todo Indirecto,387788,43300,344488,1431,-4735,-3963,-35,-3998,3D01ST,3D0206,False,PRELIMINAR
J40450,20554816526,AUGUSTAR SEGUROS Y REASEGUROS S.A. (ANTES OHIO NATIONAL SEGUROS DE VIDA Y REASEGUROS S.A.),2022,EMPRESAS EMISORAS,SEGUROS,,Anual Individual,Anual,Soles,M todo Indirecto,533716,472557,61159,325784,-5432,-81224,-284,-81508,3E0301,3E0405,False,PRELIMINAR
CI0006,20338054115,AUSTRAL GROUP S.A.A.,2022,EMPRESAS EMISORAS,INDUSTRIALES,,Anual Individual,Anual,Soles,M todo Directo,1087574,481894,605680,991762,125615,226964,-103077,123887,3D01ST,3D0206,False,PRELIMINAR
J40809,20600825187,AVLA PERU COMPAÑIA DE SEGUROS S.A.,2022,EMPRESAS EMISORAS,SEGUROS,,Anual Individual,Anual,Soles,M todo Indirecto,263303,167985,95318,119272,26818,6144,-266,5878,3E0301,3E0405,False,PRELIMINAR
J40847,20562964682,AZZARO TRADING S.A.,2022,EMPRESAS EMISORAS,DIVERSOS,,Anual Individual,Anual,Soles,M todo Indirecto,65618,25704,39914,5445,-7657,-2359,0,-2359,3D01ST,3D0206,False,PRELIMINAR
B80004,20100130204,BANCO BBVA PERU,2022,EMPRESAS EMISORAS,BANCOS,,Anual Individual,Anual,Soles,M todo Indirecto,98156265,86899076,11257189,5716675,1912567,2186196,-323593,1862603,3F0501,3F0625,False,PRELIMINAR
OE8912,20608551701,BANCO BCI PERU S.A. - BANCO BCI,2022,EMPRESAS EMISORAS,BANCOS,,Anual Individual,Anual,Soles,M todo Indirecto,551585,345579,206006,13141,-20922,12298,-17104,-4806,3F0501,3F0625,True,PRELIMINAR
CF0004,20509507199,BANCO DE COMERCIO,2022,EMPRESAS EMISORAS,BANCOS,,Anual Individual,Anual,Soles,M todo Directo,2340909,1943551,397358,233359,19121,-14381,-10608,-24989,3F0501,3F0625,False,PRELIMINAR
B80005,20100047218,BANCO DE CREDITO DEL PERU,2022,EMPRESAS EMISORAS,BANCOS,,Anual Individual,Anual,Soles,M todo Indirecto,178287530,156286661,22000869,10355228,4484017,-1091450,-569193,-1660643,3F0501,3F0625,False,PRELIMINAR
J00122,20100030595,BANCO DE LA NACION,2022,EMPRESAS EMISORAS,BANCOS,,Anual Individual,Anual,Soles,M todo Indirecto,46593792,44560866,2032926,2163048,886585,-2092745,-132615,-2225360,3F0501,3F0625,False,PRELIMINAR
OE2254,20441805960,BANCO EFECTIVA S.A. (ANTES FINANCIERA EFECTIVA S.A.),2022,EMPRESAS EMISORAS,BANCOS,,Anual Individual,Anual,Soles,M todo Directo,1361614,1014405,347209,431821,78574,-108211,-7962,-116173,3F0501,3F0625,False,PRELIMINAR
B80144,20330401991,BANCO FALABELLA PERU S.A.,2022,EMPRESAS EMISORAS,BANCOS,,Anual Individual,Anual,Soles,M todo Indirecto,5500478,4549950,950528,1018551,17012,-12494,-17304,-29798,3F0501,3F0625,False,PRELIMINAR
OE2271,20513074370,BANCO GNB PERU S.A.,2022,EMPRESAS EMISORAS,BANCOS,,Anual Individual,Anual,Soles,M todo Directo,5465006,4704211,760795,364299,33517,-449889,-1205,-451094,3F0501,3F0625,False,PRELIMINAR
B80123,20101036813,BANCO INTERAMERICANO DE FINANZAS,2022,EMPRESAS EMISORAS,BANCOS,,Anual Individual,Anual,Soles,M todo Indirecto,19246070,17652285,1593785,1066887,179373,255690,-40039,215651,3F0501,3F0625,False,PRELIMINAR
B80020,20100053455,BANCO INTERNACIONAL DEL PERU S.A.A. - INTERBANK,2022,EMPRESAS EMISORAS,BANCOS,,Anual Individual,Anual,Soles,M todo Indirecto,66445692,59365852,7079840,4670324,1171698,-226961,-258724,-485685,3F0501,3F0625,False,PRELIMINAR
B80009,20100105862,BANCO PICHINCHA,2022,EMPRESAS EMISORAS,BANCOS,,Anual Individual,Anual,Soles,M todo Directo,11200400,10257318,943082,1026652,5059,-831621,400,,3F0501,3F0625,True,REVISAR_CAPEX_POSITIVO
B80141,20259702411,BANCO RIPLEY PERU S.A.,2022,EMPRESAS EMISORAS,BANCOS,,Anual Individual,Anual,Soles,M todo Indirecto,2566824,2156773,410051,442271,-18198,-47826,-18412,-66238,3F0501,3F0625,False,PRELIMINAR
OE3056,20516711559,BANCO SANTANDER PERU S.A.,2022,EMPRESAS EMISORAS,BANCOS,,Anual Individual,Anual,Soles,M todo Indirecto,8554551,7427389,1127162,472011,167285,-414414,-14977,-429391,3F0501,3F0625,False,PRELIMINAR
L01775,20604306150,BANK OF CHINA (PERU) S.A.,2022,EMPRESAS EMISORAS,BANCOS,,Anual Individual,Anual,Soles,M todo Directo,595366,357230,238136,19877,2479,-54384,-1108,-55492,3F0501,3F0625,True,PRELIMINAR
B30079,20100096341,BAYER S.A.,2022,EMPRESAS EMISORAS,DIVERSOS,,Anual Individual,Anual,Soles,M todo Directo,282860,128492,154368,376216,26580,-36131,-2134,-38265,3D01ST,3D0206,False,PRELIMINAR
OE4837,20513328819,BNP PARIBAS CARDIF S.A. COMPAÑIA DE SEGUROS Y REASEGUROS,2022,EMPRESAS EMISORAS,SEGUROS,,Anual Individual,Anual,Soles,M todo Directo,722340,466065,256275,537398,18708,100161,-422,99739,3E0301,3E0405,False,PRELIMINAR
L01785,20393341786,BOSQUES AMAZONICOS S.A.,2022,EMPRESAS EMISORAS,DIVERSOS,,Anual Individual,Anual,D lares,M todo Directo,102755,53427,49328,35101,7258,14582,-733,13849,3D01ST,3D0206,True,PRELIMINAR
L00192,20114839176,CAJA MUNICIPAL DE AHORRO Y CREDITO CUSCO S.A. - CMAC CUSCO S.A.,2022,EMPRESAS EMISORAS,FINANCIERAS,,Anual Individual,Anual,Soles,M todo Directo,5757737,5133011,624726,708092,51397,-47408,-23782,-71190,3F0501,3F0625,False,PRELIMINAR
J00124,20100209641,CAJA MUNICIPAL DE AHORRO Y CREDITO DE AREQUIPA S.A.,2022,EMPRESAS EMISORAS,FINANCIERAS,,Anual Individual,Anual,Soles,M todo Indirecto,8937080,7977162,959918,1314454,100825,-724003,-76513,-800516,3F0501,3F0625,False,PRELIMINAR
J40137,20130200789,CAJA MUNICIPAL DE AHORRO Y CREDITO DE HUANCAYO S.A.,2022,EMPRESAS EMISORAS,FINANCIERAS,,Anual Individual,Anual,Soles,M todo Indirecto,8119465,7324184,795281,1165706,85166,67879,-39249,28630,3F0501,3F0625,False,PRELIMINAR
J40630,20322445564,CAJA RURAL DE AHORRO Y CREDITO LOS ANDES S.A.,2022,EMPRESAS EMISORAS,FINANCIERAS,,Anual Individual,Anual,Soles,M todo Indirecto,584213,508132,76081,133772,2514,-80400,-665,-81065,3F0501,3F0625,False,PRELIMINAR
B11082,20131867744,CARTAVIO SOCIEDAD ANONIMA ABIERTA,2022,EMPRESAS EMISORAS,AGRICOLAS,,Anual Individual,Anual,Soles,M todo Directo,859782,468582,391200,470287,131716,139574,-26074,113500,3D01ST,3D0206,True,PRELIMINAR
B08361,20131823020,CASA GRANDE SOCIEDAD ANONIMA ABIERTA,2022,EMPRESAS EMISORAS,AGRICOLAS,,Anual Individual,Anual,Soles,M todo Directo,1878661,796714,1081947,681514,132563,137568,-52607,84961,3D01ST,3D0206,False,PRELIMINAR
CD0005,20419387658,CEMENTOS PACASMAYO S.A.A.,2022,EMPRESAS EMISORAS,INDUSTRIALES,,Anual Individual,Anual,Soles,M todo Indirecto,3264639,2069504,1195135,1365057,176828,45690,-148498,-102808,3D01ST,3D0206,False,PRELIMINAR
OE6901,20600058119,CENTENARIO DESARROLLO URBANO S.A.C.,2022,EMPRESAS EMISORAS,DIVERSOS,,Anual Individual,Anual,Soles,M todo Directo,1520493,569563,950930,323514,-10025,-171180,-606,-171786,3D01ST,3D0206,True,PRELIMINAR
019094,20129854953,CENTRAL AZUCARERA CHUCARAPI-PAMPA BLANCA S.A.,2022,EMPRESAS EMISORAS,AGRICOLAS,,Anual Individual,Anual,Soles,M todo Directo,157119,70651,86468,11819,-2927,-2123,-112,-2235,3D01ST,3D0206,False,PRELIMINAR
B30023,20128915711,CERVECERIA SAN JUAN S.A.,2022,EMPRESAS EMISORAS,INDUSTRIALES,,Anual Individual,Anual,Soles,M todo Indirecto,1689257,1193199,496058,1092695,379133,505742,-16012,489730,3D01ST,3D0206,False,PRELIMINAR
CS0007,20109068498,CESCE PERU S.A. COMPAÑIA DE SEGUROS,2022,EMPRESAS EMISORAS,SEGUROS,,Anual Individual,Anual,Soles,M todo Directo,195803,126859,68944,132326,29486,3744,-184,3560,3E0301,3E0405,True,PRELIMINAR
CS0003,20390625007,CHUBB PERU S.A. COMPAÑIA DE SEGUROS Y REASEGUROS,2022,EMPRESAS EMISORAS,SEGUROS,,Anual Individual,Anual,Soles,M todo Directo,617044,496400,120644,329167,27343,74158,-831,73327,3E0301,3E0405,False,PRELIMINAR
CB0002,20100116635,CITIBANK DEL PERU S.A.,2022,EMPRESAS EMISORAS,BANCOS,,Anual Individual,Anual,Soles,M todo Indirecto,7190513,6252944,937569,280290,252113,-235713,-16003,-251716,3F0501,3F0625,False,PRELIMINAR
OE5506,20510713363,COLEGIOS PERUANOS S.A.,2022,EMPRESAS EMISORAS,DIVERSOS,,Anual Individual,Anual,Soles,M todo Directo,1194498,1029873,164625,309061,-23649,36481,-34890,1591,3D01ST,3D0206,True,PRELIMINAR
B20003,20100079501,COMPAÑIA DE MINAS BUENAVENTURA S.A.A.,2022,EMPRESAS EMISORAS,MINERAS,,Anual Individual,Anual,D lares,M todo Directo,3848898,840048,3008850,345911,602550,302747,-75552,227195,3D01ST,3D0206,True,PRELIMINAR
B20041,20137025354,COMPAÑIA MINERA PODEROSA S.A.A.,2022,EMPRESAS EMISORAS,MINERAS,,Anual Individual,Anual,Soles,M todo Indirecto,2100877,505895,1594982,2090683,407345,675556,-175789,499767,3D01ST,3D0206,False,PRELIMINAR
B20013,20100177421,COMPAÑIA MINERA SAN IGNACIO DE MOROCOCHA S.A.A.,2022,EMPRESAS EMISORAS,MINERAS,,Anual Individual,Anual,Soles,M todo Indirecto,554060,360102,193958,357820,32472,131253,-63186,68067,3D01ST,3D0206,False,PRELIMINAR
B20016,20100120314,COMPAÑIA MINERA SANTA LUISA S.A.,2022,EMPRESAS EMISORAS,MINERAS,,Anual Individual,Anual,Soles,M todo Directo,380792,143361,237431,316825,35068,71298,-13843,57455,3D01ST,3D0206,False,PRELIMINAR
CI0005,20100562848,COMPAÑIA UNIVERSAL TEXTIL S.A. EN LIQUIDACION,2022,EMPRESAS EMISORAS,INDUSTRIALES,,Anual Individual,Anual,Soles,M todo Directo,145123,37637,107486,0,12585,-3063,-37,-3100,3D01ST,3D0206,False,PRELIMINAR
OE4501,20369155360,COMPARTAMOS BANCO S.A.,2022,EMPRESAS EMISORAS,BANCOS,,Anual Individual,Anual,Soles,M todo Indirecto,4246183,3505837,740346,1027795,109724,-6163,1110,,3F0501,3F0625,False,REVISAR_CAPEX_POSITIVO
OE3212,20509093521,CONCESIONARIA TRASVASE OLMOS S.A.,2022,EMPRESAS EMISORAS,DIVERSOS,,Anual Individual,Anual,D lares,M todo Indirecto,73110,50826,22284,19695,1261,25800,-44,25756,3D01ST,3D0206,True,PRELIMINAR
OE3557,20518410858,CONSORCIO CEMENTERO DEL SUR S.A.,2022,EMPRESAS EMISORAS,DIVERSOS,,Anual Individual,Anual,Soles,M todo Directo,981641,381930,599711,0,-1263,13791,0,13791,3D01ST,3D0206,False,PRELIMINAR
000683,20100195080,CONSORCIO INDUSTRIAL DE AREQUIPA SA,2022,EMPRESAS EMISORAS,INDUSTRIALES,,Anual Individual,Anual,Soles,M todo Directo,100350,27010,73340,77098,6218,1500,-804,696,3D01ST,3D0206,False,PRELIMINAR
CI0003,20370146994,CORPORACION ACEROS AREQUIPA S.A.,2022,EMPRESAS EMISORAS,INDUSTRIALES,,Anual Individual,Anual,Soles,M todo Directo,6366798,3692777,2674021,5211387,246416,197842,-351982,-154140,3D01ST,3D0206,False,PRELIMINAR
B30207,20100228352,CORPORACION CERVESUR S.A.A.,2022,EMPRESAS EMISORAS,DIVERSOS,,Anual Individual,Anual,Soles,M todo Directo,627730,38447,589283,32280,19572,-347,-22,-369,3D01ST,3D0206,True,PRELIMINAR
CF0002,20100116392,CORPORACION FINANCIERA DE DESARROLLO S.A. - COFIDE,2022,EMPRESAS EMISORAS,FINANCIERAS,,Anual Individual,Anual,Soles,M todo Indirecto,11849073,9732411,2116662,466139,33693,-797252,-2556,-799808,3F0501,3F0625,True,PRELIMINAR
000355,20100082391,COSAPI S.A.,2022,EMPRESAS EMISORAS,DIVERSOS,,Anual Individual,Anual,Soles,M todo Indirecto,1074946,732732,342214,1151937,64333,-82441,-2890,-85331,3D01ST,3D0206,False,PRELIMINAR
J40768,20600098633,CRECER SEGUROS S.A. COMPANIA DE SEGUROS,2022,EMPRESAS EMISORAS,SEGUROS,,Anual Individual,Anual,Soles,M todo Indirecto,287186,232976,54210,199368,9295,71897,-157,71740,3E0301,3E0405,True,PRELIMINAR
OE5132,20548185051,CREDICORP CAPITAL PERU S.A.A.,2022,EMPRESAS EMISORAS,DIVERSOS,,Anual Individual,Anual,Soles,M todo Directo,109800,10841,98959,0,5042,18561,0,18561,3D01ST,3D0206,True,PRELIMINAR
B60051,0,CREDICORP LTD.,2022,EMPRESAS EMISORAS,DIVERSOS,,Anual Individual,Anual,Soles,M todo Directo,35280134,2118708,33161426,8701,4859510,-78412,0,-78412,3F0501,3F0625,False,PRELIMINAR
B30060,20133530003,CREDITEX S.A.A.,2022,EMPRESAS EMISORAS,INDUSTRIALES,,Anual Individual,Anual,Soles,M todo Directo,587845,167658,420187,409818,43197,-2604,-3578,-6182,3D01ST,3D0206,False,PRELIMINAR
OE2258,20509845167,DIVISO GRUPO FINANCIERO S.A.,2022,EMPRESAS EMISORAS,DIVERSOS,,Anual Individual,Anual,Soles,M todo Indirecto,291716,110449,181267,42675,-12737,-15448,0,-15448,3D01ST,3D0206,False,PRELIMINAR
OE3808,20516534754,DUNAS ENERGIA S.A.A.,2022,EMPRESAS EMISORAS,DIVERSOS,,Anual Individual,Anual,Soles,M todo Indirecto,371113,142657,228456,73675,64683,69155,0,69155,3D01ST,3D0206,False,PRELIMINAR
B40013,20106156400,ELECTRO DUNAS S.A.A.,2022,EMPRESAS EMISORAS,SERVICIOS PUBLICOS,,Anual Individual,Anual,Soles,M todo Indirecto,813828,618423,195405,488583,53638,137081,-50329,86752,3D01ST,3D0206,False,PRELIMINAR
B40005,20116544289,ELECTRO SUR ESTE S.A.A.,2022,EMPRESAS EMISORAS,SERVICIOS PUBLICOS,,Anual Individual,Anual,Soles,M todo Directo,1148881,485337,663544,615001,101727,137448,-63846,73602,3D01ST,3D0206,True,PRELIMINAR
B11072,20131835621,EMPRESA AGRARIA CHIQUITOY S.A.,2022,EMPRESAS EMISORAS,AGRICOLAS,,Anual Individual,Anual,Soles,M todo Directo,177975,105594,72381,52622,22953,15783,-1273,14510,3D01ST,3D0206,False,PRELIMINAR
B11074,20103272964,EMPRESA AGRICOLA SAN JUAN S.A.,2022,EMPRESAS EMISORAS,AGRICOLAS,,Anual Individual,Anual,Soles,M todo Directo,178702,77566,101136,117334,31265,19880,-5855,14025,3D01ST,3D0206,True,PRELIMINAR
B08358,20133419749,EMPRESA AGRICOLA SINTUCO S.A.,2022,EMPRESAS EMISORAS,AGRICOLAS,,Anual Individual,Anual,Soles,M todo Directo,103550,17103,86447,25225,10954,1063,-290,773,3D01ST,3D0206,False,PRELIMINAR
B08360,20163898200,EMPRESA AGROINDUSTRIAL POMALCA S.A.A.,2022,EMPRESAS EMISORAS,AGRICOLAS,,Anual Individual,Anual,Soles,M todo Directo,1264150,622141,642009,211673,58567,27410,-21265,6145,3D01ST,3D0206,False,PRELIMINAR
017070,20141723601,EMPRESA AZUCARERA EL INGENIO S.A.,2022,EMPRESAS EMISORAS,AGRICOLAS,,Anual Individual,Anual,Soles,M todo Directo,75944,16526,59418,15952,5262,-1098,0,-1098,3D01ST,3D0206,False,PRELIMINAR
L00914,20550226589,EMPRESA DE CREDITOS SANTANDER CONSUMO PERU S.A.,2022,EMPRESAS EMISORAS,FINANCIERAS,,Anual Individual,Anual,Soles,M todo Indirecto,1315494,1165045,150449,174092,14248,-303803,-5043,-308846,3F0501,3F0625,False,PRELIMINAR
OE2027,20279889208,EMPRESA DE GENERACION ELECTRICA DEL SUR S.A.,2022,EMPRESAS EMISORAS,SERVICIOS PUBLICOS,,Anual Individual,Anual,Soles,M todo Directo,232141,86412,145729,63908,13560,25683,-1058,24625,3D01ST,3D0206,False,PRELIMINAR
SP0009,20262221335,EMPRESA DE GENERACION ELECTRICA SAN GABAN S.A.,2022,EMPRESAS EMISORAS,SERVICIOS PUBLICOS,,Anual Individual,Anual,Soles,M todo Directo,504865,89715,415150,122315,53681,70641,-1879,68762,3D01ST,3D0206,False,PRELIMINAR
B30241,20143229816,EMPRESA EDITORA EL COMERCIO S.A.,2022,EMPRESAS EMISORAS,INDUSTRIALES,,Anual Individual,Anual,Soles,M todo Directo,1251088,180446,1070642,245095,16546,20322,-1463,18859,3D01ST,3D0206,False,PRELIMINAR
CD0022,20100027705,EMPRESA ELECTRICIDAD DEL PERU - ELECTROPERU S.A.,2022,EMPRESAS EMISORAS,SERVICIOS PUBLICOS,,Anual Individual,Anual,Soles,M todo Directo,4037064,1223057,2814007,2516718,475304,385626,-44962,340664,3D01ST,3D0206,True,PRELIMINAR
B40006,20119205949,EMPRESA REGIONAL DE SERVICIO PUBLICO DE ELECTRICIDAD - ELECTROSUR S.A.,2022,EMPRESAS EMISORAS,SERVICIOS PUBLICOS,,Anual Individual,Anual,Soles,M todo Directo,355000,169549,185451,255960,20667,25148,-10831,14317,3D01ST,3D0206,False,PRELIMINAR
SP0006,20405479592,EMPRESA REGIONAL DE SERVICIO PUBLICO DE ELECTRICIDAD DE PUNO S.A.A. - ELECTROPUNO,2022,EMPRESAS EMISORAS,SERVICIOS PUBLICOS,,Anual Individual,Anual,Soles,M todo Directo,561412,270145,291267,295229,51398,41167,-11190,29977,3D01ST,3D0206,False,PRELIMINAR
B40002,20132023540,EMPRESA REGIONAL DE SERVICIO PUBLICO DE ELECTRICIDAD ELECTRONORTE MEDIO S.A. - HIDRANDINA,2022,EMPRESAS EMISORAS,SERVICIOS PUBLICOS,,Anual Individual,Anual,Soles,M todo Directo,1964670,958838,1005832,1226841,136691,178701,-94124,84577,3D01ST,3D0206,False,PRELIMINAR
CM0003,20402885549,EMPRESA SIDERURGICA DEL PERU S.A.A. - SIDERPERU,2022,EMPRESAS EMISORAS,INDUSTRIALES,,Anual Individual,Anual,Soles,M todo Directo,2213951,1223527,990424,2743235,220210,-13318,-67957,-81275,3D01ST,3D0206,False,PRELIMINAR
003058,20270508163,ENEL GENERACION PIURA S.A.,2022,EMPRESAS EMISORAS,SERVICIOS PUBLICOS,,Anual Individual,Anual,Soles,M todo Indirecto,693536,410241,283295,336579,116985,164685,-19900,144785,3D01ST,3D0206,True,PRELIMINAR
OE4860,20543420477,ENERGIA DEL PACIFICO S.A.,2022,EMPRESAS EMISORAS,DIVERSOS,,Anual Individual,Anual,D lares,M todo Directo,21359,173,21186,0,2887,-1040,0,-1040,3D01ST,3D0206,False,PRELIMINAR
002829,20333363900,ENGIE ENERGIA PERU S.A.A.,2022,EMPRESAS EMISORAS,SERVICIOS PUBLICOS,,Anual Individual,Anual,D lares,M todo Directo,2390985,1193047,1197938,554907,65150,55508,-198266,-142758,3D01ST,3D0206,False,PRELIMINAR
J40989,20600488296,EXPERTIA TRAVEL S.A.,2022,EMPRESAS EMISORAS,DIVERSOS,,Anual Individual,Anual,D lares,M todo Directo,64442,4218,60224,0,-526,-1252,0,-1252,3D01ST,3D0206,False,PRELIMINAR
B30211,20100165687,FABRICA NACIONAL DE ACUMULADORES ETNA S.A.,2022,EMPRESAS EMISORAS,INDUSTRIALES,,Anual Individual,Anual,Soles,M todo Directo,345424,218365,127059,220951,5392,7324,-5732,1592,3D01ST,3D0206,False,PRELIMINAR
B30122,20100051240,FABRICA PERUANA ETERNIT S.A.,2022,EMPRESAS EMISORAS,INDUSTRIALES,,Anual Individual,Anual,Soles,M todo Directo,437492,136353,301139,360761,18124,24551,-52481,-27930,3D01ST,3D0206,False,PRELIMINAR
OE6804,20600163346,FACTOTAL PERU S.A.,2022,EMPRESAS EMISORAS,DIVERSOS,,Anual Individual,Anual,Soles,M todo Directo,147082,86815,60267,33323,14438,21820,-60,21760,3D01ST,3D0206,False,PRELIMINAR
B60001,20100027292,FERREYCORP S.A.A.,2022,EMPRESAS EMISORAS,DIVERSOS,,Anual Individual,Anual,Soles,M todo Directo,2595499,199525,2395974,51143,418879,243729,-3280,240449,3D01ST,3D0206,False,PRELIMINAR
B30083,20100083010,FILAMENTOS INDUSTRIALES S.A.,2022,EMPRESAS EMISORAS,DIVERSOS,,Anual Individual,Anual,Soles,M todo Directo,110824,26298,84526,40866,2569,10996,-858,10138,3D01ST,3D0206,False,PRELIMINAR
OE3205,20228319768,FINANCIERA CONFIANZA S.A.A.,2022,EMPRESAS EMISORAS,FINANCIERAS,,Anual Individual,Anual,Soles,M todo Indirecto,2523071,2104068,419003,523757,42810,-53295,-7190,-60485,3F0501,3F0625,False,PRELIMINAR
L00416,20328178070,FINANCIERA CREDINKA S.A. EN LIQUIDACION,2022,EMPRESAS EMISORAS,FINANCIERAS,,Anual Individual,Anual,Soles,M todo Indirecto,866302,795770,70532,132515,-35976,-96675,-6031,-102706,3F0501,3F0625,False,PRELIMINAR
OE5251,20348067053,FINANCIERA PROEMPRESA S.A.,2022,EMPRESAS EMISORAS,FINANCIERAS,,Anual Individual,Anual,Soles,M todo Indirecto,722966,639131,83835,139153,641,-51534,-3516,-55050,3F0501,3F0625,False,PRELIMINAR
OE4241,20521308321,FINANCIERA QAPAQ S.A.,2022,EMPRESAS EMISORAS,FINANCIERAS,,Anual Individual,Anual,Soles,M todo Directo,474343,434133,40210,111275,-12966,56007,-1077,54930,3F0501,3F0625,False,PRELIMINAR
J40093,20414671773,FONDO MIVIVIENDA S.A.,2022,EMPRESAS EMISORAS,FINANCIERAS,,Anual Individual,Anual,Soles,M todo Indirecto,11982113,8504078,3478035,646511,62336,394714,-1703,393011,3F0501,3F0625,False,PRELIMINAR
OE4159,20523108574,FOSFATOS DEL PACIFICO S.A.,2022,EMPRESAS EMISORAS,MINERAS,,Anual Individual,Anual,Soles,M todo Indirecto,11070,5373,5697,0,-2937,-3758,0,-3758,3D01ST,3D0206,False,PRELIMINAR
OE6928,20601413885,FOSSAL S.A.A.,2022,EMPRESAS EMISORAS,DIVERSOS,,Anual Individual,Anual,Soles,M todo Indirecto,6509,94,6415,0,-3423,-190,0,-190,3D01ST,3D0206,False,PRELIMINAR
001152,20100094054,FUTURA CONSORCIO INMOBILIARIO S.A.,2022,EMPRESAS EMISORAS,DIVERSOS,,Anual Individual,Anual,Soles,M todo Directo,462259,128212,334047,12601,-34182,8140,-5,8135,3D01ST,3D0206,False,PRELIMINAR
B80049,20100116988,GR HOLDING S.A.,2022,EMPRESAS EMISORAS,DIVERSOS,,Anual Individual,Anual,Soles,M todo Indirecto,446522,998,445524,0,73269,-358,0,-358,3D01ST,3D0206,False,PRELIMINAR
BV0001,20100055661,GRUPO BVL S.A.A.,2022,EMPRESAS EMISORAS,DIVERSOS,,Anual Individual,Anual,Soles,M todo Directo,239358,27459,211899,33752,27573,-383,-525,-908,3D01ST,3D0206,False,PRELIMINAR
J40184,20100077044,HERMES TRANSPORTES BLINDADOS S.A.,2022,EMPRESAS EMISORAS,DIVERSOS,,Anual Individual,Anual,Soles,M todo Directo,1578852,874290,704562,406243,65571,91763,-6408,85355,3D01ST,3D0206,True,PRELIMINAR
B30140,20100171814,HIDROSTAL S.A.,2022,EMPRESAS EMISORAS,INDUSTRIALES,,Anual Individual,Anual,Soles,M todo Directo,374628,104110,270518,163344,11464,1604,-1819,-215,3D01ST,3D0206,False,PRELIMINAR
OE5021,20523611250,H2OLMOS S.A.,2022,EMPRESAS EMISORAS,DIVERSOS,,Anual Individual,Anual,Soles,M todo Indirecto,549308,506754,42554,99871,4163,57786,-1811,55975,3D01ST,3D0206,True,PRELIMINAR
J40414,20546892175,ICBC PERU BANK,2022,EMPRESAS EMISORAS,BANCOS,,Anual Individual,Anual,Soles,M todo Indirecto,3573522,3157271,416251,97938,51726,-2439378,-99,-2439477,3F0501,3F0625,False,PRELIMINAR
J40655,20515164945,INCA RAIL S.A.,2022,EMPRESAS EMISORAS,DIVERSOS,,Anual Individual,Anual,D lares,M todo Directo,86607,70596,16011,22284,-4355,4803,-324,4479,3D01ST,3D0206,True,PRELIMINAR
B30236,20251293181,INDECO S.A.,2022,EMPRESAS EMISORAS,INDUSTRIALES,,Anual Individual,Anual,D lares,M todo Directo,228304,147794,80510,424158,20350,272607,-4732,267875,3D01ST,3D0206,True,PRELIMINAR
B30152,20100003512,INDUSTRIAS ELECTRO QUIMICAS S.A. IEQSA,2022,EMPRESAS EMISORAS,INDUSTRIALES,,Anual Individual,Anual,D lares,M todo Directo,80609,44834,35775,163936,307,-11688,-1462,-13150,3D01ST,3D0206,False,PRELIMINAR
OE4256,20522291201,INFINANCE XP S.A. (ANTES FINANCIERA OH! S.A.),2022,EMPRESAS EMISORAS,FINANCIERAS,,Anual Individual,Anual,Soles,M todo Indirecto,2187237,1844289,342948,526751,32128,159374,-9462,149912,3F0501,3F0625,False,PRELIMINAR
OE4660,20543135942,INMOBILIARIA IDE S.A.,2022,EMPRESAS EMISORAS,DIVERSOS,,Anual Individual,Anual,Soles,M todo Indirecto,16961,3274,13687,1806,962,1606,0,1606,3D01ST,3D0206,False,PRELIMINAR
B30127,20100049938,INMOBILIARIA KANPU S.A.,2022,EMPRESAS EMISORAS,DIVERSOS,,Anual Individual,Anual,Soles,M todo Directo,208797,139478,69319,5544,-8515,-5319,-996,-6315,3D01ST,3D0206,False,PRELIMINAR
OE7967,20605495339,INMOBILIARIA SIC S.A.,2022,EMPRESAS EMISORAS,DIVERSOS,,Anual Individual,Anual,Soles,M todo Directo,250917,147525,103392,19056,4081,5927,0,5927,3D01ST,3D0206,False,PRELIMINAR
OE5087,0,INRETAIL PERU CORP.,2022,EMPRESAS EMISORAS,DIVERSOS,,Anual Individual,Anual,Soles,M todo Directo,8010525,3264971,4745554,523209,429163,467263,0,467263,3D01ST,3D0206,False,PRELIMINAR
OE4150,20492497721,INSUR S.A. COMPAÑIA DE SEGUROS,2022,EMPRESAS EMISORAS,SEGUROS,,Anual Individual,Anual,Soles,M todo Indirecto,178907,51831,127076,88728,21950,14685,-150,14535,3E0301,3E0405,False,PRELIMINAR
B70009,20100017491,INTEGRATEL PERU S.A.A.,2022,EMPRESAS EMISORAS,SERVICIOS PUBLICOS,,Anual Individual,Anual,Soles,M todo Directo,12304989,11312369,992620,7156328,-1454777,243962,-445055,-201093,3D01ST,3D0206,False,PRELIMINAR
OE2305,0,INTERCORP FINANCIAL SERVICES INC.,2022,EMPRESAS EMISORAS,DIVERSOS,,Anual Individual,Anual,Soles,M todo Indirecto,11118807,1127632,9991175,3685,1660581,-65277,0,-65277,3F0501,3F0625,False,PRELIMINAR
CD0010,0,INTERCORP PERU LTD.,2022,EMPRESAS EMISORAS,DIVERSOS,,Anual Individual,Anual,Soles,M todo Indirecto,13683830,1882848,11800982,2807,1818101,-163054,0,-163054,3F0501,3F0625,False,PRELIMINAR
CS0002,20382748566,INTERSEGURO COMPAÑIA DE SEGUROS S.A.,2022,EMPRESAS EMISORAS,SEGUROS,,Anual Individual,Anual,Soles,M todo Indirecto,15020467,13834291,1186176,530037,202772,670830,-704,670126,3E0301,3E0405,False,PRELIMINAR
J41105,20605495151,INVERFAL PERU S.A.A.,2022,EMPRESAS EMISORAS,DIVERSOS,,Anual Individual,Anual,Soles,M todo Directo,6137671,1259208,4878463,0,281077,101955,0,101955,3D01ST,3D0206,True,PRELIMINAR
B80077,20101045995,INVERSIONES CENTENARIO S.A.A.,2022,EMPRESAS EMISORAS,DIVERSOS,,Anual Individual,Anual,Soles,M todo Directo,2851874,663623,2188251,173902,50938,211281,-285,210996,3D01ST,3D0206,False,PRELIMINAR
L01796,20604017263,INVERSIONES CORPORATIVAS A1 S.A. - INVERCORP A1 S.A.,2022,EMPRESAS EMISORAS,DIVERSOS,,Anual Individual,Anual,Soles,M todo Directo,98012,26591,71421,1474,-185,4163,-1838,2325,3D01ST,3D0206,False,PRELIMINAR
B60004,20104347691,INVERSIONES EN TURISMO S.A. INVERTUR,2022,EMPRESAS EMISORAS,DIVERSOS,,Anual Individual,Anual,Soles,M todo Directo,50333,17768,32565,27503,2926,5070,-1120,3950,3D01ST,3D0206,True,PRELIMINAR
J40886,20601249678,J.P. MORGAN BANCO DE INVERSION,2022,EMPRESAS EMISORAS,BANCOS,,Anual Individual,Anual,Soles,M todo Directo,245786,54803,190983,13217,26934,-15274,-129,-15403,3F0501,3F0625,True,PRELIMINAR
A80069,20100210909,LA POSITIVA SEGUROS Y REASEGUROS S.A.,2022,EMPRESAS EMISORAS,SEGUROS,,Anual Individual,Anual,Soles,M todo Indirecto,2194003,1593795,600208,1239633,63703,-43414,-7780,-51194,3E0301,3E0405,True,PRELIMINAR
OE2069,20454073143,LA POSITIVA VIDA SEGUROS Y REASEGUROS S.A.,2022,EMPRESAS EMISORAS,SEGUROS,,Anual Individual,Anual,Soles,M todo Indirecto,5975717,5329201,646516,823242,75898,233596,-3279,230317,3E0301,3E0405,False,PRELIMINAR
CI0011,20100095450,LAIVE S.A.,2022,EMPRESAS EMISORAS,INDUSTRIALES,,Anual Individual,Anual,Soles,M todo Directo,504781,290555,214226,715146,23676,53545,-8791,44754,3D01ST,3D0206,False,PRELIMINAR
006166,20100190797,LECHE GLORIA S.A.,2022,EMPRESAS EMISORAS,INDUSTRIALES,,Anual Individual,Anual,Soles,M todo Directo,3896451,2489943,1406508,3940811,147133,92310,-78960,13350,3D01ST,3D0206,False,PRELIMINAR
J40884,20601127602,LIBERTY SEGUROS S.A.,2022,EMPRESAS EMISORAS,SEGUROS,,Anual Individual,Anual,Soles,M todo Indirecto,115929,95268,20661,50581,1569,3213,-10,3203,3E0301,3E0405,False,PRELIMINAR
B30099,20100182778,LIMA CAUCHO S.A. EN LIQUIDACION,2022,EMPRESAS EMISORAS,INDUSTRIALES,,Anual Individual,Anual,Soles,M todo Directo,2616,4548,-1932,3491,-23220,-15800,-6,-15806,3D01ST,3D0206,False,PRELIMINAR
B70032,20301837896,LOS PORTALES S.A.,2022,EMPRESAS EMISORAS,DIVERSOS,,Anual Individual,Anual,Soles,M todo Indirecto,1849616,1106824,742792,820665,115811,246139,-9313,236826,3D01ST,3D0206,False,PRELIMINAR
B40008,20331898008,LUZ DEL SUR S.A.A.,2022,EMPRESAS EMISORAS,SERVICIOS PUBLICOS,,Anual Individual,Anual,Soles,M todo Directo,8166968,3918239,4248729,3913693,619585,824751,-347318,477433,3D01ST,3D0206,False,PRELIMINAR
B30134,20100074371,MANUFACTURA DE METALES Y ALUMINIO RECORD S.A. EN LIQUIDACION,2022,EMPRESAS EMISORAS,INDUSTRIALES,,Anual Individual,Anual,Soles,M todo Directo,201453,60225,141228,45313,389,6846,-2551,4295,3D01ST,3D0206,False,PRELIMINAR
CS0004,20418896915,MAPFRE PERU COMPAÑIA DE SEGUROS Y REASEGUROS,2022,EMPRESAS EMISORAS,SEGUROS,,Anual Individual,Anual,Soles,M todo Indirecto,5947812,5141845,805967,2270039,185341,619094,-53769,565325,3E0301,3E0405,False,PRELIMINAR
CB0001,20382036655,MIBANCO BANCO DE LA MICROEMPRESA S.A.,2022,EMPRESAS EMISORAS,BANCOS,,Anual Individual,Anual,Soles,M todo Indirecto,16917052,14283149,2633903,2733983,438355,824139,-69380,754759,3F0501,3F0625,False,PRELIMINAR
TI0003,20100192650,MICHELL Y CIA. S.A.,2022,EMPRESAS EMISORAS,INDUSTRIALES,,Anual Individual,Anual,Soles,M todo Indirecto,657290,226125,431165,434461,31119,60275,-43720,16555,3D01ST,3D0206,True,PRELIMINAR
CM0002,20338426781,MINERA ANDINA DE EXPLORACIONES S.A.A.,2022,EMPRESAS EMISORAS,MINERAS,,Anual Individual,Anual,Soles,M todo Directo,7304,4330,2974,6718,99,-223,0,-223,3D01ST,3D0206,True,PRELIMINAR
OE3161,0,MINERA IRL LIMITED,2022,EMPRESAS EMISORAS,MINERAS,,Anual Individual,Anual,D lares,M todo Indirecto,83161,6173,76988,0,-2380,-1896,0,-1896,3D01ST,3D0206,False,PRELIMINAR
A20032,20100136741,MINSUR S.A.,2022,EMPRESAS EMISORAS,MINERAS,,Anual Individual,Anual,D lares,M todo Directo,2379322,840775,1538547,912742,496239,263783,-137729,126054,3D01ST,3D0206,False,PRELIMINAR
BF0001,20375361991,MITSUI AUTO FINANCE PERU S.A.,2022,EMPRESAS EMISORAS,FINANCIERAS,,Anual Individual,Anual,Soles,M todo Directo,1219483,952026,267457,184854,50546,-96938,-10812,-107750,3F0501,3F0625,False,PRELIMINAR
J40451,20505670443,NESSUS HOTELES PERU S.A.,2022,EMPRESAS EMISORAS,DIVERSOS,,Anual Individual,Anual,Soles,M todo Directo,423383,381458,41925,152201,-27921,40159,-6076,34083,3D01ST,3D0206,False,PRELIMINAR
CM0007,20100123500,NEXA RESOURCES ATACOCHA S.A.A.,2022,EMPRESAS EMISORAS,MINERAS,,Anual Individual,Anual,D lares,M todo Indirecto,74570,102245,-27675,95195,1320,18357,-4594,13763,3D01ST,3D0206,False,PRELIMINAR
B20010,20100110513,NEXA RESOURCES PERU S.A.A.,2022,EMPRESAS EMISORAS,MINERAS,,Anual Individual,Anual,D lares,M todo Indirecto,994258,213367,780891,568352,129969,111144,-45606,65538,3D01ST,3D0206,False,PRELIMINAR
B40009,20330791412,ORYGEN PERU S.A.A.,2022,EMPRESAS EMISORAS,SERVICIOS PUBLICOS,,Anual Individual,Anual,Soles,M todo Directo,3821617,1836883,1984734,2011815,715396,763515,-72624,690891,3D01ST,3D0206,True,PRELIMINAR
B60055,20332970411,PACIFICO COMPAÑIA DE SEGUROS Y REASEGUROS,2022,EMPRESAS EMISORAS,SEGUROS,,Anual Individual,Anual,Soles,M todo Indirecto,16699163,14389310,2309853,3933102,526213,1284861,-96641,1188220,3E0301,3E0405,True,PRELIMINAR
B50003,20118206208,PERU HOLDING DE TURISMO S.A.A.,2022,EMPRESAS EMISORAS,DIVERSOS,,Anual Individual,Anual,Soles,M todo Indirecto,86056,3680,82376,0,-20254,0,0,0,3D01ST,3D0206,False,PRELIMINAR
002927,20338352728,PERUANA DE ENERGIA S.A.A.,2022,EMPRESAS EMISORAS,SERVICIOS PUBLICOS,,Anual Individual,Anual,Soles,M todo Directo,119190,26118,93072,23333,15621,14966,-3,14963,3D01ST,3D0206,True,PRELIMINAR
B20023,20100136237,PERUBAR S.A.,2022,EMPRESAS EMISORAS,MINERAS,,Anual Individual,Anual,D lares,M todo Directo,85744,23175,62569,21158,3379,10204,-1254,8950,3D01ST,3D0206,False,PRELIMINAR
CI0012,20380336384,PESQUERA EXALMAR S.A.A.,2022,EMPRESAS EMISORAS,INDUSTRIALES,,Anual Individual,Anual,D lares,M todo Directo,694604,398808,295796,441766,49347,61075,-19678,41397,3D01ST,3D0206,False,PRELIMINAR
J00171,20100128218,PETROLEOS DEL PERU - PETROPERU S.A.,2022,EMPRESAS EMISORAS,INDUSTRIALES,,Anual Individual,Anual,D lares,M todo Directo,9941598,7289275,2652323,5580888,-271219,-1261122,-407004,-1668126,3D01ST,3D0206,False,PRELIMINAR
B40010,20269985900,PLUZ ENERGIA PERU S.A.A.,2022,EMPRESAS EMISORAS,SERVICIOS PUBLICOS,,Anual Individual,Anual,Soles,M todo Indirecto,6153243,3064636,3088607,3922957,479043,932283,-648314,283969,3D01ST,3D0206,True,PRELIMINAR
OE1928,20510398158,PRIMA AFP S.A.,2022,EMPRESAS EMISORAS,A.F.P.,,Anual Individual,Anual,Soles,M todo Directo,672356,195072,477284,373731,146384,141085,-17802,123283,3A01ST,3A0206,False,PRELIMINAR
AFP004,20142829551,PROFUTURO AFP,2022,EMPRESAS EMISORAS,A.F.P.,,Anual Individual,Anual,Soles,M todo Directo,1268022,362218,905804,296690,124414,124838,-2659,122179,3A01ST,3A0206,False,PRELIMINAR
OE3191,20517207331,PROTECTA S.A. COMPAÑIA DE SEGUROS Y REASEGUROS,2022,EMPRESAS EMISORAS,SEGUROS,,Anual Individual,Anual,Soles,M todo Indirecto,3311379,3044203,267176,84459,31157,349673,-3084,346589,3E0301,3E0405,False,PRELIMINAR
J40371,20553157014,QUALITAS COMPAÑIA DE SEGUROS S.A.,2022,EMPRESAS EMISORAS,SEGUROS,,Anual Individual,Anual,Soles,M todo Directo,126084,78525,47559,71507,-5514,3450,-340,3110,3E0301,3E0405,False,PRELIMINAR
B20042,20330791501,QUIMPAC S.A.,2022,EMPRESAS EMISORAS,INDUSTRIALES,,Anual Individual,Anual,D lares,M todo Indirecto,720603,321752,398851,327451,73856,108587,-26119,82468,3D01ST,3D0206,False,PRELIMINAR
SP0008,20504645046,RED DE ENERGIA DEL PERU S.A.,2022,EMPRESAS EMISORAS,SERVICIOS PUBLICOS,,Anual Individual,Anual,Soles,M todo Directo,481709,341943,139766,180547,64460,65282,-1448,63834,3D01ST,3D0206,False,PRELIMINAR
OE3927,20505377142,RED VIAL 5 S.A.,2022,EMPRESAS EMISORAS,DIVERSOS,,Anual Individual,Anual,Soles,M todo Indirecto,422056,255276,166780,238043,44119,74893,-7,74886,3D01ST,3D0206,False,PRELIMINAR
002766,20259829594,REFINERIA LA PAMPILLA S.A.A.,2022,EMPRESAS EMISORAS,INDUSTRIALES,,Anual Individual,Anual,D lares,M todo Directo,2482323,2076588,405735,5033994,-218190,-501173,-41309,-542482,3D01ST,3D0206,False,PRELIMINAR
B80037,20100041953,RIMAC SEGUROS Y REASEGUROS,2022,EMPRESAS EMISORAS,SEGUROS,,Anual Individual,Anual,Soles,M todo Indirecto,19028622,16789529,2239093,4934694,310045,886487,-52858,833629,3E0301,3E0405,False,PRELIMINAR
014313,20100128056,SAGA FALABELLA S.A.,2022,EMPRESAS EMISORAS,DIVERSOS,,Anual Individual,Anual,Soles,M todo Directo,2451523,1754413,697110,3951586,160273,223062,-84293,138769,3D01ST,3D0206,True,PRELIMINAR
B80134,20255993225,SANTANDER CONSUMER BANK S.A.,2022,EMPRESAS EMISORAS,BANCOS,,Anual Individual,Anual,Soles,M todo Directo,2855586,2050664,804922,645877,175142,-139594,-2060,-141654,3F0501,3F0625,False,PRELIMINAR
B80012,20100043140,SCOTIABANK PERU S.A.A.,2022,EMPRESAS EMISORAS,BANCOS,,Anual Individual,Anual,Soles,M todo Indirecto,73854776,62962568,10892208,4113889,1425516,-1663289,-101600,-1764889,3F0501,3F0625,False,PRELIMINAR
SP0012,20100152356,SERVICIO DE AGUA POTABLE Y ALCANTARILLADO - SEDAPAL,2022,EMPRESAS EMISORAS,SERVICIOS PUBLICOS,,Anual Individual,Anual,Soles,M todo Directo,13418536,8496449,4922087,2448387,406150,984329,-868039,116290,3D01ST,3D0206,False,PRELIMINAR
SP0002,20325493811,SHOUGANG GENERACION ELECTRICA S.A.A.,2022,EMPRESAS EMISORAS,SERVICIOS PUBLICOS,,Anual Individual,Anual,Soles,M todo Directo,148695,54538,94157,133128,-20066,-40835,-4657,-45492,3D01ST,3D0206,False,PRELIMINAR
CM0004,20100142989,SHOUGANG HIERRO PERU S.A.A.,2022,EMPRESAS EMISORAS,MINERAS,,Anual Individual,Anual,Soles,M todo Indirecto,10697880,7981841,2716039,6523083,2180779,2211615,-104105,2107510,3D01ST,3D0206,True,PRELIMINAR
SP0010,20100188628,SOCIEDAD ELECTRICA DEL SUR OESTE S.A. - SEAL,2022,EMPRESAS EMISORAS,SERVICIOS PUBLICOS,,Anual Individual,Anual,Soles,M todo Directo,829972,391094,438878,720520,84481,138289,-62203,76086,3D01ST,3D0206,False,PRELIMINAR
CM0006,20170072465,SOCIEDAD MINERA CERRO VERDE S.A.A.,2022,EMPRESAS EMISORAS,MINERAS,,Anual Individual,Anual,D lares,M todo Indirecto,7993863,1342436,6651427,3975295,925353,867061,-206354,660707,3D01ST,3D0206,False,PRELIMINAR
002597,20217427593,SOCIEDAD MINERA CORONA S.A.,2022,EMPRESAS EMISORAS,MINERAS,,Anual Individual,Anual,D lares,M todo Directo,249091,83423,165668,109641,-1089,9356,-9517,-161,3D01ST,3D0206,False,PRELIMINAR
B20026,20100017572,SOCIEDAD MINERA EL BROCAL S.A.A.,2022,EMPRESAS EMISORAS,MINERAS,,Anual Individual,Anual,D lares,M todo Directo,668230,290998,377232,400994,362,77223,-62593,14630,3D01ST,3D0206,False,PRELIMINAR
B80013,20100161771,SOLUCION EMPRESA ADMINISTRADORA HIPOTECARIA S.A.,2022,EMPRESAS EMISORAS,DIVERSOS,,Anual Individual,Anual,Soles,M todo Directo,93771,62214,31557,7185,2810,7323,0,7323,3F0501,3F0625,False,PRELIMINAR
B20027,20100147514,"SOUTHERN PERU COPPER CORPORATION, SUCURSAL DEL PERU",2022,EMPRESAS EMISORAS,MINERAS,,Anual Individual,Anual,D lares,M todo Directo,7292580,1280732,6011848,3908517,1255830,1399005,-334609,1064396,3D01ST,3D0206,False,PRELIMINAR
CF0001,20377892918,TOTAL SERVICIOS FINANCIEROS EMPRESA DE CREDITOS,2022,EMPRESAS EMISORAS,FINANCIERAS,,Anual Individual,Anual,Soles,M todo Directo,468134,387481,80653,56062,7924,-58454,-3350,-61804,3F0501,3F0625,True,PRELIMINAR
OE2487,20100087198,TRADI S.A.,2022,EMPRESAS EMISORAS,DIVERSOS,,Anual Individual,Anual,Soles,M todo Indirecto,575488,248763,326725,582787,34424,-25935,-75,-26010,3D01ST,3D0206,False,PRELIMINAR
B30121,20100137390,UNACEM CORP SOCIEDAD ANONIMA ABIERTA - UNACEM CORP S.A.A.,2022,EMPRESAS EMISORAS,DIVERSOS,,Anual Individual,Anual,Soles,M todo Directo,6390044,1141093,5248951,534612,412442,249163,0,249163,3D01ST,3D0206,False,PRELIMINAR
B30021,20100113610,UNION DE CERVECERIAS PERUANAS BACKUS Y JOHNSTON S.A.A.,2022,EMPRESAS EMISORAS,INDUSTRIALES,,Anual Individual,Anual,Soles,M todo Indirecto,12414620,7376511,5038109,5857088,1827363,2367132,-422465,1944667,3D01ST,3D0206,False,PRELIMINAR
OE5376,20554477721,VIVIR SEGUROS COMPAÑIA DE SEGUROS DE VIDA S.A.,2022,EMPRESAS EMISORAS,SEGUROS,,Anual Individual,Anual,Soles,M todo Indirecto,617079,576842,40237,-4185,-6552,131356,-124,131232,3E0301,3E0405,False,PRELIMINAR
CM0001,20383045267,VOLCAN COMPAÑIA MINERA S.A.A.,2022,EMPRESAS EMISORAS,MINERAS,,Anual Individual,Anual,D lares,M todo Directo,2238277,1277133,961144,554513,-72546,174891,-79861,95030,3D01ST,3D0206,True,PRELIMINAR
J41064,20603823223,VOLVO FINANCIAL SERVICES EMPRESA DE CREDITOS S.A.,2022,EMPRESAS EMISORAS,FINANCIERAS,,Anual Individual,Anual,Soles,M todo Indirecto,354664,278308,76356,18828,1815,-160165,-120,-160285,3F0501,3F0625,False,PRELIMINAR
023490,20312372895,YURA S.A.,2022,EMPRESAS EMISORAS,INDUSTRIALES,,Anual Individual,Anual,Soles,M todo Directo,4014718,1782832,2231886,1339242,157942,201848,-61736,140112,3D01ST,3D0206,True,PRELIMINAR
020045,20260172035,ACTIVO INMOBILIARIO PERUANO S.A.A. (ANTES FALABELLA PERU S.A.A.),2023,EMPRESAS EMISORAS,DIVERSOS,,Anual Individual,Anual,Soles,M todo Directo,2690533,339379,2351154,0,193341,-18762,0,-18762,3D01ST,3D0206,False,PRELIMINAR
B80018,20100047307,ADMINISTRADORA DEL COMERCIO S.A. EN LIQUIDACION,2023,EMPRESAS EMISORAS,DIVERSOS,,Anual Individual,Anual,Soles,M todo Directo,37790,14398,23392,1738,12659,-593,0,-593,3D01ST,3D0206,False,PRELIMINAR
003277,20306841506,ADMINISTRADORA JOCKEY PLAZA SHOPPING CENTER S.A.,2023,EMPRESAS EMISORAS,DIVERSOS,,Anual Individual,Anual,Soles,M todo Directo,1888136,1268973,619163,345331,42555,67856,-411,67445,3D01ST,3D0206,False,PRELIMINAR
023106,20332600592,AENZA S.A.A.,2023,EMPRESAS EMISORAS,DIVERSOS,,Anual Individual,Anual,Soles,M todo Indirecto,2418885,1155778,1263107,25181,84630,-147075,-113,-147188,3D01ST,3D0206,False,PRELIMINAR
OE4132,20551464971,AFP HABITAT S.A.,2023,EMPRESAS EMISORAS,A.F.P.,,Anual Individual,Anual,Soles,M todo Directo,221903,40685,181218,137340,41409,42975,-1097,41878,3A01ST,3A0206,False,PRELIMINAR
AFP002,20157036794,AFP INTEGRA,2023,EMPRESAS EMISORAS,A.F.P.,,Anual Individual,Anual,Soles,M todo Directo,1073857,228215,845642,370046,139710,156511,-2379,154132,3A01ST,3A0206,False,PRELIMINAR
B11073,20164042686,AGRICOLA CAYALTI SOCIEDAD ANONIMA ABIERTA,2023,EMPRESAS EMISORAS,AGRICOLAS,,Anual Individual,Anual,Soles,M todo Directo,579292,254677,324615,17047,-13064,-17900,-5,-17905,3D01ST,3D0206,True,PRELIMINAR
B11067,20135948641,AGRO INDUSTRIAL PARAMONGA S.A.,2023,EMPRESAS EMISORAS,AGRICOLAS,,Anual Individual,Anual,Soles,M todo Directo,1664037,718081,945956,374371,19888,87232,-24301,62931,3D01ST,3D0206,True,PRELIMINAR
B08363,20132377783,AGROINDUSTRIAL LAREDO S.A.A.,2023,EMPRESAS EMISORAS,AGRICOLAS,,Anual Individual,Anual,Soles,M todo Directo,905614,319176,586438,426133,39201,47438,-34495,12943,3D01ST,3D0206,False,PRELIMINAR
OE4115,20104420282,AGROINDUSTRIAS AIB S.A.,2023,EMPRESAS EMISORAS,INDUSTRIALES,,Anual Individual,Anual,Soles,M todo Directo,359197,128537,230660,220485,3179,26470,-3432,23038,3D01ST,3D0206,False,PRELIMINAR
B11068,20116225779,AGROINDUSTRIAS SAN JACINTO S.A.A.,2023,EMPRESAS EMISORAS,AGRICOLAS,,Anual Individual,Anual,Soles,M todo Directo,629687,252808,376879,292867,59087,51359,-34056,17303,3D01ST,3D0206,False,PRELIMINAR
OE7816,20602150837,AI INVERSIONES PALO ALTO S.A.,2023,EMPRESAS EMISORAS,DIVERSOS,,Anual Individual,Anual,Soles,M todo Directo,241532,8374,233158,0,-13154,-845,0,-845,3D01ST,3D0206,True,PRELIMINAR
OE3203,20517476405,ALFIN BANCO S.A.,2023,EMPRESAS EMISORAS,BANCOS,,Anual Individual,Anual,Soles,M todo Indirecto,1142763,1022748,120015,278005,214,-45199,-3333,-48532,3F0501,3F0625,False,PRELIMINAR
B30006,20100055237,ALICORP S.A.A.,2023,EMPRESAS EMISORAS,INDUSTRIALES,,Anual Individual,Anual,Soles,M todo Directo,9190508,6378088,2812420,6685002,188369,281801,-67437,214364,3D01ST,3D0206,False,PRELIMINAR
J40120,20511230188,ANDINO INVESTMENT HOLDING S.A.A.,2023,EMPRESAS EMISORAS,DIVERSOS,,Anual Individual,Anual,Soles,M todo Indirecto,378757,34319,344438,1548,-50,-7005,-13,-7018,3D01ST,3D0206,False,PRELIMINAR
J40450,20554816526,AUGUSTAR SEGUROS Y REASEGUROS S.A. (ANTES OHIO NATIONAL SEGUROS DE VIDA Y REASEGUROS S.A.),2023,EMPRESAS EMISORAS,SEGUROS,,Anual Individual,Anual,Soles,M todo Indirecto,539148,412949,126199,397478,62687,64506,-76,64430,3E0301,3E0405,False,PRELIMINAR
CI0006,20338054115,AUSTRAL GROUP S.A.A.,2023,EMPRESAS EMISORAS,INDUSTRIALES,,Anual Individual,Anual,Soles,M todo Directo,1083979,592226,491753,350302,-113927,-155732,-86518,-242250,3D01ST,3D0206,False,PRELIMINAR
J40809,20600825187,AVLA PERU COMPAÑIA DE SEGUROS S.A.,2023,EMPRESAS EMISORAS,SEGUROS,,Anual Individual,Anual,Soles,M todo Indirecto,289143,182509,106634,124972,21656,-8517,-246,-8763,3E0301,3E0405,False,PRELIMINAR
J40847,20562964682,AZZARO TRADING S.A.,2023,EMPRESAS EMISORAS,DIVERSOS,,Anual Individual,Anual,Soles,M todo Indirecto,65166,28131,37035,5053,2041,-5311,0,-5311,3D01ST,3D0206,False,PRELIMINAR
B80004,20100130204,BANCO BBVA PERU,2023,EMPRESAS EMISORAS,BANCOS,,Anual Individual,Anual,Soles,M todo Indirecto,104412759,92043910,12368849,7574812,1869103,1108586,-421638,686948,3F0501,3F0625,False,PRELIMINAR
OE8912,20608551701,BANCO BCI PERU S.A. - BANCO BCI,2023,EMPRESAS EMISORAS,BANCOS,,Anual Individual,Anual,Soles,M todo Indirecto,1694587,1112258,582329,63719,-3238,-144326,-9079,-153405,3F0501,3F0625,False,PRELIMINAR
CF0004,20509507199,BANCO DE COMERCIO,2023,EMPRESAS EMISORAS,BANCOS,,Anual Individual,Anual,Soles,M todo Directo,2299441,1897869,401572,251196,4150,5748,10862,,3F0501,3F0625,False,REVISAR_CAPEX_POSITIVO
B80005,20100047218,BANCO DE CREDITO DEL PERU,2023,EMPRESAS EMISORAS,BANCOS,,Anual Individual,Anual,Soles,M todo Indirecto,179230213,155255702,23974511,13529940,4664508,4302998,-767618,3535380,3F0501,3F0625,False,PRELIMINAR
J00122,20100030595,BANCO DE LA NACION,2023,EMPRESAS EMISORAS,BANCOS,,Anual Individual,Anual,Soles,M todo Indirecto,46369569,43812966,2556603,3123454,1652355,-1925136,-15469,-1940605,3F0501,3F0625,False,PRELIMINAR
OE2254,20441805960,BANCO EFECTIVA S.A. (ANTES FINANCIERA EFECTIVA S.A.),2023,EMPRESAS EMISORAS,BANCOS,,Anual Individual,Anual,Soles,M todo Directo,1443122,1090942,352180,453881,48568,-61443,-11118,-72561,3F0501,3F0625,True,PRELIMINAR
B80144,20330401991,BANCO FALABELLA PERU S.A.,2023,EMPRESAS EMISORAS,BANCOS,,Anual Individual,Anual,Soles,M todo Indirecto,4719180,3804984,914196,1197420,-45801,-679248,-10662,-689910,3F0501,3F0625,True,PRELIMINAR
OE2271,20513074370,BANCO GNB PERU S.A.,2023,EMPRESAS EMISORAS,BANCOS,,Anual Individual,Anual,Soles,M todo Directo,5350150,4593161,756989,409338,20084,-466799,-9200,-475999,3F0501,3F0625,False,PRELIMINAR
B80123,20101036813,BANCO INTERAMERICANO DE FINANZAS,2023,EMPRESAS EMISORAS,BANCOS,,Anual Individual,Anual,Soles,M todo Indirecto,21102563,19361035,1741528,1495626,179873,-416041,-52822,-468863,3F0501,3F0625,False,PRELIMINAR
B80020,20100053455,BANCO INTERNACIONAL DEL PERU S.A.A. - INTERBANK,2023,EMPRESAS EMISORAS,BANCOS,,Anual Individual,Anual,Soles,M todo Indirecto,67990143,60277301,7712842,5957524,900498,-1164993,-327295,-1492288,3F0501,3F0625,False,PRELIMINAR
B80009,20100105862,BANCO PICHINCHA,2023,EMPRESAS EMISORAS,BANCOS,,Anual Individual,Anual,Soles,M todo Directo,10858868,9728078,1130790,1149214,631,-23241,-21406,-44647,3F0501,3F0625,True,PRELIMINAR
B80141,20259702411,BANCO RIPLEY PERU S.A.,2023,EMPRESAS EMISORAS,BANCOS,,Anual Individual,Anual,Soles,M todo Indirecto,2112258,1725011,387247,511528,-83249,-102500,-23950,-126450,3F0501,3F0625,False,PRELIMINAR
OE3056,20516711559,BANCO SANTANDER PERU S.A.,2023,EMPRESAS EMISORAS,BANCOS,,Anual Individual,Anual,Soles,M todo Indirecto,11088479,9813729,1274750,750737,221271,-1075051,-11654,-1086705,3F0501,3F0625,False,PRELIMINAR
L01775,20604306150,BANK OF CHINA (PERU) S.A.,2023,EMPRESAS EMISORAS,BANCOS,,Anual Individual,Anual,Soles,M todo Directo,1748756,1493190,255566,58492,18107,1006344,-1354,1004990,3F0501,3F0625,True,PRELIMINAR
B30079,20100096341,BAYER S.A.,2023,EMPRESAS EMISORAS,DIVERSOS,,Anual Individual,Anual,Soles,M todo Directo,259393,92985,166408,337509,12040,24054,-611,23443,3D01ST,3D0206,False,PRELIMINAR
OE4837,20513328819,BNP PARIBAS CARDIF S.A. COMPAÑIA DE SEGUROS Y REASEGUROS,2023,EMPRESAS EMISORAS,SEGUROS,,Anual Individual,Anual,Soles,M todo Directo,809215,498056,311159,636549,33699,143696,-484,143212,3E0301,3E0405,False,PRELIMINAR
L01785,20393341786,BOSQUES AMAZONICOS S.A.,2023,EMPRESAS EMISORAS,DIVERSOS,,Anual Individual,Anual,D lares,M todo Directo,96641,56229,40412,7016,-8384,-16691,-563,-17254,3D01ST,3D0206,False,PRELIMINAR
L00192,20114839176,CAJA MUNICIPAL DE AHORRO Y CREDITO CUSCO S.A. - CMAC CUSCO S.A.,2023,EMPRESAS EMISORAS,FINANCIERAS,,Anual Individual,Anual,Soles,M todo Directo,6099967,5445128,654839,898543,53140,168790,-21032,147758,3F0501,3F0625,True,PRELIMINAR
J00124,20100209641,CAJA MUNICIPAL DE AHORRO Y CREDITO DE AREQUIPA S.A.,2023,EMPRESAS EMISORAS,FINANCIERAS,,Anual Individual,Anual,Soles,M todo Indirecto,10086387,9094662,991725,1549625,74010,-407933,-65475,-473408,3F0501,3F0625,False,PRELIMINAR
J40137,20130200789,CAJA MUNICIPAL DE AHORRO Y CREDITO DE HUANCAYO S.A.,2023,EMPRESAS EMISORAS,FINANCIERAS,,Anual Individual,Anual,Soles,M todo Indirecto,9011693,8175589,836104,1485802,66016,106060,-29477,76583,3F0501,3F0625,False,PRELIMINAR
J40630,20322445564,CAJA RURAL DE AHORRO Y CREDITO LOS ANDES S.A.,2023,EMPRESAS EMISORAS,FINANCIERAS,,Anual Individual,Anual,Soles,M todo Indirecto,655365,577123,78242,158094,2160,-42959,-1764,-44723,3F0501,3F0625,True,PRELIMINAR
B11082,20131867744,CARTAVIO SOCIEDAD ANONIMA ABIERTA,2023,EMPRESAS EMISORAS,AGRICOLAS,,Anual Individual,Anual,Soles,M todo Directo,882153,489865,392288,507828,106404,100047,-39616,60431,3D01ST,3D0206,False,PRELIMINAR
B08361,20131823020,CASA GRANDE SOCIEDAD ANONIMA ABIERTA,2023,EMPRESAS EMISORAS,AGRICOLAS,,Anual Individual,Anual,Soles,M todo Directo,1886443,786301,1100142,792536,138119,126683,-66912,59771,3D01ST,3D0206,False,PRELIMINAR
CD0005,20419387658,CEMENTOS PACASMAYO S.A.A.,2023,EMPRESAS EMISORAS,INDUSTRIALES,,Anual Individual,Anual,Soles,M todo Indirecto,3185810,1995802,1190008,1275355,168900,350541,-261173,89368,3D01ST,3D0206,False,PRELIMINAR
OE6901,20600058119,CENTENARIO DESARROLLO URBANO S.A.C.,2023,EMPRESAS EMISORAS,DIVERSOS,,Anual Individual,Anual,Soles,M todo Directo,1521060,615173,905887,171841,-11158,51859,-389,51470,3D01ST,3D0206,False,PRELIMINAR
019094,20129854953,CENTRAL AZUCARERA CHUCARAPI-PAMPA BLANCA S.A.,2023,EMPRESAS EMISORAS,AGRICOLAS,,Anual Individual,Anual,Soles,M todo Directo,239473,71221,168252,10608,-6144,-1009,0,-1009,3D01ST,3D0206,False,PRELIMINAR
B30023,20128915711,CERVECERIA SAN JUAN S.A.,2023,EMPRESAS EMISORAS,INDUSTRIALES,,Anual Individual,Anual,Soles,M todo Indirecto,1226283,745427,480856,1130564,364829,406421,-6680,399741,3D01ST,3D0206,False,PRELIMINAR
CS0007,20109068498,CESCE PERU S.A. COMPAÑIA DE SEGUROS,2023,EMPRESAS EMISORAS,SEGUROS,,Anual Individual,Anual,Soles,M todo Directo,250237,162749,87488,132665,45590,38417,-149,38268,3E0301,3E0405,True,PRELIMINAR
CS0003,20390625007,CHUBB PERU S.A. COMPAÑIA DE SEGUROS Y REASEGUROS,2023,EMPRESAS EMISORAS,SEGUROS,,Anual Individual,Anual,Soles,M todo Indirecto,582186,433791,148395,345209,35152,-11497,-724,-12221,3E0301,3E0405,False,PRELIMINAR
CB0002,20100116635,CITIBANK DEL PERU S.A.,2023,EMPRESAS EMISORAS,BANCOS,,Anual Individual,Anual,Soles,M todo Indirecto,8625002,7428631,1196371,475363,423135,447205,-8126,439079,3F0501,3F0625,True,PRELIMINAR
OE5506,20510713363,COLEGIOS PERUANOS S.A.,2023,EMPRESAS EMISORAS,DIVERSOS,,Anual Individual,Anual,Soles,M todo Directo,1614014,1208536,405478,371694,-11975,55034,-66626,-11592,3D01ST,3D0206,False,PRELIMINAR
B20003,20100079501,COMPAÑIA DE MINAS BUENAVENTURA S.A.A.,2023,EMPRESAS EMISORAS,MINERAS,,Anual Individual,Anual,D lares,M todo Directo,3933389,926929,3006460,360248,19855,119104,-154341,-35237,3D01ST,3D0206,False,PRELIMINAR
B20041,20137025354,COMPAÑIA MINERA PODEROSA S.A.A.,2023,EMPRESAS EMISORAS,MINERAS,,Anual Individual,Anual,Soles,M todo Indirecto,2327495,681885,1645610,1992610,295664,618926,-194014,424912,3D01ST,3D0206,False,PRELIMINAR
B20013,20100177421,COMPAÑIA MINERA SAN IGNACIO DE MOROCOCHA S.A.A.,2023,EMPRESAS EMISORAS,MINERAS,,Anual Individual,Anual,Soles,M todo Indirecto,542988,331688,211300,265955,-32621,43703,-32424,11279,3D01ST,3D0206,False,PRELIMINAR
B20016,20100120314,COMPAÑIA MINERA SANTA LUISA S.A.,2023,EMPRESAS EMISORAS,MINERAS,,Anual Individual,Anual,Soles,M todo Directo,398406,134479,263927,314809,46576,8107,-18871,-10764,3D01ST,3D0206,False,PRELIMINAR
CI0005,20100562848,COMPAÑIA UNIVERSAL TEXTIL S.A. EN LIQUIDACION,2023,EMPRESAS EMISORAS,INDUSTRIALES,,Anual Individual,Anual,Soles,M todo Directo,93648,25664,67984,0,-60,-9807,0,-9807,3D01ST,3D0206,False,PRELIMINAR
OE4501,20369155360,COMPARTAMOS BANCO S.A.,2023,EMPRESAS EMISORAS,BANCOS,,Anual Individual,Anual,Soles,M todo Indirecto,5033033,4176807,856226,1253269,115048,233800,-21044,212756,3F0501,3F0625,True,PRELIMINAR
OE3212,20509093521,CONCESIONARIA TRASVASE OLMOS S.A.,2023,EMPRESAS EMISORAS,DIVERSOS,,Anual Individual,Anual,D lares,M todo Indirecto,65189,37200,27989,21267,6840,25408,-39,25369,3D01ST,3D0206,False,PRELIMINAR
OE3557,20518410858,CONSORCIO CEMENTERO DEL SUR S.A.,2023,EMPRESAS EMISORAS,DIVERSOS,,Anual Individual,Anual,Soles,M todo Directo,1592326,1044818,547508,0,-10803,101521,0,101521,3D01ST,3D0206,False,PRELIMINAR
000683,20100195080,CONSORCIO INDUSTRIAL DE AREQUIPA SA,2023,EMPRESAS EMISORAS,INDUSTRIALES,,Anual Individual,Anual,Soles,M todo Directo,104730,30153,74577,77344,7250,8876,-1558,7318,3D01ST,3D0206,False,PRELIMINAR
OE8099,20605052917,COPEN INVERSIONES S.A.,2023,EMPRESAS EMISORAS,DIVERSOS,,Anual Individual,Anual,Soles,M todo Directo,240303,1591,238712,0,-378,-267,0,-267,3D01ST,3D0206,False,PRELIMINAR
CI0003,20370146994,CORPORACION ACEROS AREQUIPA S.A.,2023,EMPRESAS EMISORAS,INDUSTRIALES,,Anual Individual,Anual,Soles,M todo Directo,5779162,3081548,2697614,4505013,82813,1178543,-449755,728788,3D01ST,3D0206,False,PRELIMINAR
B30207,20100228352,CORPORACION CERVESUR S.A.A.,2023,EMPRESAS EMISORAS,DIVERSOS,,Anual Individual,Anual,Soles,M todo Directo,662497,44818,617679,30301,18868,33938,-175,33763,3D01ST,3D0206,False,PRELIMINAR
CF0002,20100116392,CORPORACION FINANCIERA DE DESARROLLO S.A. - COFIDE,2023,EMPRESAS EMISORAS,FINANCIERAS,,Anual Individual,Anual,Soles,M todo Indirecto,10819842,8615007,2204835,562851,71862,-94329,-4554,-98883,3F0501,3F0625,False,PRELIMINAR
000355,20100082391,COSAPI S.A.,2023,EMPRESAS EMISORAS,DIVERSOS,,Anual Individual,Anual,Soles,M todo Indirecto,906555,557376,349179,694249,13247,-115993,-3683,-119676,3D01ST,3D0206,False,PRELIMINAR
J40768,20600098633,CRECER SEGUROS S.A. COMPANIA DE SEGUROS,2023,EMPRESAS EMISORAS,SEGUROS,,Anual Individual,Anual,Soles,M todo Indirecto,407792,334098,73694,249506,15960,107154,-1097,106057,3E0301,3E0405,False,PRELIMINAR
OE5132,20548185051,CREDICORP CAPITAL PERU S.A.A.,2023,EMPRESAS EMISORAS,DIVERSOS,,Anual Individual,Anual,Soles,M todo Directo,145177,669,144508,0,4118,-31945,0,-31945,3D01ST,3D0206,False,PRELIMINAR
B60051,0,CREDICORP LTD.,2023,EMPRESAS EMISORAS,DIVERSOS,,Anual Individual,Anual,Soles,M todo Directo,38766733,2085431,36681302,10895,5228550,-33495,0,-33495,3F0501,3F0625,False,PRELIMINAR
B30060,20133530003,CREDITEX S.A.A.,2023,EMPRESAS EMISORAS,INDUSTRIALES,,Anual Individual,Anual,Soles,M todo Directo,557015,159721,397294,288028,-7818,-11833,-3709,-15542,3D01ST,3D0206,False,PRELIMINAR
OE2258,20509845167,DIVISO GRUPO FINANCIERO S.A.,2023,EMPRESAS EMISORAS,DIVERSOS,,Anual Individual,Anual,Soles,M todo Indirecto,298291,122944,175347,60484,-3409,-6349,0,-6349,3D01ST,3D0206,True,PRELIMINAR
OE3808,20516534754,DUNAS ENERGIA S.A.A.,2023,EMPRESAS EMISORAS,DIVERSOS,,Anual Individual,Anual,Soles,M todo Indirecto,399107,125675,273432,79514,68976,60697,0,60697,3D01ST,3D0206,False,PRELIMINAR
B40013,20106156400,ELECTRO DUNAS S.A.A.,2023,EMPRESAS EMISORAS,SERVICIOS PUBLICOS,,Anual Individual,Anual,Soles,M todo Indirecto,826018,619843,206175,540753,57645,130603,-71429,59174,3D01ST,3D0206,False,PRELIMINAR
B40005,20116544289,ELECTRO SUR ESTE S.A.A.,2023,EMPRESAS EMISORAS,SERVICIOS PUBLICOS,,Anual Individual,Anual,Soles,M todo Directo,1202448,523210,679238,646371,107249,180232,-92048,88184,3D01ST,3D0206,False,PRELIMINAR
B08359,20118792174,EMPRESA AGRARIA AZUCARERA ANDAHUASI S.A.A.,2023,EMPRESAS EMISORAS,AGRICOLAS,,Anual Individual,Anual,Soles,M todo Directo,441780,402567,39213,17523,-5647,-5716,-182,-5898,3D01ST,3D0206,False,PRELIMINAR
B11072,20131835621,EMPRESA AGRARIA CHIQUITOY S.A.,2023,EMPRESAS EMISORAS,AGRICOLAS,,Anual Individual,Anual,Soles,M todo Directo,128647,35400,93247,45377,20866,16649,-1933,14716,3D01ST,3D0206,False,PRELIMINAR
B11074,20103272964,EMPRESA AGRICOLA SAN JUAN S.A.,2023,EMPRESAS EMISORAS,AGRICOLAS,,Anual Individual,Anual,Soles,M todo Directo,193456,60096,133360,138577,32224,46741,-8261,38480,3D01ST,3D0206,False,PRELIMINAR
B08360,20163898200,EMPRESA AGROINDUSTRIAL POMALCA S.A.A.,2023,EMPRESAS EMISORAS,AGRICOLAS,,Anual Individual,Anual,Soles,M todo Directo,1320743,654335,666408,218050,23118,37784,-34756,3028,3D01ST,3D0206,True,PRELIMINAR
017070,20141723601,EMPRESA AZUCARERA EL INGENIO S.A.,2023,EMPRESAS EMISORAS,AGRICOLAS,,Anual Individual,Anual,Soles,M todo Directo,80130,16810,63320,16274,3903,-74,0,-74,3D01ST,3D0206,True,PRELIMINAR
L00914,20550226589,EMPRESA DE CREDITOS SANTANDER CONSUMO PERU S.A.,2023,EMPRESAS EMISORAS,FINANCIERAS,,Anual Individual,Anual,Soles,M todo Indirecto,1541300,1331371,209929,222901,10129,-138370,-15476,-153846,3F0501,3F0625,False,PRELIMINAR
OE2027,20279889208,EMPRESA DE GENERACION ELECTRICA DEL SUR S.A.,2023,EMPRESAS EMISORAS,SERVICIOS PUBLICOS,,Anual Individual,Anual,Soles,M todo Directo,210379,51787,158592,69125,23814,24227,-1332,22895,3D01ST,3D0206,False,PRELIMINAR
SP0009,20262221335,EMPRESA DE GENERACION ELECTRICA SAN GABAN S.A.,2023,EMPRESAS EMISORAS,SERVICIOS PUBLICOS,,Anual Individual,Anual,Soles,M todo Directo,502366,82400,419966,133205,53129,62294,-1882,60412,3D01ST,3D0206,False,PRELIMINAR
B30241,20143229816,EMPRESA EDITORA EL COMERCIO S.A.,2023,EMPRESAS EMISORAS,INDUSTRIALES,,Anual Individual,Anual,Soles,M todo Directo,1065097,139074,926023,203520,-79767,12758,-677,12081,3D01ST,3D0206,False,PRELIMINAR
CD0022,20100027705,EMPRESA ELECTRICIDAD DEL PERU - ELECTROPERU S.A.,2023,EMPRESAS EMISORAS,SERVICIOS PUBLICOS,,Anual Individual,Anual,Soles,M todo Directo,3870352,1194978,2675374,2622914,260227,180333,-26277,154056,3D01ST,3D0206,False,PRELIMINAR
B40006,20119205949,EMPRESA REGIONAL DE SERVICIO PUBLICO DE ELECTRICIDAD - ELECTROSUR S.A.,2023,EMPRESAS EMISORAS,SERVICIOS PUBLICOS,,Anual Individual,Anual,Soles,M todo Directo,362821,170595,192226,277235,25375,43184,-9861,33323,3D01ST,3D0206,True,PRELIMINAR
SP0006,20405479592,EMPRESA REGIONAL DE SERVICIO PUBLICO DE ELECTRICIDAD DE PUNO S.A.A. - ELECTROPUNO,2023,EMPRESAS EMISORAS,SERVICIOS PUBLICOS,,Anual Individual,Anual,Soles,M todo Directo,536233,252352,283881,295639,38872,20157,-12685,7472,3D01ST,3D0206,False,PRELIMINAR
B40002,20132023540,EMPRESA REGIONAL DE SERVICIO PUBLICO DE ELECTRICIDAD ELECTRONORTE MEDIO S.A. - HIDRANDINA,2023,EMPRESAS EMISORAS,SERVICIOS PUBLICOS,,Anual Individual,Anual,Soles,M todo Directo,2070401,1024266,1046135,1342304,140497,268662,-135258,133404,3D01ST,3D0206,False,PRELIMINAR
CM0003,20402885549,EMPRESA SIDERURGICA DEL PERU S.A.A. - SIDERPERU,2023,EMPRESAS EMISORAS,INDUSTRIALES,,Anual Individual,Anual,Soles,M todo Directo,1705899,681364,1024535,2384796,115711,199724,-78413,121311,3D01ST,3D0206,True,PRELIMINAR
003058,20270508163,ENEL GENERACION PIURA S.A.,2023,EMPRESAS EMISORAS,SERVICIOS PUBLICOS,,Anual Individual,Anual,Soles,M todo Indirecto,660263,387274,272989,362215,123678,131954,-9656,122298,3D01ST,3D0206,False,PRELIMINAR
OE4860,20543420477,ENERGIA DEL PACIFICO S.A.,2023,EMPRESAS EMISORAS,DIVERSOS,,Anual Individual,Anual,D lares,M todo Directo,13042,212,12830,0,1182,7088,0,7088,3D01ST,3D0206,False,PRELIMINAR
002829,20333363900,ENGIE ENERGIA PERU S.A.A.,2023,EMPRESAS EMISORAS,SERVICIOS PUBLICOS,,Anual Individual,Anual,D lares,M todo Directo,2315177,1141472,1173705,671803,6000,163211,-102684,60527,3D01ST,3D0206,False,PRELIMINAR
J40989,20600488296,EXPERTIA TRAVEL S.A.,2023,EMPRESAS EMISORAS,DIVERSOS,,Anual Individual,Anual,D lares,M todo Directo,64631,4137,60494,0,270,-449,0,-449,3D01ST,3D0206,False,PRELIMINAR
B30211,20100165687,FABRICA NACIONAL DE ACUMULADORES ETNA S.A.,2023,EMPRESAS EMISORAS,INDUSTRIALES,,Anual Individual,Anual,Soles,M todo Directo,317336,186328,131008,204169,1910,1662,-3313,-1651,3D01ST,3D0206,False,PRELIMINAR
B30122,20100051240,FABRICA PERUANA ETERNIT S.A.,2023,EMPRESAS EMISORAS,INDUSTRIALES,,Anual Individual,Anual,Soles,M todo Directo,501584,177957,323627,353063,22488,27203,-52306,-25103,3D01ST,3D0206,False,PRELIMINAR
OE6804,20600163346,FACTOTAL PERU S.A.,2023,EMPRESAS EMISORAS,DIVERSOS,,Anual Individual,Anual,Soles,M todo Directo,159408,91494,67914,34371,13014,6932,-62,6870,3D01ST,3D0206,False,PRELIMINAR
B60001,20100027292,FERREYCORP S.A.A.,2023,EMPRESAS EMISORAS,DIVERSOS,,Anual Individual,Anual,Soles,M todo Directo,2707647,135288,2572359,60826,433851,316694,-1891,314803,3D01ST,3D0206,False,PRELIMINAR
B30083,20100083010,FILAMENTOS INDUSTRIALES S.A.,2023,EMPRESAS EMISORAS,DIVERSOS,,Anual Individual,Anual,Soles,M todo Directo,102861,23795,79066,25742,265,8463,-61,8402,3D01ST,3D0206,False,PRELIMINAR
OE3205,20228319768,FINANCIERA CONFIANZA S.A.A.,2023,EMPRESAS EMISORAS,FINANCIERAS,,Anual Individual,Anual,Soles,M todo Indirecto,2675615,2263697,411918,561115,12019,-111385,-15404,-126789,3F0501,3F0625,False,PRELIMINAR
L00416,20328178070,FINANCIERA CREDINKA S.A. EN LIQUIDACION,2023,EMPRESAS EMISORAS,FINANCIERAS,,Anual Individual,Anual,Soles,M todo Indirecto,648760,613427,35333,110314,-38711,-79744,0,-79744,3F0501,3F0625,False,PRELIMINAR
OE5251,20348067053,FINANCIERA PROEMPRESA S.A.,2023,EMPRESAS EMISORAS,FINANCIERAS,,Anual Individual,Anual,Soles,M todo Indirecto,701681,632737,68944,136375,-14091,31967,-3408,28559,3F0501,3F0625,True,PRELIMINAR
OE4241,20521308321,FINANCIERA QAPAQ S.A.,2023,EMPRESAS EMISORAS,FINANCIERAS,,Anual Individual,Anual,Soles,M todo Directo,431199,377529,53670,119631,-16540,-39298,-2761,-42059,3F0501,3F0625,False,PRELIMINAR
J40093,20414671773,FONDO MIVIVIENDA S.A.,2023,EMPRESAS EMISORAS,FINANCIERAS,,Anual Individual,Anual,Soles,M todo Indirecto,14156905,10656581,3500324,831304,92169,1341784,-4268,1337516,3F0501,3F0625,False,PRELIMINAR
OE4159,20523108574,FOSFATOS DEL PACIFICO S.A.,2023,EMPRESAS EMISORAS,MINERAS,,Anual Individual,Anual,Soles,M todo Indirecto,4834,2819,2015,0,-3682,-6330,0,-6330,3D01ST,3D0206,False,PRELIMINAR
OE6928,20601413885,FOSSAL S.A.A.,2023,EMPRESAS EMISORAS,DIVERSOS,,Anual Individual,Anual,Soles,M todo Indirecto,2613,64,2549,0,-3872,-217,0,-217,3D01ST,3D0206,False,PRELIMINAR
001152,20100094054,FUTURA CONSORCIO INMOBILIARIO S.A.,2023,EMPRESAS EMISORAS,DIVERSOS,,Anual Individual,Anual,Soles,M todo Directo,448511,122787,325724,13122,-8323,6580,-156,6424,3D01ST,3D0206,False,PRELIMINAR
B80049,20100116988,GR HOLDING S.A.,2023,EMPRESAS EMISORAS,DIVERSOS,,Anual Individual,Anual,Soles,M todo Indirecto,501653,1377,500276,0,73709,266,-32,234,3D01ST,3D0206,False,PRELIMINAR
BV0001,20100055661,GRUPO BVL S.A.A.,2023,EMPRESAS EMISORAS,DIVERSOS,,Anual Individual,Anual,Soles,M todo Directo,218452,33175,185277,22298,23672,-1614,-569,-2183,3D01ST,3D0206,False,PRELIMINAR
J40184,20100077044,HERMES TRANSPORTES BLINDADOS S.A.,2023,EMPRESAS EMISORAS,DIVERSOS,,Anual Individual,Anual,Soles,M todo Directo,1616795,831253,785542,417609,80981,128921,-8824,120097,3D01ST,3D0206,True,PRELIMINAR
B30140,20100171814,HIDROSTAL S.A.,2023,EMPRESAS EMISORAS,INDUSTRIALES,,Anual Individual,Anual,Soles,M todo Directo,357258,85330,271928,169261,1410,16935,-4669,12266,3D01ST,3D0206,True,PRELIMINAR
OE5021,20523611250,H2OLMOS S.A.,2023,EMPRESAS EMISORAS,DIVERSOS,,Anual Individual,Anual,Soles,M todo Indirecto,546315,492872,53443,105541,14636,69001,-1608,67393,3D01ST,3D0206,False,PRELIMINAR
J40414,20546892175,ICBC PERU BANK,2023,EMPRESAS EMISORAS,BANCOS,,Anual Individual,Anual,Soles,M todo Indirecto,2292537,1806828,485709,152150,54095,-1151539,-420,-1151959,3F0501,3F0625,False,PRELIMINAR
J40655,20515164945,INCA RAIL S.A.,2023,EMPRESAS EMISORAS,DIVERSOS,,Anual Individual,Anual,D lares,M todo Directo,81799,69532,12267,24601,-3744,4544,-984,3560,3D01ST,3D0206,True,PRELIMINAR
B30236,20251293181,INDECO S.A.,2023,EMPRESAS EMISORAS,INDUSTRIALES,,Anual Individual,Anual,D lares,M todo Directo,225009,140795,84214,400661,23970,308843,-2915,305928,3D01ST,3D0206,False,PRELIMINAR
B30152,20100003512,INDUSTRIAS ELECTRO QUIMICAS S.A. IEQSA,2023,EMPRESAS EMISORAS,INDUSTRIALES,,Anual Individual,Anual,D lares,M todo Directo,67857,32654,35203,122669,-623,11581,-1736,9845,3D01ST,3D0206,False,PRELIMINAR
OE4256,20522291201,INFINANCE XP S.A. (ANTES FINANCIERA OH! S.A.),2023,EMPRESAS EMISORAS,FINANCIERAS,,Anual Individual,Anual,Soles,M todo Indirecto,2077654,1789272,288382,530571,-84574,50970,-12307,38663,3F0501,3F0625,False,PRELIMINAR
OE4660,20543135942,INMOBILIARIA IDE S.A.,2023,EMPRESAS EMISORAS,DIVERSOS,,Anual Individual,Anual,Soles,M todo Indirecto,15958,2157,13801,1769,970,-679,0,-679,3D01ST,3D0206,False,PRELIMINAR
OE7967,20605495339,INMOBILIARIA SIC S.A.,2023,EMPRESAS EMISORAS,DIVERSOS,,Anual Individual,Anual,Soles,M todo Directo,279512,155907,123605,14736,29329,5606,0,5606,3D01ST,3D0206,True,PRELIMINAR
OE5087,0,INRETAIL PERU CORP.,2023,EMPRESAS EMISORAS,DIVERSOS,,Anual Individual,Anual,Soles,M todo Directo,8149383,3204551,4944832,599958,535013,567224,0,567224,3D01ST,3D0206,False,PRELIMINAR
OE4150,20492497721,INSUR S.A. COMPAÑIA DE SEGUROS,2023,EMPRESAS EMISORAS,SEGUROS,,Anual Individual,Anual,Soles,M todo Indirecto,239124,79428,159696,89636,32221,35101,-1651,33450,3E0301,3E0405,False,PRELIMINAR
B70009,20100017491,INTEGRATEL PERU S.A.A.,2023,EMPRESAS EMISORAS,SERVICIOS PUBLICOS,,Anual Individual,Anual,Soles,M todo Directo,11357183,10277091,1080092,6476335,-613488,246672,-480904,-234232,3D01ST,3D0206,False,PRELIMINAR
OE2305,0,INTERCORP FINANCIAL SERVICES INC.,2023,EMPRESAS EMISORAS,DIVERSOS,,Anual Individual,Anual,Soles,M todo Indirecto,11054843,1104626,9950217,7759,1072728,-51655,0,-51655,3F0501,3F0625,False,PRELIMINAR
CS0002,20382748566,INTERSEGURO COMPAÑIA DE SEGUROS S.A.,2023,EMPRESAS EMISORAS,SEGUROS,,Anual Individual,Anual,Soles,M todo Directo,15479752,14141559,1338193,757878,315094,655724,-1274,654450,3E0301,3E0405,False,PRELIMINAR
J41105,20605495151,INVERFAL PERU S.A.A.,2023,EMPRESAS EMISORAS,DIVERSOS,,Anual Individual,Anual,Soles,M todo Directo,6056114,1128917,4927197,0,160196,-181375,0,-181375,3D01ST,3D0206,False,PRELIMINAR
B80077,20101045995,INVERSIONES CENTENARIO S.A.A.,2023,EMPRESAS EMISORAS,DIVERSOS,,Anual Individual,Anual,Soles,M todo Directo,2762612,556003,2206609,149021,53239,108203,-660,107543,3D01ST,3D0206,False,PRELIMINAR
L01796,20604017263,INVERSIONES CORPORATIVAS A1 S.A. - INVERCORP A1 S.A.,2023,EMPRESAS EMISORAS,DIVERSOS,,Anual Individual,Anual,Soles,M todo Directo,97766,26735,71031,730,-390,134,-37,97,3D01ST,3D0206,False,PRELIMINAR
B60004,20104347691,INVERSIONES EN TURISMO S.A. INVERTUR,2023,EMPRESAS EMISORAS,DIVERSOS,,Anual Individual,Anual,Soles,M todo Directo,72031,22805,49226,25213,340,2903,-691,2212,3D01ST,3D0206,False,PRELIMINAR
L02127,20611678500,INVERSIONES PORTUARIAS CHANCAY S.A.A.,2023,EMPRESAS EMISORAS,DIVERSOS,,Anual Individual,Anual,D lares,M todo Directo,303,1105,-802,0,-1071,-41,0,-41,3D01ST,3D0206,True,PRELIMINAR
J40886,20601249678,J.P. MORGAN BANCO DE INVERSION,2023,EMPRESAS EMISORAS,BANCOS,,Anual Individual,Anual,Soles,M todo Indirecto,348162,115769,232393,16137,41410,-95474,-490,-95964,3F0501,3F0625,False,PRELIMINAR
A80069,20100210909,LA POSITIVA SEGUROS Y REASEGUROS S.A.,2023,EMPRESAS EMISORAS,SEGUROS,,Anual Individual,Anual,Soles,M todo Indirecto,2647732,1885666,762066,1330283,150138,67471,-3120,64351,3E0301,3E0405,False,PRELIMINAR
OE2069,20454073143,LA POSITIVA VIDA SEGUROS Y REASEGUROS S.A.,2023,EMPRESAS EMISORAS,SEGUROS,,Anual Individual,Anual,Soles,M todo Directo,6569400,5672512,896888,1074157,259352,303200,-1785,301415,3E0301,3E0405,False,PRELIMINAR
CI0011,20100095450,LAIVE S.A.,2023,EMPRESAS EMISORAS,INDUSTRIALES,,Anual Individual,Anual,Soles,M todo Directo,538716,306374,232342,750289,28827,24760,-12295,12465,3D01ST,3D0206,True,PRELIMINAR
006166,20100190797,LECHE GLORIA S.A.,2023,EMPRESAS EMISORAS,INDUSTRIALES,,Anual Individual,Anual,Soles,M todo Directo,3739503,2162333,1577170,4097504,170662,405411,-44113,361298,3D01ST,3D0206,False,PRELIMINAR
J40884,20601127602,LIBERTY SEGUROS S.A.,2023,EMPRESAS EMISORAS,SEGUROS,,Anual Individual,Anual,Soles,M todo Indirecto,149426,127032,22394,64092,1063,15950,-2746,13204,3E0301,3E0405,False,PRELIMINAR
B70032,20301837896,LOS PORTALES S.A.,2023,EMPRESAS EMISORAS,DIVERSOS,,Anual Individual,Anual,Soles,M todo Indirecto,1902573,1142704,759869,865983,120422,77553,-9922,67631,3D01ST,3D0206,False,PRELIMINAR
B40008,20331898008,LUZ DEL SUR S.A.A.,2023,EMPRESAS EMISORAS,SERVICIOS PUBLICOS,,Anual Individual,Anual,Soles,M todo Directo,8744877,4221531,4523346,4282117,732215,854730,-310439,544291,3D01ST,3D0206,False,PRELIMINAR
B30134,20100074371,MANUFACTURA DE METALES Y ALUMINIO RECORD S.A. EN LIQUIDACION,2023,EMPRESAS EMISORAS,INDUSTRIALES,,Anual Individual,Anual,Soles,M todo Directo,191255,55012,136243,36017,-1773,2113,-846,1267,3D01ST,3D0206,False,PRELIMINAR
CS0004,20418896915,MAPFRE PERU COMPAÑIA DE SEGUROS Y REASEGUROS,2023,EMPRESAS EMISORAS,SEGUROS,,Anual Individual,Anual,Soles,M todo Indirecto,6166219,5364028,802191,2619265,145291,456007,-22668,433339,3E0301,3E0405,False,PRELIMINAR
CB0001,20382036655,MIBANCO BANCO DE LA MICROEMPRESA S.A.,2023,EMPRESAS EMISORAS,BANCOS,,Anual Individual,Anual,Soles,M todo Indirecto,16584041,13718978,2865063,3090401,265941,-831126,-94587,-925713,3F0501,3F0625,False,PRELIMINAR
TI0003,20100192650,MICHELL Y CIA. S.A.,2023,EMPRESAS EMISORAS,INDUSTRIALES,1711,Anual Individual,Anual,Soles,M todo Indirecto,708675,266862,441813,488300,45608,17795,-14889,2906,3D01ST,3D0206,False,PRELIMINAR
CM0002,20338426781,MINERA ANDINA DE EXPLORACIONES S.A.A.,2023,EMPRESAS EMISORAS,MINERAS,,Anual Individual,Anual,Soles,M todo Directo,26815,13736,13079,29306,14374,8346,-155,8191,3D01ST,3D0206,False,PRELIMINAR
OE3161,0,MINERA IRL LIMITED,2023,EMPRESAS EMISORAS,MINERAS,,Anual Individual,Anual,D lares,M todo Indirecto,83136,8498,74638,0,-2361,-1319,0,-1319,3D01ST,3D0206,False,PRELIMINAR
A20032,20100136741,MINSUR S.A.,2023,EMPRESAS EMISORAS,MINERAS,,Anual Individual,Anual,D lares,M todo Directo,2570939,824123,1746816,781825,395303,229609,-103742,125867,3D01ST,3D0206,False,PRELIMINAR
BF0001,20375361991,MITSUI AUTO FINANCE PERU S.A.,2023,EMPRESAS EMISORAS,FINANCIERAS,,Anual Individual,Anual,Soles,M todo Directo,1442749,1139761,302988,226561,35531,-186163,-4368,-190531,3F0501,3F0625,False,PRELIMINAR
CM0007,20100123500,NEXA RESOURCES ATACOCHA S.A.A.,2023,EMPRESAS EMISORAS,MINERAS,,Anual Individual,Anual,D lares,M todo Indirecto,74794,108152,-33358,77279,-5683,26294,-16306,9988,3D01ST,3D0206,False,PRELIMINAR
B20010,20100110513,NEXA RESOURCES PERU S.A.A.,2023,EMPRESAS EMISORAS,MINERAS,,Anual Individual,Anual,D lares,M todo Indirecto,975446,183435,792011,440502,11097,133526,-43810,89716,3D01ST,3D0206,True,PRELIMINAR
B40009,20330791412,ORYGEN PERU S.A.A.,2023,EMPRESAS EMISORAS,SERVICIOS PUBLICOS,,Anual Individual,Anual,Soles,M todo Directo,6356426,3249350,3107076,2382881,802229,1138409,-323389,815020,3D01ST,3D0206,False,PRELIMINAR
B60055,20332970411,PACIFICO COMPAÑIA DE SEGUROS Y REASEGUROS,2023,EMPRESAS EMISORAS,SEGUROS,,Anual Individual,Anual,Soles,M todo Indirecto,18013557,15096102,2917455,4371930,695311,1098458,-34562,1063896,3E0301,3E0405,False,PRELIMINAR
B50003,20118206208,PERU HOLDING DE TURISMO S.A.A.,2023,EMPRESAS EMISORAS,DIVERSOS,,Anual Individual,Anual,Soles,M todo Indirecto,66547,4686,61861,0,-16566,0,0,0,3D01ST,3D0206,False,PRELIMINAR
002927,20338352728,PERUANA DE ENERGIA S.A.A.,2023,EMPRESAS EMISORAS,SERVICIOS PUBLICOS,,Anual Individual,Anual,Soles,M todo Directo,119458,23039,96419,18099,10546,12387,-46,12341,3D01ST,3D0206,True,PRELIMINAR
B20023,20100136237,PERUBAR S.A.,2023,EMPRESAS EMISORAS,MINERAS,,Anual Individual,Anual,D lares,M todo Directo,86165,20334,65831,26650,3262,12541,-2211,10330,3D01ST,3D0206,False,PRELIMINAR
CI0012,20380336384,PESQUERA EXALMAR S.A.A.,2023,EMPRESAS EMISORAS,INDUSTRIALES,,Anual Individual,Anual,D lares,M todo Directo,679102,410859,268243,254351,-11609,-24269,-10577,-34846,3D01ST,3D0206,False,PRELIMINAR
J00171,20100128218,PETROLEOS DEL PERU - PETROPERU S.A.,2023,EMPRESAS EMISORAS,INDUSTRIALES,,Anual Individual,Anual,D lares,M todo Directo,9890169,8302227,1587942,4009084,-1064381,240016,-323856,-83840,3D01ST,3D0206,False,PRELIMINAR
B40010,20269985900,PLUZ ENERGIA PERU S.A.A.,2023,EMPRESAS EMISORAS,SERVICIOS PUBLICOS,,Anual Individual,Anual,Soles,M todo Indirecto,6536319,3202083,3334236,4148859,433403,630621,-492486,138135,3D01ST,3D0206,True,PRELIMINAR
OE1928,20510398158,PRIMA AFP S.A.,2023,EMPRESAS EMISORAS,A.F.P.,,Anual Individual,Anual,Soles,M todo Directo,696022,208241,487781,350963,157727,150869,-16585,134284,3A01ST,3A0206,False,PRELIMINAR
AFP004,20142829551,PROFUTURO AFP,2023,EMPRESAS EMISORAS,A.F.P.,,Anual Individual,Anual,Soles,M todo Directo,1209687,155268,1054419,280343,147553,130342,-3380,126962,3A01ST,3A0206,False,PRELIMINAR
OE3191,20517207331,PROTECTA S.A. COMPAÑIA DE SEGUROS Y REASEGUROS,2023,EMPRESAS EMISORAS,SEGUROS,,Anual Individual,Anual,Soles,M todo Indirecto,3800870,3509922,290948,139534,50801,262379,-1890,260489,3E0301,3E0405,False,PRELIMINAR
J40371,20553157014,QUALITAS COMPAÑIA DE SEGUROS S.A.,2023,EMPRESAS EMISORAS,SEGUROS,,Anual Individual,Anual,Soles,M todo Indirecto,141370,91488,49882,75496,-7447,-10830,-372,-11202,3E0301,3E0405,False,PRELIMINAR
B20042,20330791501,QUIMPAC S.A.,2023,EMPRESAS EMISORAS,INDUSTRIALES,,Anual Individual,Anual,D lares,M todo Indirecto,717540,303190,414350,243888,24948,41756,-24406,17350,3D01ST,3D0206,True,PRELIMINAR
SP0008,20504645046,RED DE ENERGIA DEL PERU S.A.,2023,EMPRESAS EMISORAS,SERVICIOS PUBLICOS,,Anual Individual,Anual,D lares,M todo Directo,486550,343679,142871,195473,67180,101672,-4405,97267,3D01ST,3D0206,False,PRELIMINAR
OE3927,20505377142,RED VIAL 5 S.A.,2023,EMPRESAS EMISORAS,DIVERSOS,,Anual Individual,Anual,Soles,M todo Indirecto,364865,220772,144093,215733,43013,108430,0,108430,3D01ST,3D0206,True,PRELIMINAR
002766,20259829594,REFINERIA LA PAMPILLA S.A.A.,2023,EMPRESAS EMISORAS,INDUSTRIALES,,Anual Individual,Anual,D lares,M todo Directo,2021101,1494595,526506,4469636,120771,387973,-44028,343945,3D01ST,3D0206,False,PRELIMINAR
B80037,20100041953,RIMAC SEGUROS Y REASEGUROS,2023,EMPRESAS EMISORAS,SEGUROS,,Anual Individual,Anual,Soles,M todo Indirecto,20214694,17393127,2821567,5216692,424623,746909,-62738,684171,3E0301,3E0405,False,PRELIMINAR
014313,20100128056,SAGA FALABELLA S.A.,2023,EMPRESAS EMISORAS,DIVERSOS,,Anual Individual,Anual,Soles,M todo Directo,2286393,1557044,729349,3650829,52203,370472,-50656,319816,3D01ST,3D0206,False,PRELIMINAR
B80134,20255993225,SANTANDER CONSUMER BANK S.A.,2023,EMPRESAS EMISORAS,BANCOS,,Anual Individual,Anual,Soles,M todo Directo,2947306,2169633,777673,708983,61326,-14541,-1926,-16467,3F0501,3F0625,False,PRELIMINAR
B80012,20100043140,SCOTIABANK PERU S.A.A.,2023,EMPRESAS EMISORAS,BANCOS,,Anual Individual,Anual,Soles,M todo Indirecto,70421238,58838707,11582531,5150368,736925,420407,-130839,289568,3F0501,3F0625,False,PRELIMINAR
SP0012,20100152356,SERVICIO DE AGUA POTABLE Y ALCANTARILLADO - SEDAPAL,2023,EMPRESAS EMISORAS,SERVICIOS PUBLICOS,,Anual Individual,Anual,Soles,M todo Directo,13199713,8425054,4774659,2650772,470044,951226,-921431,29795,3D01ST,3D0206,False,PRELIMINAR
SP0002,20325493811,SHOUGANG GENERACION ELECTRICA S.A.A.,2023,EMPRESAS EMISORAS,SERVICIOS PUBLICOS,,Anual Individual,Anual,Soles,M todo Directo,137903,51537,86366,219442,1334,1524,-1651,-127,3D01ST,3D0206,False,PRELIMINAR
CM0004,20100142989,SHOUGANG HIERRO PERU S.A.A.,2023,EMPRESAS EMISORAS,MINERAS,,Anual Individual,Anual,Soles,M todo Indirecto,10489600,7617201,2872399,6252141,2337139,3537137,-140420,3396717,3D01ST,3D0206,False,PRELIMINAR
SP0010,20100188628,SOCIEDAD ELECTRICA DEL SUR OESTE S.A. - SEAL,2023,EMPRESAS EMISORAS,SERVICIOS PUBLICOS,,Anual Individual,Anual,Soles,M todo Directo,865291,437396,427895,756112,73498,111614,-65034,46580,3D01ST,3D0206,False,PRELIMINAR
CM0006,20170072465,SOCIEDAD MINERA CERRO VERDE S.A.A.,2023,EMPRESAS EMISORAS,MINERAS,,Anual Individual,Anual,D lares,M todo Indirecto,7930910,1250536,6680374,4143228,778964,1367258,-312206,1055052,3D01ST,3D0206,False,PRELIMINAR
002597,20217427593,SOCIEDAD MINERA CORONA S.A.,2023,EMPRESAS EMISORAS,MINERAS,,Anual Individual,Anual,D lares,M todo Directo,269448,100559,168889,107871,3221,26135,-9659,16476,3D01ST,3D0206,True,PRELIMINAR
B20026,20100017572,SOCIEDAD MINERA EL BROCAL S.A.A.,2023,EMPRESAS EMISORAS,MINERAS,,Anual Individual,Anual,D lares,M todo Directo,683310,284819,398491,432616,31454,147199,-61772,85427,3D01ST,3D0206,False,PRELIMINAR
B80013,20100161771,SOLUCION EMPRESA ADMINISTRADORA HIPOTECARIA S.A.,2023,EMPRESAS EMISORAS,DIVERSOS,,Anual Individual,Anual,Soles,M todo Directo,76730,53712,23018,6364,2280,6708,0,6708,3F0501,3F0625,False,PRELIMINAR
B20027,20100147514,"SOUTHERN PERU COPPER CORPORATION, SUCURSAL DEL PERU",2023,EMPRESAS EMISORAS,MINERAS,,Anual Individual,Anual,D lares,M todo Directo,7440050,1419102,6020948,3854335,1193478,1845683,-309801,1535882,3D01ST,3D0206,False,PRELIMINAR
CF0001,20377892918,TOTAL SERVICIOS FINANCIEROS EMPRESA DE CREDITOS,2023,EMPRESAS EMISORAS,FINANCIERAS,,Anual Individual,Anual,Soles,M todo Directo,416090,337839,78251,66274,4729,50995,-2259,48736,3F0501,3F0625,True,PRELIMINAR
OE2487,20100087198,TRADI S.A.,2023,EMPRESAS EMISORAS,DIVERSOS,,Anual Individual,Anual,Soles,M todo Indirecto,551227,220539,330688,448714,15332,54419,-326,54093,3D01ST,3D0206,False,PRELIMINAR
B30121,20100137390,UNACEM CORP SOCIEDAD ANONIMA ABIERTA - UNACEM CORP S.A.A.,2023,EMPRESAS EMISORAS,DIVERSOS,,Anual Individual,Anual,Soles,M todo Directo,6513237,1112822,5400415,515191,359557,447410,-130,447280,3D01ST,3D0206,False,PRELIMINAR
B30021,20100113610,UNION DE CERVECERIAS PERUANAS BACKUS Y JOHNSTON S.A.A.,2023,EMPRESAS EMISORAS,INDUSTRIALES,,Anual Individual,Anual,Soles,M todo Indirecto,13385222,6402979,6982243,6477274,2067870,2325731,-325063,2000668,3D01ST,3D0206,False,PRELIMINAR
OE5376,20554477721,VIVIR SEGUROS COMPAÑIA DE SEGUROS DE VIDA S.A.,2023,EMPRESAS EMISORAS,SEGUROS,,Anual Individual,Anual,Soles,M todo Indirecto,749120,692754,56366,-2901,-15275,105611,-322,105289,3E0301,3E0405,False,PRELIMINAR
CM0001,20383045267,VOLCAN COMPAÑIA MINERA S.A.A.,2023,EMPRESAS EMISORAS,MINERAS,,Anual Individual,Anual,D lares,M todo Directo,2200968,1312403,888565,530017,-72701,257173,-74666,182507,3D01ST,3D0206,False,PRELIMINAR
J41064,20603823223,VOLVO FINANCIAL SERVICES EMPRESA DE CREDITOS S.A.,2023,EMPRESAS EMISORAS,FINANCIERAS,,Anual Individual,Anual,Soles,M todo Directo,523138,420908,102230,36351,5875,-147876,-275,-148151,3F0501,3F0625,False,PRELIMINAR
023490,20312372895,YURA S.A.,2023,EMPRESAS EMISORAS,INDUSTRIALES,,Anual Individual,Anual,Soles,M todo Directo,4152738,1718382,2434356,1216002,202470,376351,-92113,284238,3D01ST,3D0206,False,PRELIMINAR
020045,20260172035,ACTIVO INMOBILIARIO PERUANO S.A.A. (ANTES FALABELLA PERU S.A.A.),2024,EMPRESAS EMISORAS,DIVERSOS,6719,Anual Individual,Anual,Soles,M todo Directo,2056584,288392,1768192,0,207890,-140374,0,-140374,3D01ST,3D0206,False,PRELIMINAR
B80018,20100047307,ADMINISTRADORA DEL COMERCIO S.A. EN LIQUIDACION,2024,EMPRESAS EMISORAS,DIVERSOS,7499,Anual Individual,Anual,Soles,M todo Directo,37445,14153,23292,1134,-100,-658,0,-658,3D01ST,3D0206,False,PRELIMINAR
003277,20306841506,ADMINISTRADORA JOCKEY PLAZA SHOPPING CENTER S.A.,2024,EMPRESAS EMISORAS,DIVERSOS,7499,Anual Individual,Anual,Soles,M todo Directo,1890986,1257656,633330,363578,35140,108216,-79,108137,3D01ST,3D0206,True,PRELIMINAR
023106,20332600592,AENZA S.A.A.,2024,EMPRESAS EMISORAS,DIVERSOS,6719,Anual Individual,Anual,Soles,M todo Indirecto,2656944,1451197,1205747,22062,-249089,-263577,-649,-264226,3D01ST,3D0206,False,PRELIMINAR
OE4132,20551464971,AFP HABITAT S.A.,2024,EMPRESAS EMISORAS,A.F.P.,6602,Anual Individual,Anual,Soles,M todo Directo,184279,41788,142491,150301,53390,51418,-577,50841,3A01ST,3A0206,False,PRELIMINAR
AFP002,20157036794,AFP INTEGRA,2024,EMPRESAS EMISORAS,A.F.P.,6602,Anual Individual,Anual,Soles,M todo Directo,1065402,222598,842804,387260,156752,135224,-11360,123864,3A01ST,3A0206,False,PRELIMINAR
B11073,20164042686,AGRICOLA CAYALTI SOCIEDAD ANONIMA ABIERTA,2024,EMPRESAS EMISORAS,AGRICOLAS,1542,Anual Individual,Anual,Soles,M todo Directo,614207,282812,331395,7999,-20465,-18060,-3106,-21166,3D01ST,3D0206,False,PRELIMINAR
B11067,20135948641,AGRO INDUSTRIAL PARAMONGA S.A.,2024,EMPRESAS EMISORAS,AGRICOLAS,1072,Anual Individual,Anual,Soles,M todo Directo,2217211,891024,1326187,371577,52366,99425,-30297,69128,3D01ST,3D0206,True,PRELIMINAR
B08363,20132377783,AGROINDUSTRIAL LAREDO S.A.A.,2024,EMPRESAS EMISORAS,AGRICOLAS,1542,Anual Individual,Anual,Soles,M todo Directo,940324,327342,612982,438934,55453,83961,-39676,44285,3D01ST,3D0206,False,PRELIMINAR
OE4115,20104420282,AGROINDUSTRIAS AIB S.A.,2024,EMPRESAS EMISORAS,INDUSTRIALES,1030,Anual Individual,Anual,Soles,M todo Directo,370720,138980,231740,222223,11099,15817,-15164,653,3D01ST,3D0206,False,PRELIMINAR
B11068,20116225779,AGROINDUSTRIAS SAN JACINTO S.A.A.,2024,EMPRESAS EMISORAS,AGRICOLAS,1542,Anual Individual,Anual,Soles,M todo Directo,680270,287272,392998,267896,69016,45059,-32813,12246,3D01ST,3D0206,False,PRELIMINAR
OE7816,20602150837,AI INVERSIONES PALO ALTO S.A.,2024,EMPRESAS EMISORAS,DIVERSOS,7412,Anual Individual,Anual,Soles,M todo Directo,231737,4338,227399,0,-5631,-1261,0,-1261,3D01ST,3D0206,False,PRELIMINAR
OE3203,20517476405,ALFIN BANCO S.A.,2024,EMPRESAS EMISORAS,BANCOS,6419,Anual Individual,Anual,Soles,M todo Indirecto,1282766,1167121,115645,277515,1277,122054,-19509,102545,3F0501,3F0625,True,PRELIMINAR
B30006,20100055237,ALICORP S.A.A.,2024,EMPRESAS EMISORAS,INDUSTRIALES,1514,Anual Individual,Anual,Soles,M todo Directo,8981886,6822445,2159441,6370885,341940,1554581,-32890,1521691,3D01ST,3D0206,False,PRELIMINAR
J40120,20511230188,ANDINO INVESTMENT HOLDING S.A.A.,2024,EMPRESAS EMISORAS,DIVERSOS,7499,Anual Individual,Anual,Soles,M todo Indirecto,476617,137587,339030,0,-8021,-4436,-4,-4440,3D01ST,3D0206,False,PRELIMINAR
J40450,20554816526,AUGUSTAR SEGUROS Y REASEGUROS S.A. (ANTES OHIO NATIONAL SEGUROS DE VIDA Y REASEGUROS S.A.),2024,EMPRESAS EMISORAS,SEGUROS,6511,Anual Individual,Anual,Soles,M todo Indirecto,783357,507850,275507,592619,145285,223048,-109,222939,3E0301,3E0405,False,PRELIMINAR
CI0006,20338054115,AUSTRAL GROUP S.A.A.,2024,EMPRESAS EMISORAS,INDUSTRIALES,1512,Anual Individual,Anual,Soles,M todo Directo,1186946,581430,605516,753658,113763,163145,-64993,98152,3D01ST,3D0206,False,PRELIMINAR
J40809,20600825187,AVLA PERU COMPAÑIA DE SEGUROS S.A.,2024,EMPRESAS EMISORAS,SEGUROS,6603,Anual Individual,Anual,Soles,M todo Indirecto,311789,227011,84778,152518,3407,2094,-127,1967,3E0301,3E0405,False,PRELIMINAR
J40847,20562964682,AZZARO TRADING S.A.,2024,EMPRESAS EMISORAS,DIVERSOS,9411,Anual Individual,Anual,Soles,M todo Indirecto,66124,34004,32120,6241,-468,-3135,0,-3135,3D01ST,3D0206,False,PRELIMINAR
B80004,20100130204,BANCO BBVA PERU,2024,EMPRESAS EMISORAS,BANCOS,6519,Anual Individual,Anual,Soles,M todo Indirecto,111229270,97930026,13299244,8075266,1886405,7484883,-381918,7102965,3F0501,3F0625,False,PRELIMINAR
OE8912,20608551701,BANCO BCI PERU S.A. - BANCO BCI,2024,EMPRESAS EMISORAS,BANCOS,6419,Anual Individual,Anual,Soles,M todo Indirecto,2535809,1945878,589931,122157,9195,-96701,-5131,-101832,3F0501,3F0625,False,PRELIMINAR
CF0004,20509507199,BANCO DE COMERCIO,2024,EMPRESAS EMISORAS,BANCOS,6519,Anual Individual,Anual,Soles,M todo Directo,2120208,1712529,407679,243784,7047,136978,-5967,131011,3F0501,3F0625,False,PRELIMINAR
B80005,20100047218,BANCO DE CREDITO DEL PERU,2024,EMPRESAS EMISORAS,BANCOS,6519,Anual Individual,Anual,Soles,M todo Indirecto,195656310,170689252,24967058,14450779,5216692,13367689,-762918,12604771,3F0501,3F0625,False,PRELIMINAR
J00122,20100030595,BANCO DE LA NACION,2024,EMPRESAS EMISORAS,BANCOS,6419,Anual Individual,Anual,Soles,M todo Indirecto,46651304,42899339,3751965,3177243,1393315,-7426692,-54959,-7481651,3F0501,3F0625,True,PRELIMINAR
OE2254,20441805960,BANCO EFECTIVA S.A. (ANTES FINANCIERA EFECTIVA S.A.),2024,EMPRESAS EMISORAS,BANCOS,6499,Anual Individual,Anual,Soles,M todo Directo,1768271,1403864,364407,474558,60424,13737,-9542,4195,3F0501,3F0625,False,PRELIMINAR
B80144,20330401991,BANCO FALABELLA PERU S.A.,2024,EMPRESAS EMISORAS,BANCOS,6519,Anual Individual,Anual,Soles,M todo Indirecto,4997438,3995027,1002411,1182700,83012,709266,-25958,683308,3F0501,3F0625,False,PRELIMINAR
OE2271,20513074370,BANCO GNB PERU S.A.,2024,EMPRESAS EMISORAS,BANCOS,6519,Anual Individual,Anual,Soles,M todo Directo,5718235,4914112,804123,422440,45201,-58992,-7803,-66795,3F0501,3F0625,False,PRELIMINAR
B80123,20101036813,BANCO INTERAMERICANO DE FINANZAS,2024,EMPRESAS EMISORAS,BANCOS,6519,Anual Individual,Anual,Soles,M todo Indirecto,21853374,19938394,1914980,1607121,200087,1537156,-33460,1503696,3F0501,3F0625,False,PRELIMINAR
B80020,20100053455,BANCO INTERNACIONAL DEL PERU S.A.A. - INTERBANK,2024,EMPRESAS EMISORAS,BANCOS,6519,Anual Individual,Anual,Soles,M todo Indirecto,72952708,64497881,8454827,5913208,933670,4793629,-277544,4516085,3F0501,3F0625,False,PRELIMINAR
B80009,20100105862,BANCO PICHINCHA,2024,EMPRESAS EMISORAS,BANCOS,6519,Anual Individual,Anual,Soles,M todo Directo,10881125,9742920,1138205,1029030,-58613,628622,-18894,609728,3F0501,3F0625,True,PRELIMINAR
B80141,20259702411,BANCO RIPLEY PERU S.A.,2024,EMPRESAS EMISORAS,BANCOS,6599,Anual Individual,Anual,Soles,M todo Indirecto,1845196,1465399,379797,448890,-7362,106962,-27444,79518,3F0501,3F0625,True,PRELIMINAR
OE3056,20516711559,BANCO SANTANDER PERU S.A.,2024,EMPRESAS EMISORAS,BANCOS,6419,Anual Individual,Anual,Soles,M todo Indirecto,10165717,8754935,1410782,715725,237723,565791,-17505,548286,3F0501,3F0625,False,PRELIMINAR
L01775,20604306150,BANK OF CHINA (PERU) S.A.,2024,EMPRESAS EMISORAS,BANCOS,6519,Anual Individual,Anual,Soles,M todo Directo,2687782,2386354,301428,111463,39984,935699,-1965,933734,3F0501,3F0625,False,PRELIMINAR
OE4837,20513328819,BNP PARIBAS CARDIF S.A. COMPAÑIA DE SEGUROS Y REASEGUROS,2024,EMPRESAS EMISORAS,SEGUROS,6512,Anual Individual,Anual,Soles,M todo Directo,864237,482984,381253,600929,71796,67301,-2479,64822,3E0301,3E0405,False,PRELIMINAR
L01785,20393341786,BOSQUES AMAZONICOS S.A.,2024,EMPRESAS EMISORAS,DIVERSOS,3098,Anual Individual,Anual,D lares,M todo Directo,94354,57634,36720,7267,-8688,-7268,-3,-7271,3D01ST,3D0206,False,PRELIMINAR
L00192,20114839176,CAJA MUNICIPAL DE AHORRO Y CREDITO CUSCO S.A. - CMAC CUSCO S.A.,2024,EMPRESAS EMISORAS,FINANCIERAS,6419,Anual Individual,Anual,Soles,M todo Directo,6706703,5965607,741096,1098185,108765,396546,-5098,391448,3F0501,3F0625,False,PRELIMINAR
J00124,20100209641,CAJA MUNICIPAL DE AHORRO Y CREDITO DE AREQUIPA S.A.,2024,EMPRESAS EMISORAS,FINANCIERAS,6519,Anual Individual,Anual,Soles,M todo Indirecto,11455566,10394594,1060972,1720656,101222,171017,-71274,99743,3F0501,3F0625,False,PRELIMINAR
J40137,20130200789,CAJA MUNICIPAL DE AHORRO Y CREDITO DE HUANCAYO S.A.,2024,EMPRESAS EMISORAS,FINANCIERAS,6519,Anual Individual,Anual,Soles,M todo Indirecto,9809889,8788429,1021460,1628138,124724,188815,-37420,151395,3F0501,3F0625,True,PRELIMINAR
J40630,20322445564,CAJA RURAL DE AHORRO Y CREDITO LOS ANDES S.A.,2024,EMPRESAS EMISORAS,FINANCIERAS,6519,Anual Individual,Anual,Soles,M todo Indirecto,678525,569455,109070,172364,-4450,-49967,-1724,-51691,3F0501,3F0625,False,PRELIMINAR
B11082,20131867744,CARTAVIO SOCIEDAD ANONIMA ABIERTA,2024,EMPRESAS EMISORAS,AGRICOLAS,1542,Anual Individual,Anual,Soles,M todo Directo,926161,542687,383474,535074,91846,98656,-32652,66004,3D01ST,3D0206,False,PRELIMINAR
B08361,20131823020,CASA GRANDE SOCIEDAD ANONIMA ABIERTA,2024,EMPRESAS EMISORAS,AGRICOLAS,1542,Anual Individual,Anual,Soles,M todo Directo,1923732,874083,1049649,637681,73490,169683,-97068,72615,3D01ST,3D0206,False,PRELIMINAR
CD0005,20419387658,CEMENTOS PACASMAYO S.A.A.,2024,EMPRESAS EMISORAS,INDUSTRIALES,2394,Anual Individual,Anual,Soles,M todo Indirecto,3072012,1858914,1213098,1232589,198875,213526,-37971,175555,3D01ST,3D0206,False,PRELIMINAR
OE6901,20600058119,CENTENARIO DESARROLLO URBANO S.A.C.,2024,EMPRESAS EMISORAS,DIVERSOS,7010,Anual Individual,Anual,Soles,M todo Directo,1539846,630265,909581,279465,18694,79509,-1719,77790,3D01ST,3D0206,True,PRELIMINAR
019094,20129854953,CENTRAL AZUCARERA CHUCARAPI-PAMPA BLANCA S.A.,2024,EMPRESAS EMISORAS,AGRICOLAS,1110,Anual Individual,Anual,Soles,M todo Directo,237806,74138,163668,11643,-2661,-1176,0,-1176,3D01ST,3D0206,False,PRELIMINAR
B30023,20128915711,CERVECERIA SAN JUAN S.A.,2024,EMPRESAS EMISORAS,INDUSTRIALES,1103,Anual Individual,Anual,Soles,M todo Indirecto,1553829,1032695,521134,1234828,405107,7357,-8109,-752,3D01ST,3D0206,False,PRELIMINAR
CS0007,20109068498,CESCE PERU S.A. COMPAÑIA DE SEGUROS,2024,EMPRESAS EMISORAS,SEGUROS,6603,Anual Individual,Anual,Soles,M todo Directo,265418,163331,102087,163845,48523,54327,-635,53692,3E0301,3E0405,False,PRELIMINAR
CS0003,20390625007,CHUBB PERU S.A. COMPAÑIA DE SEGUROS Y REASEGUROS,2024,EMPRESAS EMISORAS,SEGUROS,6512,Anual Individual,Anual,Soles,M todo Indirecto,654447,506267,148180,331963,36842,116316,-887,115429,3E0301,3E0405,True,PRELIMINAR
CB0002,20100116635,CITIBANK DEL PERU S.A.,2024,EMPRESAS EMISORAS,BANCOS,6519,Anual Individual,Anual,Soles,M todo Indirecto,9166823,7977743,1189080,440949,421289,-261792,-2183,-263975,3F0501,3F0625,False,PRELIMINAR
B20003,20100079501,COMPAÑIA DE MINAS BUENAVENTURA S.A.A.,2024,EMPRESAS EMISORAS,MINERAS,1320,Anual Individual,Anual,D lares,M todo Directo,4421370,1030681,3390689,665978,402689,468682,-286482,182200,3D01ST,3D0206,False,PRELIMINAR
B20041,20137025354,COMPAÑIA MINERA PODEROSA S.A.A.,2024,EMPRESAS EMISORAS,MINERAS,0729,Anual Individual,Anual,Soles,M todo Indirecto,2542791,659269,1883522,2624541,415128,818316,-205738,612578,3D01ST,3D0206,True,PRELIMINAR
B20013,20100177421,COMPAÑIA MINERA SAN IGNACIO DE MOROCOCHA S.A.A.,2024,EMPRESAS EMISORAS,MINERAS,1320,Anual Individual,Anual,Soles,M todo Indirecto,532461,454141,78320,0,-141555,-66365,-4777,-71142,3D01ST,3D0206,True,PRELIMINAR
B20016,20100120314,COMPAÑIA MINERA SANTA LUISA S.A.,2024,EMPRESAS EMISORAS,MINERAS,0729,Anual Individual,Anual,Soles,M todo Directo,523486,179165,344321,467521,102749,161516,-17503,144013,3D01ST,3D0206,False,PRELIMINAR
CI0005,20100562848,COMPAÑIA UNIVERSAL TEXTIL S.A. EN LIQUIDACION,2024,EMPRESAS EMISORAS,INDUSTRIALES,1721,Anual Individual,Anual,Soles,M todo Directo,57882,22128,35754,0,13979,1073,0,1073,3D01ST,3D0206,False,PRELIMINAR
OE4501,20369155360,COMPARTAMOS BANCO S.A.,2024,EMPRESAS EMISORAS,BANCOS,6599,Anual Individual,Anual,Soles,M todo Indirecto,5019969,4060411,959558,1487868,103503,-70505,-41600,-112105,3F0501,3F0625,False,PRELIMINAR
OE3212,20509093521,CONCESIONARIA TRASVASE OLMOS S.A.,2024,EMPRESAS EMISORAS,DIVERSOS,5190,Anual Individual,Anual,D lares,M todo Indirecto,46580,18178,28402,21312,6569,28772,-257,28515,3D01ST,3D0206,False,PRELIMINAR
OE3557,20518410858,CONSORCIO CEMENTERO DEL SUR S.A.,2024,EMPRESAS EMISORAS,DIVERSOS,2694,Anual Individual,Anual,Soles,M todo Directo,1491069,810987,680082,0,512574,444721,0,444721,3D01ST,3D0206,False,PRELIMINAR
OE8099,20605052917,COPEN INVERSIONES S.A.,2024,EMPRESAS EMISORAS,DIVERSOS,7490,Anual Individual,Anual,Soles,M todo Directo,248866,1438,247428,5129,-684,-3581,0,-3581,3D01ST,3D0206,True,PRELIMINAR
CI0003,20370146994,CORPORACION ACEROS AREQUIPA S.A.,2024,EMPRESAS EMISORAS,INDUSTRIALES,2710,Anual Individual,Anual,Soles,M todo Directo,5813133,2992018,2821115,4369096,196493,376250,-342530,33720,3D01ST,3D0206,False,PRELIMINAR
B30207,20100228352,CORPORACION CERVESUR S.A.A.,2024,EMPRESAS EMISORAS,DIVERSOS,7020,Anual Individual,Anual,Soles,M todo Directo,688722,51106,637616,21791,13503,6768,-16,6752,3D01ST,3D0206,False,PRELIMINAR
CF0002,20100116392,CORPORACION FINANCIERA DE DESARROLLO S.A. - COFIDE,2024,EMPRESAS EMISORAS,FINANCIERAS,6599,Anual Individual,Anual,Soles,M todo Indirecto,11126198,8904471,2221727,579408,71048,33190,-12084,21106,3F0501,3F0625,False,PRELIMINAR
000355,20100082391,COSAPI S.A.,2024,EMPRESAS EMISORAS,DIVERSOS,4390,Anual Individual,Anual,Soles,M todo Indirecto,1096799,734701,362098,726340,12906,-94253,-1069,-95322,3D01ST,3D0206,False,PRELIMINAR
J40768,20600098633,CRECER SEGUROS S.A. COMPANIA DE SEGUROS,2024,EMPRESAS EMISORAS,SEGUROS,6511,Anual Individual,Anual,Soles,M todo Indirecto,520168,432473,87695,220641,15123,54016,-473,53543,3E0301,3E0405,False,PRELIMINAR
OE5132,20548185051,CREDICORP CAPITAL PERU S.A.A.,2024,EMPRESAS EMISORAS,DIVERSOS,6599,Anual Individual,Anual,Soles,M todo Directo,164009,597,163412,0,21503,-7838,0,-7838,3D01ST,3D0206,False,PRELIMINAR
B60051,0,CREDICORP LTD.,2024,EMPRESAS EMISORAS,DIVERSOS,6599,Anual Individual,Anual,Soles,M todo Directo,40655832,2060317,38595515,93486,6185851,-77774,0,-77774,3F0501,3F0625,False,PRELIMINAR
B30060,20133530003,CREDITEX S.A.A.,2024,EMPRESAS EMISORAS,INDUSTRIALES,1711,Anual Individual,Anual,Soles,M todo Directo,521194,123384,397810,326134,888,47526,-2308,45218,3D01ST,3D0206,False,PRELIMINAR
OE2258,20509845167,DIVISO GRUPO FINANCIERO S.A.,2024,EMPRESAS EMISORAS,DIVERSOS,7499,Anual Individual,Anual,Soles,M todo Indirecto,100178,96351,3827,5936,-11247,16336,0,16336,3D01ST,3D0206,False,PRELIMINAR
OE3808,20516534754,DUNAS ENERGIA S.A.A.,2024,EMPRESAS EMISORAS,DIVERSOS,7490,Anual Individual,Anual,Soles,M todo Indirecto,417444,117187,300257,82207,70135,74575,0,74575,3D01ST,3D0206,False,PRELIMINAR
B40013,20106156400,ELECTRO DUNAS S.A.A.,2024,EMPRESAS EMISORAS,SERVICIOS PUBLICOS,4010,Anual Individual,Anual,Soles,M todo Indirecto,926246,717575,208671,570523,61658,139666,-80791,58875,3D01ST,3D0206,False,PRELIMINAR
B40005,20116544289,ELECTRO SUR ESTE S.A.A.,2024,EMPRESAS EMISORAS,SERVICIOS PUBLICOS,4010,Anual Individual,Anual,Soles,M todo Directo,1235015,525026,709989,712971,127275,177855,-82849,95006,3D01ST,3D0206,False,PRELIMINAR
B08359,20118792174,EMPRESA AGRARIA AZUCARERA ANDAHUASI S.A.A.,2024,EMPRESAS EMISORAS,AGRICOLAS,1542,Anual Individual,Anual,Soles,M todo Directo,437423,401161,36262,18363,-2857,-6237,-791,-7028,3D01ST,3D0206,False,PRELIMINAR
B11072,20131835621,EMPRESA AGRARIA CHIQUITOY S.A.,2024,EMPRESAS EMISORAS,AGRICOLAS,0111,Anual Individual,Anual,Soles,M todo Directo,132864,33859,99005,29548,5758,15915,-2048,13867,3D01ST,3D0206,False,PRELIMINAR
B11074,20103272964,EMPRESA AGRICOLA SAN JUAN S.A.,2024,EMPRESAS EMISORAS,AGRICOLAS,0111,Anual Individual,Anual,Soles,M todo Directo,247339,79199,168140,155795,44447,54728,-12711,42017,3D01ST,3D0206,True,PRELIMINAR
B08360,20163898200,EMPRESA AGROINDUSTRIAL POMALCA S.A.A.,2024,EMPRESAS EMISORAS,AGRICOLAS,1542,Anual Individual,Anual,Soles,M todo Directo,1352469,679594,672875,234045,9636,62401,-74620,-12219,3D01ST,3D0206,False,PRELIMINAR
017070,20141723601,EMPRESA AZUCARERA EL INGENIO S.A.,2024,EMPRESAS EMISORAS,AGRICOLAS,0114,Anual Individual,Anual,Soles,M todo Directo,86565,21780,64785,14071,1757,138,0,138,3D01ST,3D0206,False,PRELIMINAR
L00914,20550226589,EMPRESA DE CREDITOS SANTANDER CONSUMO PERU S.A.,2024,EMPRESAS EMISORAS,FINANCIERAS,6599,Anual Individual,Anual,Soles,M todo Indirecto,1381669,1150392,231277,222815,26412,132954,-8616,124338,3F0501,3F0625,True,PRELIMINAR
OE2027,20279889208,EMPRESA DE GENERACION ELECTRICA DEL SUR S.A.,2024,EMPRESAS EMISORAS,SERVICIOS PUBLICOS,4010,Anual Individual,Anual,Soles,M todo Directo,203660,33360,170300,82541,31526,-3062,-1771,-4833,3D01ST,3D0206,False,PRELIMINAR
SP0009,20262221335,EMPRESA DE GENERACION ELECTRICA SAN GABAN S.A.,2024,EMPRESAS EMISORAS,SERVICIOS PUBLICOS,4010,Anual Individual,Anual,Soles,M todo Directo,527866,88755,439111,138003,66961,85409,-7095,78314,3D01ST,3D0206,False,PRELIMINAR
B30241,20143229816,EMPRESA EDITORA EL COMERCIO S.A.,2024,EMPRESAS EMISORAS,INDUSTRIALES,2212,Anual Individual,Anual,Soles,M todo Directo,1044050,122995,921055,190612,-12370,17045,-211,16834,3D01ST,3D0206,False,PRELIMINAR
CD0022,20100027705,EMPRESA ELECTRICIDAD DEL PERU - ELECTROPERU S.A.,2024,EMPRESAS EMISORAS,SERVICIOS PUBLICOS,4010,Anual Individual,Anual,Soles,M todo Directo,4095000,1081374,3013626,2731866,585387,834393,-77247,757146,3D01ST,3D0206,False,PRELIMINAR
B40006,20119205949,EMPRESA REGIONAL DE SERVICIO PUBLICO DE ELECTRICIDAD - ELECTROSUR S.A.,2024,EMPRESAS EMISORAS,SERVICIOS PUBLICOS,4010,Anual Individual,Anual,Soles,M todo Directo,385731,178298,207433,291760,29948,56351,-5200,51151,3D01ST,3D0206,False,PRELIMINAR
SP0006,20405479592,EMPRESA REGIONAL DE SERVICIO PUBLICO DE ELECTRICIDAD DE PUNO S.A.A. - ELECTROPUNO,2024,EMPRESAS EMISORAS,SERVICIOS PUBLICOS,3510,Anual Individual,Anual,Soles,M todo Directo,571467,273063,298404,322189,58438,72316,-28018,44298,3D01ST,3D0206,True,PRELIMINAR
B40002,20132023540,EMPRESA REGIONAL DE SERVICIO PUBLICO DE ELECTRICIDAD ELECTRONORTE MEDIO S.A. - HIDRANDINA,2024,EMPRESAS EMISORAS,SERVICIOS PUBLICOS,3510,Anual Individual,Anual,Soles,M todo Directo,2211109,1200908,1010201,1372938,87056,149603,-136591,13012,3D01ST,3D0206,True,PRELIMINAR
CM0003,20402885549,EMPRESA SIDERURGICA DEL PERU S.A.A. - SIDERPERU,2024,EMPRESAS EMISORAS,INDUSTRIALES,2710,Anual Individual,Anual,Soles,M todo Directo,1715654,654810,1060844,2429851,177038,300112,-79673,220439,3D01ST,3D0206,True,PRELIMINAR
003058,20270508163,ENEL GENERACION PIURA S.A.,2024,EMPRESAS EMISORAS,SERVICIOS PUBLICOS,4010,Anual Individual,Anual,Soles,M todo Indirecto,670224,392054,278170,277374,67938,82003,-28710,53293,3D01ST,3D0206,True,PRELIMINAR
OE4860,20543420477,ENERGIA DEL PACIFICO S.A.,2024,EMPRESAS EMISORAS,DIVERSOS,7499,Anual Individual,Anual,D lares,M todo Directo,16901,723,16178,0,39,-158,0,-158,3D01ST,3D0206,False,PRELIMINAR
002829,20333363900,ENGIE ENERGIA PERU S.A.A.,2024,EMPRESAS EMISORAS,SERVICIOS PUBLICOS,3510,Anual Individual,Anual,D lares,M todo Directo,2407588,1158765,1248823,720838,98663,245523,-53050,192473,3D01ST,3D0206,False,PRELIMINAR
J40989,20600488296,EXPERTIA TRAVEL S.A.,2024,EMPRESAS EMISORAS,DIVERSOS,6304,Anual Individual,Anual,D lares,M todo Directo,64790,1163,63627,516,8,-196,0,-196,3D01ST,3D0206,True,PRELIMINAR
B30211,20100165687,FABRICA NACIONAL DE ACUMULADORES ETNA S.A.,2024,EMPRESAS EMISORAS,INDUSTRIALES,2720,Anual Individual,Anual,Soles,M todo Directo,331473,193891,137582,196397,6000,13522,-12515,1007,3D01ST,3D0206,False,PRELIMINAR
B30122,20100051240,FABRICA PERUANA ETERNIT S.A.,2024,EMPRESAS EMISORAS,INDUSTRIALES,2695,Anual Individual,Anual,Soles,M todo Directo,488841,168243,320598,299539,-3029,14417,-13071,1346,3D01ST,3D0206,False,PRELIMINAR
OE6804,20600163346,FACTOTAL PERU S.A.,2024,EMPRESAS EMISORAS,DIVERSOS,6599,Anual Individual,Anual,Soles,M todo Directo,200696,133116,67580,34628,11747,-13138,-369,-13507,3D01ST,3D0206,True,PRELIMINAR
B60001,20100027292,FERREYCORP S.A.A.,2024,EMPRESAS EMISORAS,DIVERSOS,5150,Anual Individual,Anual,Soles,M todo Directo,2954315,113550,2840765,69324,488803,271126,-1352,269774,3D01ST,3D0206,False,PRELIMINAR
B30083,20100083010,FILAMENTOS INDUSTRIALES S.A.,2024,EMPRESAS EMISORAS,DIVERSOS,4641,Anual Individual,Anual,Soles,M todo Directo,107818,25973,81845,26190,2779,-1454,-624,-2078,3D01ST,3D0206,False,PRELIMINAR
OE3205,20228319768,FINANCIERA CONFIANZA S.A.A.,2024,EMPRESAS EMISORAS,FINANCIERAS,6599,Anual Individual,Anual,Soles,M todo Indirecto,2683053,2263962,419091,548570,12696,177861,-9940,167921,3F0501,3F0625,False,PRELIMINAR
OE5251,20348067053,FINANCIERA PROEMPRESA S.A.,2024,EMPRESAS EMISORAS,FINANCIERAS,67  ,Anual Individual,Anual,Soles,M todo Indirecto,657484,590489,66995,141858,-1949,45771,-607,45164,3F0501,3F0625,False,PRELIMINAR
OE4241,20521308321,FINANCIERA QAPAQ S.A.,2024,EMPRESAS EMISORAS,FINANCIERAS,6599,Anual Individual,Anual,Soles,M todo Directo,330595,279324,51271,95871,-12899,-11628,-540,-12168,3F0501,3F0625,False,PRELIMINAR
J40093,20414671773,FONDO MIVIVIENDA S.A.,2024,EMPRESAS EMISORAS,FINANCIERAS,6599,Anual Individual,Anual,Soles,M todo Indirecto,13017909,9457340,3560569,812089,83527,-1912065,-7811,-1919876,3F0501,3F0625,False,PRELIMINAR
OE4159,20523108574,FOSFATOS DEL PACIFICO S.A.,2024,EMPRESAS EMISORAS,MINERAS,0891,Anual Individual,Anual,Soles,M todo Indirecto,3726,2589,1137,0,-4480,-4433,0,-4433,3D01ST,3D0206,False,PRELIMINAR
OE6928,20601413885,FOSSAL S.A.A.,2024,EMPRESAS EMISORAS,DIVERSOS,6420,Anual Individual,Anual,Soles,M todo Indirecto,2158,137,2021,0,-4691,-138,0,-138,3D01ST,3D0206,False,PRELIMINAR
001152,20100094054,FUTURA CONSORCIO INMOBILIARIO S.A.,2024,EMPRESAS EMISORAS,DIVERSOS,6810,Anual Individual,Anual,Soles,M todo Directo,459732,128531,331201,13541,18662,5916,0,5916,3D01ST,3D0206,False,PRELIMINAR
B80049,20100116988,GR HOLDING S.A.,2024,EMPRESAS EMISORAS,DIVERSOS,7010,Anual Individual,Anual,Soles,M todo Indirecto,535079,678,534401,0,60935,-412,0,-412,3D01ST,3D0206,False,PRELIMINAR
BV0001,20100055661,GRUPO BVL S.A.A.,2024,EMPRESAS EMISORAS,DIVERSOS,6712,Anual Individual,Anual,Soles,M todo Directo,229963,24097,205866,17652,37007,1307,-364,943,3D01ST,3D0206,False,PRELIMINAR
J40184,20100077044,HERMES TRANSPORTES BLINDADOS S.A.,2024,EMPRESAS EMISORAS,DIVERSOS,4923,Anual Individual,Anual,Soles,M todo Directo,1546987,742085,804902,422888,94360,128242,-9973,118269,3D01ST,3D0206,True,PRELIMINAR
B30140,20100171814,HIDROSTAL S.A.,2024,EMPRESAS EMISORAS,INDUSTRIALES,2813,Anual Individual,Anual,Soles,M todo Directo,373692,87472,286220,141647,3684,394,-4005,-3611,3D01ST,3D0206,False,PRELIMINAR
OE5021,20523611250,H2OLMOS S.A.,2024,EMPRESAS EMISORAS,DIVERSOS,5190,Anual Individual,Anual,Soles,M todo Indirecto,459610,398455,61155,107757,20884,104787,-1342,103445,3D01ST,3D0206,False,PRELIMINAR
J40414,20546892175,ICBC PERU BANK,2024,EMPRESAS EMISORAS,BANCOS,6419,Anual Individual,Anual,Soles,M todo Indirecto,2677546,2142506,535040,155762,40232,371523,-266,371257,3F0501,3F0625,False,PRELIMINAR
J40655,20515164945,INCA RAIL S.A.,2024,EMPRESAS EMISORAS,DIVERSOS,6010,Anual Individual,Anual,D lares,M todo Directo,77874,60847,17027,42860,4760,15294,-1854,13440,3D01ST,3D0206,False,PRELIMINAR
B30236,20251293181,INDECO S.A.,2024,EMPRESAS EMISORAS,INDUSTRIALES,3160,Anual Individual,Anual,D lares,M todo Directo,232628,150241,82387,452250,22147,306616,-3583,303033,3D01ST,3D0206,False,PRELIMINAR
B30152,20100003512,INDUSTRIAS ELECTRO QUIMICAS S.A. IEQSA,2024,EMPRESAS EMISORAS,INDUSTRIALES,2432,Anual Individual,Anual,D lares,M todo Directo,66373,28908,37465,120002,2121,-8172,-1379,-9551,3D01ST,3D0206,False,PRELIMINAR
OE4256,20522291201,INFINANCE XP S.A. (ANTES FINANCIERA OH! S.A.),2024,EMPRESAS EMISORAS,FINANCIERAS,6599,Anual Individual,Anual,Soles,M todo Indirecto,1967574,1641445,326129,482025,-32245,263918,-17761,246157,3F0501,3F0625,False,PRELIMINAR
OE4660,20543135942,INMOBILIARIA IDE S.A.,2024,EMPRESAS EMISORAS,DIVERSOS,7010,Anual Individual,Anual,Soles,M todo Indirecto,15451,1821,13630,1778,702,-881,0,-881,3D01ST,3D0206,False,PRELIMINAR
OE7967,20605495339,INMOBILIARIA SIC S.A.,2024,EMPRESAS EMISORAS,DIVERSOS,7010,Anual Individual,Anual,Soles,M todo Directo,306043,158847,147196,25726,23591,6542,-1378,5164,3D01ST,3D0206,True,PRELIMINAR
OE5087,0,INRETAIL PERU CORP.,2024,EMPRESAS EMISORAS,DIVERSOS,6719,Anual Individual,Anual,Soles,M todo Directo,8282077,3244984,5037093,499967,428118,471438,0,471438,3D01ST,3D0206,True,PRELIMINAR
OE4150,20492497721,INSUR S.A. COMPAÑIA DE SEGUROS,2024,EMPRESAS EMISORAS,SEGUROS,6512,Anual Individual,Anual,Soles,M todo Indirecto,227693,79627,148066,117826,37048,30550,-471,30079,3E0301,3E0405,False,PRELIMINAR
B70009,20100017491,INTEGRATEL PERU S.A.A.,2024,EMPRESAS EMISORAS,SERVICIOS PUBLICOS,6420,Anual Individual,Anual,Soles,M todo Directo,9395327,8915963,479364,6020030,-3391594,-967487,-531554,-1499041,3D01ST,3D0206,False,PRELIMINAR
OE2305,0,INTERCORP FINANCIAL SERVICES INC.,2024,EMPRESAS EMISORAS,DIVERSOS,6599,Anual Individual,Anual,Soles,M todo Indirecto,12043873,1128638,10915235,8946,1300078,-45298,0,-45298,3F0501,3F0625,False,PRELIMINAR
CS0002,20382748566,INTERSEGURO COMPAÑIA DE SEGUROS S.A.,2024,EMPRESAS EMISORAS,SEGUROS,6603,Anual Individual,Anual,Soles,M todo Indirecto,16408796,14984111,1424685,874473,376299,715540,-27904,687636,3E0301,3E0405,False,PRELIMINAR
J41105,20605495151,INVERFAL PERU S.A.A.,2024,EMPRESAS EMISORAS,DIVERSOS,6420,Anual Individual,Anual,Soles,M todo Directo,6269363,595745,5673618,0,388696,196605,0,196605,3D01ST,3D0206,False,PRELIMINAR
B80077,20101045995,INVERSIONES CENTENARIO S.A.A.,2024,EMPRESAS EMISORAS,DIVERSOS,7010,Anual Individual,Anual,Soles,M todo Directo,2675072,438202,2236870,148717,30894,123066,-401,122665,3D01ST,3D0206,False,PRELIMINAR
L01796,20604017263,INVERSIONES CORPORATIVAS A1 S.A. - INVERCORP A1 S.A.,2024,EMPRESAS EMISORAS,DIVERSOS,6810,Anual Individual,Anual,Soles,M todo Directo,96719,26209,70510,1584,-521,-902,-9,-911,3D01ST,3D0206,False,PRELIMINAR
B60004,20104347691,INVERSIONES EN TURISMO S.A. INVERTUR,2024,EMPRESAS EMISORAS,DIVERSOS,5510,Anual Individual,Anual,Soles,M todo Directo,71930,21142,50788,29998,3062,5523,-959,4564,3D01ST,3D0206,True,PRELIMINAR
L02127,20611678500,INVERSIONES PORTUARIAS CHANCAY S.A.A.,2024,EMPRESAS EMISORAS,DIVERSOS,6599,Anual Individual,Anual,D lares,M todo Directo,147683,16240,131443,0,-945,-1,0,-1,3D01ST,3D0206,True,PRELIMINAR
J40886,20601249678,J.P. MORGAN BANCO DE INVERSION,2024,EMPRESAS EMISORAS,BANCOS,6711,Anual Individual,Anual,Soles,M todo Indirecto,510742,187066,323676,19200,91283,2292,-178,2114,3F0501,3F0625,True,PRELIMINAR
A80069,20100210909,LA POSITIVA SEGUROS Y REASEGUROS S.A.,2024,EMPRESAS EMISORAS,SEGUROS,6603,Anual Individual,Anual,Soles,M todo Indirecto,2833314,1853610,979704,1389502,215573,53473,-1671,51802,3E0301,3E0405,True,PRELIMINAR
OE2069,20454073143,LA POSITIVA VIDA SEGUROS Y REASEGUROS S.A.,2024,EMPRESAS EMISORAS,SEGUROS,6601,Anual Individual,Anual,Soles,M todo Indirecto,7255589,6169981,1085608,1312444,291568,338469,-5556,332913,3E0301,3E0405,False,PRELIMINAR
CI0011,20100095450,LAIVE S.A.,2024,EMPRESAS EMISORAS,INDUSTRIALES,1520,Anual Individual,Anual,Soles,M todo Directo,574771,307705,267066,771434,31728,43453,-20192,23261,3D01ST,3D0206,False,PRELIMINAR
006166,20100190797,LECHE GLORIA S.A.,2024,EMPRESAS EMISORAS,INDUSTRIALES,1520,Anual Individual,Anual,Soles,M todo Directo,4075840,2452472,1623368,4252767,246198,517975,-88254,429721,3D01ST,3D0206,False,PRELIMINAR
J40884,20601127602,LIBERTY SEGUROS S.A.,2024,EMPRESAS EMISORAS,SEGUROS,6512,Anual Individual,Anual,Soles,M todo Indirecto,148810,123874,24936,63618,2142,5889,-170,5719,3E0301,3E0405,False,PRELIMINAR
B70032,20301837896,LOS PORTALES S.A.,2024,EMPRESAS EMISORAS,DIVERSOS,7010,Anual Individual,Anual,Soles,M todo Indirecto,1926943,1102348,824595,807357,94726,208679,-10657,198022,3D01ST,3D0206,False,PRELIMINAR
B40008,20331898008,LUZ DEL SUR S.A.A.,2024,EMPRESAS EMISORAS,SERVICIOS PUBLICOS,3510,Anual Individual,Anual,Soles,M todo Directo,10356073,5167021,5189052,4329207,675419,885958,-382746,503212,3D01ST,3D0206,False,PRELIMINAR
B30134,20100074371,MANUFACTURA DE METALES Y ALUMINIO RECORD S.A. EN LIQUIDACION,2024,EMPRESAS EMISORAS,INDUSTRIALES,2899,Anual Individual,Anual,Soles,M todo Directo,175902,49439,126463,19973,-9780,8115,-158,7957,3D01ST,3D0206,False,PRELIMINAR
CS0004,20418896915,MAPFRE PERU COMPAÑIA DE SEGUROS Y REASEGUROS,2024,EMPRESAS EMISORAS,SEGUROS,6511,Anual Individual,Anual,Soles,M todo Indirecto,6431317,5518871,912446,2697732,196628,620165,-4776,615389,3E0301,3E0405,False,PRELIMINAR
CB0001,20382036655,MIBANCO BANCO DE LA MICROEMPRESA S.A.,2024,EMPRESAS EMISORAS,BANCOS,6419,Anual Individual,Anual,Soles,M todo Indirecto,16663773,14124211,2539562,3065899,311969,1332616,-53170,1279446,3F0501,3F0625,False,PRELIMINAR
TI0003,20100192650,MICHELL Y CIA. S.A.,2024,EMPRESAS EMISORAS,INDUSTRIALES,1711,Anual Individual,Anual,Soles,M todo Indirecto,760733,311638,449095,510646,29399,37004,-33084,3920,3D01ST,3D0206,False,PRELIMINAR
CM0002,20338426781,MINERA ANDINA DE EXPLORACIONES S.A.A.,2024,EMPRESAS EMISORAS,MINERAS,1320,Anual Individual,Anual,Soles,M todo Directo,14050,7307,6743,5370,-181,10507,-130,10377,3D01ST,3D0206,False,PRELIMINAR
A20032,20100136741,MINSUR S.A.,2024,EMPRESAS EMISORAS,MINERAS,1320,Anual Individual,Anual,D lares,M todo Directo,2499941,874204,1625737,1038312,463546,362626,-95840,266786,3D01ST,3D0206,False,PRELIMINAR
BF0001,20375361991,MITSUI AUTO FINANCE PERU S.A.,2024,EMPRESAS EMISORAS,FINANCIERAS,6492,Anual Individual,Anual,Soles,M todo Directo,1545071,1188846,356225,266689,53373,-47955,-735,-48690,3F0501,3F0625,False,PRELIMINAR
CM0007,20100123500,NEXA RESOURCES ATACOCHA S.A.A.,2024,EMPRESAS EMISORAS,MINERAS,1320,Anual Individual,Anual,D lares,M todo Indirecto,107814,99355,8459,93382,10133,14833,-12047,2786,3D01ST,3D0206,False,PRELIMINAR
B20010,20100110513,NEXA RESOURCES PERU S.A.A.,2024,EMPRESAS EMISORAS,MINERAS,1320,Anual Individual,Anual,D lares,M todo Indirecto,1066459,316553,749906,553200,-15524,181535,-49325,132210,3D01ST,3D0206,False,PRELIMINAR
B40009,20330791412,ORYGEN PERU S.A.A.,2024,EMPRESAS EMISORAS,SERVICIOS PUBLICOS,4010,Anual Individual,Anual,Soles,M todo Directo,6313504,3058411,3255093,2527595,902577,908451,-330966,577485,3D01ST,3D0206,False,PRELIMINAR
B60055,20332970411,PACIFICO COMPAÑIA DE SEGUROS Y REASEGUROS,2024,EMPRESAS EMISORAS,SEGUROS,6511,Anual Individual,Anual,Soles,M todo Indirecto,19598771,16309552,3289219,4459483,812328,1485394,-30558,1454836,3E0301,3E0405,True,PRELIMINAR
B50003,20118206208,PERU HOLDING DE TURISMO S.A.A.,2024,EMPRESAS EMISORAS,DIVERSOS,6810,Anual Individual,Anual,Soles,M todo Indirecto,68489,5827,62662,0,786,0,0,0,3D01ST,3D0206,False,PRELIMINAR
002927,20338352728,PERUANA DE ENERGIA S.A.A.,2024,EMPRESAS EMISORAS,SERVICIOS PUBLICOS,4050,Anual Individual,Anual,Soles,M todo Directo,121736,20586,101150,21305,15893,13966,-11,13955,3D01ST,3D0206,False,PRELIMINAR
B20023,20100136237,PERUBAR S.A.,2024,EMPRESAS EMISORAS,MINERAS,1320,Anual Individual,Anual,D lares,M todo Directo,89581,21561,68020,24021,2312,16088,-1208,14880,3D01ST,3D0206,False,PRELIMINAR
CI0012,20380336384,PESQUERA EXALMAR S.A.A.,2024,EMPRESAS EMISORAS,INDUSTRIALES,5002,Anual Individual,Anual,D lares,M todo Directo,737330,437555,299775,456503,30042,39506,-15403,24103,3D01ST,3D0206,False,PRELIMINAR
J00171,20100128218,PETROLEOS DEL PERU - PETROPERU S.A.,2024,EMPRESAS EMISORAS,INDUSTRIALES,2320,Anual Individual,Anual,D lares,M todo Directo,9939122,7507394,2431728,3527320,-773905,-997597,-288044,-1285641,3D01ST,3D0206,False,PRELIMINAR
B40010,20269985900,PLUZ ENERGIA PERU S.A.A.,2024,EMPRESAS EMISORAS,SERVICIOS PUBLICOS,4010,Anual Individual,Anual,Soles,M todo Indirecto,7264169,3715337,3548832,4116851,383643,874376,-763918,110458,3D01ST,3D0206,False,PRELIMINAR
OE1928,20510398158,PRIMA AFP S.A.,2024,EMPRESAS EMISORAS,A.F.P.,6602,Anual Individual,Anual,Soles,M todo Directo,628141,156159,471982,372807,169286,146486,-12350,134136,3A01ST,3A0206,False,PRELIMINAR
AFP004,20142829551,PROFUTURO AFP,2024,EMPRESAS EMISORAS,A.F.P.,6602,Anual Individual,Anual,Soles,M todo Directo,1043762,149826,893936,276235,112021,120785,-6181,114604,3A01ST,3A0206,False,PRELIMINAR
OE3191,20517207331,PROTECTA S.A. COMPAÑIA DE SEGUROS Y REASEGUROS,2024,EMPRESAS EMISORAS,SEGUROS,6601,Anual Individual,Anual,Soles,M todo Indirecto,4420492,4094675,325817,165263,39909,352594,-3429,349165,3E0301,3E0405,False,PRELIMINAR
J40371,20553157014,QUALITAS COMPAÑIA DE SEGUROS S.A.,2024,EMPRESAS EMISORAS,SEGUROS,6603,Anual Individual,Anual,Soles,M todo Indirecto,180197,120400,59797,94996,34,-5994,-2379,-8373,3E0301,3E0405,False,PRELIMINAR
B20042,20330791501,QUIMPAC S.A.,2024,EMPRESAS EMISORAS,INDUSTRIALES,2429,Anual Individual,Anual,D lares,M todo Indirecto,716222,288386,427836,241659,19381,68575,-25158,43417,3D01ST,3D0206,False,PRELIMINAR
SP0008,20504645046,RED DE ENERGIA DEL PERU S.A.,2024,EMPRESAS EMISORAS,SERVICIOS PUBLICOS,4110,Anual Individual,Anual,D lares,M todo Directo,461025,305354,155671,207636,79980,103991,-3379,100612,3D01ST,3D0206,False,PRELIMINAR
OE3927,20505377142,RED VIAL 5 S.A.,2024,EMPRESAS EMISORAS,DIVERSOS,9309,Anual Individual,Anual,Soles,M todo Indirecto,329905,192949,136956,274210,59408,114329,0,114329,3D01ST,3D0206,False,PRELIMINAR
002766,20259829594,REFINERIA LA PAMPILLA S.A.A.,2024,EMPRESAS EMISORAS,INDUSTRIALES,2320,Anual Individual,Anual,D lares,M todo Directo,1952146,1375017,577129,4069839,50623,155580,-79915,75665,3D01ST,3D0206,False,PRELIMINAR
B80037,20100041953,RIMAC SEGUROS Y REASEGUROS,2024,EMPRESAS EMISORAS,SEGUROS,6603,Anual Individual,Anual,Soles,M todo Indirecto,21513476,18454554,3058922,5295249,447798,1399683,-92102,1307581,3E0301,3E0405,True,PRELIMINAR
014313,20100128056,SAGA FALABELLA S.A.,2024,EMPRESAS EMISORAS,DIVERSOS,5219,Anual Individual,Anual,Soles,M todo Directo,2242198,1603134,639064,3834753,154715,511069,-28309,482760,3D01ST,3D0206,True,PRELIMINAR
B80134,20255993225,SANTANDER CONSUMER BANK S.A.,2024,EMPRESAS EMISORAS,BANCOS,6519,Anual Individual,Anual,Soles,M todo Directo,2704311,1940913,763398,696217,46935,269886,-1659,268227,3F0501,3F0625,True,PRELIMINAR
OE9112,20607400351,SANTANDER FINANCIAMIENTOS S.A.,2024,EMPRESAS EMISORAS,FINANCIERAS,6419,Anual Individual,Anual,Soles,M todo Indirecto,407213,292197,115016,90269,-13469,-49619,-9913,-59532,3F0501,3F0625,False,PRELIMINAR
B80012,20100043140,SCOTIABANK PERU S.A.A.,2024,EMPRESAS EMISORAS,BANCOS,6419,Anual Individual,Anual,Soles,M todo Indirecto,70414838,58506520,11908318,5043177,957613,2873988,-96904,2777084,3F0501,3F0625,True,PRELIMINAR
SP0012,20100152356,SERVICIO DE AGUA POTABLE Y ALCANTARILLADO - SEDAPAL,2024,EMPRESAS EMISORAS,SERVICIOS PUBLICOS,4100,Anual Individual,Anual,Soles,M todo Directo,13443345,8122140,5321205,2837417,777749,1336368,-815885,520483,3D01ST,3D0206,False,PRELIMINAR
SP0002,20325493811,SHOUGANG GENERACION ELECTRICA S.A.A.,2024,EMPRESAS EMISORAS,SERVICIOS PUBLICOS,4010,Anual Individual,Anual,Soles,M todo Directo,130813,45136,85677,136853,-40,15783,-1619,14164,3D01ST,3D0206,False,PRELIMINAR
CM0004,20100142989,SHOUGANG HIERRO PERU S.A.A.,2024,EMPRESAS EMISORAS,MINERAS,1310,Anual Individual,Anual,Soles,M todo Indirecto,10575844,6782746,3793098,5864032,2089269,2583020,-210589,2372431,3D01ST,3D0206,False,PRELIMINAR
SP0010,20100188628,SOCIEDAD ELECTRICA DEL SUR OESTE S.A. - SEAL,2024,EMPRESAS EMISORAS,SERVICIOS PUBLICOS,3510,Anual Individual,Anual,Soles,M todo Directo,896154,461123,435031,787614,80634,128642,-72643,55999,3D01ST,3D0206,False,PRELIMINAR
CM0006,20170072465,SOCIEDAD MINERA CERRO VERDE S.A.A.,2024,EMPRESAS EMISORAS,MINERAS,0729,Anual Individual,Anual,D lares,M todo Indirecto,8034461,1250976,6783485,4238322,953177,1698598,-345802,1352796,3D01ST,3D0206,False,PRELIMINAR
002597,20217427593,SOCIEDAD MINERA CORONA S.A.,2024,EMPRESAS EMISORAS,MINERAS,0729,Anual Individual,Anual,D lares,M todo Directo,250941,86739,164202,127337,-4687,24886,-8269,16617,3D01ST,3D0206,True,PRELIMINAR
B20026,20100017572,SOCIEDAD MINERA EL BROCAL S.A.A.,2024,EMPRESAS EMISORAS,MINERAS,1320,Anual Individual,Anual,D lares,M todo Directo,681176,265164,416012,437897,35333,135025,-24917,110108,3D01ST,3D0206,False,PRELIMINAR
B80013,20100161771,SOLUCION EMPRESA ADMINISTRADORA HIPOTECARIA S.A.,2024,EMPRESAS EMISORAS,DIVERSOS,6519,Anual Individual,Anual,Soles,M todo Directo,62688,40976,21712,5266,974,-376,0,-376,3F0501,3F0625,False,PRELIMINAR
B20027,20100147514,"SOUTHERN PERU COPPER CORPORATION, SUCURSAL DEL PERU",2024,EMPRESAS EMISORAS,MINERAS,0729,Anual Individual,Anual,D lares,M todo Directo,8063541,1681628,6381913,4604625,1454655,2049456,-261563,1787893,3D01ST,3D0206,False,PRELIMINAR
OE5665,20546121250,STRACON HOLDINGS S.A.,2024,EMPRESAS EMISORAS,DIVERSOS,7010,Anual Individual,Anual,D lares,M todo Indirecto,270134,174464,95670,176492,20463,31749,-7730,24019,3D01ST,3D0206,False,PRELIMINAR
CF0001,20377892918,TOTAL SERVICIOS FINANCIEROS EMPRESA DE CREDITOS,2024,EMPRESAS EMISORAS,FINANCIERAS,7499,Anual Individual,Anual,Soles,M todo Directo,470466,394153,76313,68062,2318,19561,-2172,17389,3F0501,3F0625,False,PRELIMINAR
OE2487,20100087198,TRADI S.A.,2024,EMPRESAS EMISORAS,DIVERSOS,5143,Anual Individual,Anual,Soles,M todo Indirecto,571469,259224,312245,489214,9222,64335,-489,63846,3D01ST,3D0206,False,PRELIMINAR
B30121,20100137390,UNACEM CORP SOCIEDAD ANONIMA ABIERTA - UNACEM CORP S.A.A.,2024,EMPRESAS EMISORAS,DIVERSOS,6420,Anual Individual,Anual,Soles,M todo Directo,6486682,1148373,5338309,507142,255439,279974,-86,279888,3D01ST,3D0206,False,PRELIMINAR
B30021,20100113610,UNION DE CERVECERIAS PERUANAS BACKUS Y JOHNSTON S.A.A.,2024,EMPRESAS EMISORAS,INDUSTRIALES,1553,Anual Individual,Anual,Soles,M todo Indirecto,13433076,4426306,9006770,6516331,2135404,-814234,-246458,-1060692,3D01ST,3D0206,False,PRELIMINAR
OE5376,20554477721,VIVIR SEGUROS COMPAÑIA DE SEGUROS DE VIDA S.A.,2024,EMPRESAS EMISORAS,SEGUROS,6601,Anual Individual,Anual,Soles,M todo Indirecto,1153772,974300,179472,295471,95627,340283,-887,339396,3E0301,3E0405,False,PRELIMINAR
CM0001,20383045267,VOLCAN COMPAÑIA MINERA S.A.A.,2024,EMPRESAS EMISORAS,MINERAS,1320,Anual Individual,Anual,D lares,M todo Directo,2096127,1219312,876815,574088,120090,193912,-42441,151471,3D01ST,3D0206,True,PRELIMINAR
023490,20312372895,YURA S.A.,2024,EMPRESAS EMISORAS,INDUSTRIALES,2394,Anual Individual,Anual,Soles,M todo Directo,4169866,2001669,2168197,1236284,283841,451317,-122723,328594,3D01ST,3D0206,False,PRELIMINAR
020045,20260172035,ACTIVO INMOBILIARIO PERUANO S.A.A. (ANTES FALABELLA PERU S.A.A.),2025,EMPRESAS EMISORAS,DIVERSOS,6719,Anual Individual,Anual,Soles,M todo Directo,2680485,237417,2443068,0,674903,9222,0,9222,3D01ST,3D0206,False,PRELIMINAR
003277,20306841506,ADMINISTRADORA JOCKEY PLAZA SHOPPING CENTER S.A.,2025,EMPRESAS EMISORAS,DIVERSOS,7499,Anual Individual,Anual,Soles,M todo Directo,1784352,1132145,652207,370957,40277,109794,-1638,108156,3D01ST,3D0206,False,PRELIMINAR
023106,20332600592,AENZA S.A.A.,2025,EMPRESAS EMISORAS,DIVERSOS,6719,Anual Individual,Anual,Soles,M todo Indirecto,2219337,1354827,864510,10479,-292493,-263735,-9928,-273663,3D01ST,3D0206,False,PRELIMINAR
OE4132,20551464971,AFP HABITAT S.A.,2025,EMPRESAS EMISORAS,A.F.P.,6602,Anual Individual,Anual,Soles,M todo Directo,224160,59366,164794,169890,53968,67025,-569,66456,3A01ST,3A0206,False,PRELIMINAR
AFP002,20157036794,AFP INTEGRA,2025,EMPRESAS EMISORAS,A.F.P.,6530,Anual Individual,Anual,Soles,M todo Directo,1026561,239672,786889,407922,126518,156597,-34170,122427,3A01ST,3A0206,False,PRELIMINAR
B11073,20164042686,AGRICOLA CAYALTI SOCIEDAD ANONIMA ABIERTA,2025,EMPRESAS EMISORAS,AGRICOLAS,1542,Anual Individual,Anual,Soles,M todo Directo,660896,245698,415198,3923,86103,-13613,0,-13613,3D01ST,3D0206,False,PRELIMINAR
B11067,20135948641,AGRO INDUSTRIAL PARAMONGA S.A.,2025,EMPRESAS EMISORAS,AGRICOLAS,1072,Anual Individual,Anual,Soles,M todo Directo,2019098,822476,1196622,332249,34484,36890,-20498,16392,3D01ST,3D0206,False,PRELIMINAR
B08363,20132377783,AGROINDUSTRIAL LAREDO S.A.A.,2025,EMPRESAS EMISORAS,AGRICOLAS,1542,Anual Individual,Anual,Soles,M todo Directo,951867,329075,622792,384792,38718,35503,-36714,-1211,3D01ST,3D0206,False,PRELIMINAR
OE4115,20104420282,AGROINDUSTRIAS AIB S.A.,2025,EMPRESAS EMISORAS,INDUSTRIALES,1030,Anual Individual,Anual,Soles,M todo Directo,354580,114035,240545,247955,3952,31460,-22634,8826,3D01ST,3D0206,False,PRELIMINAR
B11068,20116225779,AGROINDUSTRIAS SAN JACINTO S.A.A.,2025,EMPRESAS EMISORAS,AGRICOLAS,1542,Anual Individual,Anual,Soles,M todo Directo,697000,355591,341409,236291,1840,47192,-24648,22544,3D01ST,3D0206,False,PRELIMINAR
OE7816,20602150837,AI INVERSIONES PALO ALTO S.A.,2025,EMPRESAS EMISORAS,DIVERSOS,7412,Anual Individual,Anual,Soles,M todo Directo,227155,1392,225763,0,-2916,-1330,0,-1330,3D01ST,3D0206,False,PRELIMINAR
OE3203,20517476405,ALFIN BANCO S.A.,2025,EMPRESAS EMISORAS,BANCOS,6419,Anual Individual,Anual,Soles,M todo Indirecto,1365542,1229535,136007,296883,8000,-163111,35,,3F0501,3F0625,False,REVISAR_CAPEX_POSITIVO
B30006,20100055237,ALICORP S.A.A.,2025,EMPRESAS EMISORAS,INDUSTRIALES,1514,Anual Individual,Anual,Soles,M todo Directo,8823663,7506592,1317071,6407059,446334,464960,-50361,414599,3D01ST,3D0206,False,PRELIMINAR
J40120,20511230188,ANDINO INVESTMENT HOLDING S.A.A.,2025,EMPRESAS EMISORAS,DIVERSOS,7499,Anual Individual,Anual,Soles,M todo Indirecto,485149,142797,342352,841,3398,-10326,-7,-10333,3D01ST,3D0206,False,PRELIMINAR
J40450,20554816526,AUGUSTAR SEGUROS Y REASEGUROS S.A. (ANTES OHIO NATIONAL SEGUROS DE VIDA Y REASEGUROS S.A.),2025,EMPRESAS EMISORAS,SEGUROS,6511,Anual Individual,Anual,Soles,M todo Indirecto,546884,250158,296726,26100,18560,-59947,-85,-60032,3E0301,3E0405,False,PRELIMINAR
CI0006,20338054115,AUSTRAL GROUP S.A.A.,2025,EMPRESAS EMISORAS,INDUSTRIALES,1512,Anual Individual,Anual,Soles,M todo Directo,1218202,644181,574021,927366,59157,133659,-127747,5912,3D01ST,3D0206,False,PRELIMINAR
J40809,20600825187,AVLA PERU COMPAÑIA DE SEGUROS S.A.,2025,EMPRESAS EMISORAS,SEGUROS,6603,Anual Individual,Anual,Soles,M todo Indirecto,399568,296708,102860,206567,12249,49161,-353,48808,3E0301,3E0405,False,PRELIMINAR
J40847,20562964682,AZZARO TRADING S.A.,2025,EMPRESAS EMISORAS,DIVERSOS,9411,Anual Individual,Anual,Soles,M todo Indirecto,78953,36533,42420,6017,12031,782,0,782,3D01ST,3D0206,False,PRELIMINAR
B80004,20100130204,BANCO BBVA PERU,2025,EMPRESAS EMISORAS,BANCOS,6519,Anual Individual,Anual,Soles,M todo Indirecto,112361589,97370993,14990596,7961099,2390979,-1119437,-379904,-1499341,3F0501,3F0625,False,PRELIMINAR
OE8912,20608551701,BANCO BCI PERU S.A. - BANCO BCI,2025,EMPRESAS EMISORAS,BANCOS,6419,Anual Individual,Anual,Soles,M todo Indirecto,5117568,4216574,900994,200138,37405,904626,-7473,897153,3F0501,3F0625,False,PRELIMINAR
CF0004,20509507199,BANCO DE COMERCIO,2025,EMPRESAS EMISORAS,BANCOS,6519,Anual Individual,Anual,Soles,M todo Directo,2088443,1664052,424391,231327,16716,82357,-6796,75561,3F0501,3F0625,False,PRELIMINAR
B80005,20100047218,BANCO DE CREDITO DEL PERU,2025,EMPRESAS EMISORAS,BANCOS,6519,Anual Individual,Anual,Soles,M todo Indirecto,203228048,175910907,27317141,14344670,6478291,7624181,-812100,6812081,3F0501,3F0625,False,PRELIMINAR
J00122,20100030595,BANCO DE LA NACION,2025,EMPRESAS EMISORAS,BANCOS,6419,Anual Individual,Anual,Soles,M todo Indirecto,48149707,44161693,3988014,2960199,1336346,3701552,-69516,3632036,3F0501,3F0625,False,PRELIMINAR
OE2254,20441805960,BANCO EFECTIVA S.A. (ANTES FINANCIERA EFECTIVA S.A.),2025,EMPRESAS EMISORAS,BANCOS,6499,Anual Individual,Anual,Soles,M todo Directo,1938305,1533016,405289,525566,95645,111004,-11719,99285,3F0501,3F0625,False,PRELIMINAR
B80144,20330401991,BANCO FALABELLA PERU S.A.,2025,EMPRESAS EMISORAS,BANCOS,6519,Anual Individual,Anual,Soles,M todo Indirecto,5223489,4021746,1201743,1200303,178723,-1207,-30851,-32058,3F0501,3F0625,False,PRELIMINAR
OE2271,20513074370,BANCO GNB PERU S.A.,2025,EMPRESAS EMISORAS,BANCOS,6519,Anual Individual,Anual,Soles,M todo Directo,6111202,5242754,868448,412889,67296,220560,-12747,207813,3F0501,3F0625,False,PRELIMINAR
B80123,20101036813,BANCO INTERAMERICANO DE FINANZAS,2025,EMPRESAS EMISORAS,BANCOS,6519,Anual Individual,Anual,Soles,M todo Indirecto,23221227,21018647,2202580,1540146,276285,1760877,-37593,1723284,3F0501,3F0625,False,PRELIMINAR
B80020,20100053455,BANCO INTERNACIONAL DEL PERU S.A.A. - INTERBANK,2025,EMPRESAS EMISORAS,BANCOS,6519,Anual Individual,Anual,Soles,M todo Indirecto,76050494,66233434,9817060,5762344,1458505,1953364,-387395,1565969,3F0501,3F0625,False,PRELIMINAR
B80009,20100105862,BANCO PICHINCHA,2025,EMPRESAS EMISORAS,BANCOS,6519,Anual Individual,Anual,Soles,M todo Directo,9829922,8594570,1235352,878575,55059,432137,-35059,397078,3F0501,3F0625,False,PRELIMINAR
B80141,20259702411,BANCO RIPLEY PERU S.A.,2025,EMPRESAS EMISORAS,BANCOS,6599,Anual Individual,Anual,Soles,M todo Indirecto,2020893,1578085,442808,447072,63051,-285,-13303,-13588,3F0501,3F0625,False,PRELIMINAR
OE3056,20516711559,BANCO SANTANDER PERU S.A.,2025,EMPRESAS EMISORAS,BANCOS,6419,Anual Individual,Anual,Soles,M todo Indirecto,10808174,9229851,1578323,581827,277398,-677741,-32221,-709962,3F0501,3F0625,False,PRELIMINAR
L01775,20604306150,BANK OF CHINA (PERU) S.A.,2025,EMPRESAS EMISORAS,BANCOS,6519,Anual Individual,Anual,Soles,M todo Directo,2131102,1797932,333170,103724,30785,-446525,-485,-447010,3F0501,3F0625,False,PRELIMINAR
OE4837,20513328819,BNP PARIBAS CARDIF S.A. COMPAÑIA DE SEGUROS Y REASEGUROS,2025,EMPRESAS EMISORAS,SEGUROS,6512,Anual Individual,Anual,Soles,M todo Directo,823114,458761,364353,516107,57771,74088,-1023,73065,3E0301,3E0405,False,PRELIMINAR
L01785,20393341786,BOSQUES AMAZONICOS S.A.,2025,EMPRESAS EMISORAS,DIVERSOS,3098,Anual Individual,Anual,D lares,M todo Directo,108917,63079,45838,430,-4085,-14979,-22,-15001,3D01ST,3D0206,False,PRELIMINAR
L00192,20114839176,CAJA MUNICIPAL DE AHORRO Y CREDITO CUSCO S.A. - CMAC CUSCO S.A.,2025,EMPRESAS EMISORAS,FINANCIERAS,6419,Anual Individual,Anual,Soles,M todo Directo,7561573,6708291,853282,1206606,160560,86721,-32268,54453,3F0501,3F0625,False,PRELIMINAR
J00124,20100209641,CAJA MUNICIPAL DE AHORRO Y CREDITO DE AREQUIPA S.A.,2025,EMPRESAS EMISORAS,FINANCIERAS,6519,Anual Individual,Anual,Soles,M todo Indirecto,12614161,11433894,1180267,1919014,162412,-254779,-123530,-378309,3F0501,3F0625,False,PRELIMINAR
J40137,20130200789,CAJA MUNICIPAL DE AHORRO Y CREDITO DE HUANCAYO S.A.,2025,EMPRESAS EMISORAS,FINANCIERAS,6519,Anual Individual,Anual,Soles,M todo Indirecto,10933715,9661780,1271935,1807790,278441,159054,-55777,103277,3F0501,3F0625,False,PRELIMINAR
J40630,20322445564,CAJA RURAL DE AHORRO Y CREDITO LOS ANDES S.A.,2025,EMPRESAS EMISORAS,FINANCIERAS,6519,Anual Individual,Anual,Soles,M todo Indirecto,740078,628995,111083,186900,2013,-44916,-1211,-46127,3F0501,3F0625,False,PRELIMINAR
B11082,20131867744,CARTAVIO SOCIEDAD ANONIMA ABIERTA,2025,EMPRESAS EMISORAS,AGRICOLAS,1542,Anual Individual,Anual,Soles,M todo Directo,897704,562651,335053,388163,46053,109875,-44190,65685,3D01ST,3D0206,False,PRELIMINAR
B08361,20131823020,CASA GRANDE SOCIEDAD ANONIMA ABIERTA,2025,EMPRESAS EMISORAS,AGRICOLAS,1542,Anual Individual,Anual,Soles,M todo Directo,1864624,912196,952428,583342,-33221,92607,-72010,20597,3D01ST,3D0206,False,PRELIMINAR
CD0005,20419387658,CEMENTOS PACASMAYO S.A.A.,2025,EMPRESAS EMISORAS,INDUSTRIALES,2394,Anual Individual,Anual,Soles,M todo Indirecto,3023199,1831834,1191365,1354707,154205,262410,-55129,207281,3D01ST,3D0206,False,PRELIMINAR
OE6901,20600058119,CENTENARIO DESARROLLO URBANO S.A.C.,2025,EMPRESAS EMISORAS,DIVERSOS,7010,Anual Individual,Anual,Soles,M todo Directo,1555106,583931,971175,305895,61595,109301,-3092,106209,3D01ST,3D0206,False,PRELIMINAR
019094,20129854953,CENTRAL AZUCARERA CHUCARAPI-PAMPA BLANCA S.A.,2025,EMPRESAS EMISORAS,AGRICOLAS,1110,Anual Individual,Anual,Soles,M todo Directo,235260,78908,156352,10708,-5683,-375,0,-375,3D01ST,3D0206,False,PRELIMINAR
B30023,20128915711,CERVECERIA SAN JUAN S.A.,2025,EMPRESAS EMISORAS,INDUSTRIALES,1103,Anual Individual,Anual,Soles,M todo Indirecto,1471161,829748,641413,1364425,525386,428684,-11576,417108,3D01ST,3D0206,False,PRELIMINAR
CS0007,20109068498,CESCE PERU S.A. COMPAÑIA DE SEGUROS,2025,EMPRESAS EMISORAS,SEGUROS,6603,Anual Individual,Anual,Soles,M todo Directo,1401215,1273369,127846,192709,62015,1132224,-84,1132140,3E0301,3E0405,False,PRELIMINAR
CS0003,20390625007,CHUBB PERU S.A. COMPAÑIA DE SEGUROS Y REASEGUROS,2025,EMPRESAS EMISORAS,SEGUROS,6512,Anual Individual,Anual,Soles,M todo Indirecto,617872,472654,145218,356257,34343,-26246,-600,-26846,3E0301,3E0405,False,PRELIMINAR
CB0002,20100116635,CITIBANK DEL PERU S.A.,2025,EMPRESAS EMISORAS,BANCOS,6519,Anual Individual,Anual,Soles,M todo Indirecto,8972931,7831611,1141320,360699,412125,2221515,-1290,2220225,3F0501,3F0625,False,PRELIMINAR
B20003,20100079501,COMPAÑIA DE MINAS BUENAVENTURA S.A.A.,2025,EMPRESAS EMISORAS,MINERAS,1320,Anual Individual,Anual,D lares,M todo Directo,5288978,1227088,4061890,1005025,782145,453454,-385728,67726,3D01ST,3D0206,False,PRELIMINAR
B20041,20137025354,COMPAÑIA MINERA PODEROSA S.A.A.,2025,EMPRESAS EMISORAS,MINERAS,0729,Anual Individual,Anual,Soles,M todo Indirecto,3188844,981865,2206979,3474265,719907,1319160,-199300,1119860,3D01ST,3D0206,False,PRELIMINAR
B20013,20100177421,COMPAÑIA MINERA SAN IGNACIO DE MOROCOCHA S.A.A.,2025,EMPRESAS EMISORAS,MINERAS,1320,Anual Individual,Anual,Soles,M todo Indirecto,478258,516791,-38533,0,-112988,-37152,-768,-37920,3D01ST,3D0206,False,PRELIMINAR
B20016,20100120314,COMPAÑIA MINERA SANTA LUISA S.A.,2025,EMPRESAS EMISORAS,MINERAS,0729,Anual Individual,Anual,Soles,M todo Directo,546314,164812,381502,503955,91519,137723,-22397,115326,3D01ST,3D0206,False,PRELIMINAR
CI0005,20100562848,COMPAÑIA UNIVERSAL TEXTIL S.A. EN LIQUIDACION,2025,EMPRESAS EMISORAS,INDUSTRIALES,1721,Anual Individual,Anual,Soles,M todo Directo,35931,13464,22467,0,528,-7188,0,-7188,3D01ST,3D0206,False,PRELIMINAR
OE4501,20369155360,COMPARTAMOS BANCO S.A.,2025,EMPRESAS EMISORAS,BANCOS,6599,Anual Individual,Anual,Soles,M todo Indirecto,5550530,4342800,1207730,1716901,246760,137418,-62470,74948,3F0501,3F0625,False,PRELIMINAR
OE3557,20518410858,CONSORCIO CEMENTERO DEL SUR S.A.,2025,EMPRESAS EMISORAS,DIVERSOS,2694,Anual Individual,Anual,Soles,M todo Directo,1571959,1103997,467962,0,-231996,-3837,0,-3837,3D01ST,3D0206,False,PRELIMINAR
OE8099,20605052917,COPEN INVERSIONES S.A.,2025,EMPRESAS EMISORAS,DIVERSOS,7490,Anual Individual,Anual,Soles,M todo Directo,247612,736,246876,3491,-552,-1826,0,-1826,3D01ST,3D0206,False,PRELIMINAR
CI0003,20370146994,CORPORACION ACEROS AREQUIPA S.A.,2025,EMPRESAS EMISORAS,INDUSTRIALES,2710,Anual Individual,Anual,Soles,M todo Directo,5771493,2759257,3012236,4750922,295928,808697,-170236,638461,3D01ST,3D0206,False,PRELIMINAR
B30207,20100228352,CORPORACION CERVESUR S.A.A.,2025,EMPRESAS EMISORAS,DIVERSOS,7020,Anual Individual,Anual,Soles,M todo Directo,744517,61475,683042,29055,20174,939,-140,799,3D01ST,3D0206,False,PRELIMINAR
CF0002,20100116392,CORPORACION FINANCIERA DE DESARROLLO S.A. - COFIDE,2025,EMPRESAS EMISORAS,FINANCIERAS,6599,Anual Individual,Anual,Soles,M todo Indirecto,11889315,9580076,2309239,616672,100174,239580,-7083,232497,3F0501,3F0625,False,PRELIMINAR
J40768,20600098633,CRECER SEGUROS S.A. COMPANIA DE SEGUROS,2025,EMPRESAS EMISORAS,SEGUROS,6511,Anual Individual,Anual,Soles,M todo Indirecto,887177,782023,105154,225451,18168,397501,-60,397441,3E0301,3E0405,False,PRELIMINAR
OE5132,20548185051,CREDICORP CAPITAL PERU S.A.A.,2025,EMPRESAS EMISORAS,DIVERSOS,6599,Anual Individual,Anual,Soles,M todo Directo,165896,730,165166,0,23758,40537,0,40537,3D01ST,3D0206,False,PRELIMINAR
B60051,0,CREDICORP LTD.,2025,EMPRESAS EMISORAS,DIVERSOS,6599,Anual Individual,Anual,Soles,M todo Indirecto,42678084,274606,42403478,7671185,7443113,-2488,0,-2488,3D01ST,3D0206,False,PRELIMINAR
B30060,20133530003,CREDITEX S.A.A.,2025,EMPRESAS EMISORAS,INDUSTRIALES,1711,Anual Individual,Anual,Soles,M todo Directo,564505,168268,396237,300437,-2998,890,-6277,-5387,3D01ST,3D0206,False,PRELIMINAR
OE3808,20516534754,DUNAS ENERGIA S.A.A.,2025,EMPRESAS EMISORAS,DIVERSOS,7490,Anual Individual,Anual,Soles,M todo Indirecto,413786,103703,310083,87689,78834,80643,0,80643,3D01ST,3D0206,False,PRELIMINAR
B40013,20106156400,ELECTRO DUNAS S.A.A.,2025,EMPRESAS EMISORAS,SERVICIOS PUBLICOS,4010,Anual Individual,Anual,Soles,M todo Indirecto,992503,784644,207859,581421,63359,151733,-107078,44655,3D01ST,3D0206,False,PRELIMINAR
B40005,20116544289,ELECTRO SUR ESTE S.A.A.,2025,EMPRESAS EMISORAS,SERVICIOS PUBLICOS,4010,Anual Individual,Anual,Soles,M todo Directo,1283361,528097,755264,755934,118354,160410,-98714,61696,3D01ST,3D0206,False,PRELIMINAR
B08359,20118792174,EMPRESA AGRARIA AZUCARERA ANDAHUASI S.A.A.,2025,EMPRESAS EMISORAS,AGRICOLAS,1542,Anual Individual,Anual,Soles,M todo Directo,439993,414446,25547,23266,-10715,-3335,-2879,-6214,3D01ST,3D0206,False,PRELIMINAR
B11072,20131835621,EMPRESA AGRARIA CHIQUITOY S.A.,2025,EMPRESAS EMISORAS,AGRICOLAS,0114,Anual Individual,Anual,Soles,M todo Directo,131059,31530,99529,26136,524,1518,-1777,-259,3D01ST,3D0206,False,PRELIMINAR
B11074,20103272964,EMPRESA AGRICOLA SAN JUAN S.A.,2025,EMPRESAS EMISORAS,AGRICOLAS,0111,Anual Individual,Anual,Soles,M todo Directo,208957,42521,166436,112733,11630,22723,-29559,-6836,3D01ST,3D0206,False,PRELIMINAR
B08360,20163898200,EMPRESA AGROINDUSTRIAL POMALCA S.A.A.,2025,EMPRESAS EMISORAS,AGRICOLAS,1072,Anual Individual,Anual,Soles,M todo Directo,1324853,656955,667898,238037,-5983,41718,-37547,4171,3D01ST,3D0206,False,PRELIMINAR
017070,20141723601,EMPRESA AZUCARERA EL INGENIO S.A.,2025,EMPRESAS EMISORAS,AGRICOLAS,0114,Anual Individual,Anual,Soles,M todo Directo,90816,24739,66077,9806,1292,55,0,55,3D01ST,3D0206,False,PRELIMINAR
L00914,20550226589,EMPRESA DE CREDITOS SANTANDER CONSUMO PERU S.A.,2025,EMPRESAS EMISORAS,FINANCIERAS,6599,Anual Individual,Anual,Soles,M todo Indirecto,1454225,1184917,269308,211366,51237,-32320,-2232,-34552,3F0501,3F0625,False,PRELIMINAR
OE2027,20279889208,EMPRESA DE GENERACION ELECTRICA DEL SUR S.A.,2025,EMPRESAS EMISORAS,SERVICIOS PUBLICOS,4010,Anual Individual,Anual,Soles,M todo Directo,199902,35607,164295,80377,22870,39384,-10523,28861,3D01ST,3D0206,False,PRELIMINAR
SP0009,20262221335,EMPRESA DE GENERACION ELECTRICA SAN GABAN S.A.,2025,EMPRESAS EMISORAS,SERVICIOS PUBLICOS,4010,Anual Individual,Anual,Soles,M todo Directo,537523,85242,452281,145826,73435,75609,-4096,71513,3D01ST,3D0206,False,PRELIMINAR
B30241,20143229816,EMPRESA EDITORA EL COMERCIO S.A.,2025,EMPRESAS EMISORAS,INDUSTRIALES,2212,Anual Individual,Anual,Soles,M todo Directo,922882,109056,813826,173072,-67918,24849,-852,23997,3D01ST,3D0206,False,PRELIMINAR
CD0022,20100027705,EMPRESA ELECTRICIDAD DEL PERU - ELECTROPERU S.A.,2025,EMPRESAS EMISORAS,SERVICIOS PUBLICOS,3510,Anual Individual,Anual,Soles,M todo Directo,3982234,950379,3031855,2569215,566567,586626,-33790,552836,3D01ST,3D0206,False,PRELIMINAR
B40006,20119205949,EMPRESA REGIONAL DE SERVICIO PUBLICO DE ELECTRICIDAD - ELECTROSUR S.A.,2025,EMPRESAS EMISORAS,SERVICIOS PUBLICOS,4010,Anual Individual,Anual,Soles,M todo Directo,404094,193225,210869,291862,26810,35509,-24157,11352,3D01ST,3D0206,False,PRELIMINAR
SP0006,20405479592,EMPRESA REGIONAL DE SERVICIO PUBLICO DE ELECTRICIDAD DE PUNO S.A.A. - ELECTROPUNO,2025,EMPRESAS EMISORAS,SERVICIOS PUBLICOS,3510,Anual Individual,Anual,Soles,M todo Directo,591022,273242,317780,332734,61577,76451,-10806,65645,3D01ST,3D0206,False,PRELIMINAR
B40002,20132023540,EMPRESA REGIONAL DE SERVICIO PUBLICO DE ELECTRICIDAD ELECTRONORTE MEDIO S.A. - HIDRANDINA,2025,EMPRESAS EMISORAS,SERVICIOS PUBLICOS,3510,Anual Individual,Anual,Soles,M todo Directo,2226611,1240329,986282,1387909,39243,168101,-130155,37946,3D01ST,3D0206,False,PRELIMINAR
CM0003,20402885549,EMPRESA SIDERURGICA DEL PERU S.A.A. - SIDERPERU,2025,EMPRESAS EMISORAS,INDUSTRIALES,2710,Anual Individual,Anual,Soles,M todo Directo,1589220,611811,977409,2360502,137409,332265,-41148,291117,3D01ST,3D0206,False,PRELIMINAR
003058,20270508163,ENEL GENERACION PIURA S.A.,2025,EMPRESAS EMISORAS,SERVICIOS PUBLICOS,4010,Anual Individual,Anual,Soles,M todo Indirecto,664996,379766,285230,256340,57021,95325,-11938,83387,3D01ST,3D0206,False,PRELIMINAR
OE4860,20543420477,ENERGIA DEL PACIFICO S.A.,2025,EMPRESAS EMISORAS,DIVERSOS,7499,Anual Individual,Anual,D lares,M todo Directo,18174,275,17899,0,1683,-726,0,-726,3D01ST,3D0206,False,PRELIMINAR
002829,20333363900,ENGIE ENERGIA PERU S.A.A.,2025,EMPRESAS EMISORAS,SERVICIOS PUBLICOS,3510,Anual Individual,Anual,D lares,M todo Directo,2406666,1192653,1214013,647804,76794,213308,-81872,131436,3D01ST,3D0206,False,PRELIMINAR
J40989,20600488296,EXPERTIA TRAVEL S.A.,2025,EMPRESAS EMISORAS,DIVERSOS,6304,Anual Individual,Anual,D lares,M todo Directo,69138,4906,64232,0,305,-613,0,-613,3D01ST,3D0206,False,PRELIMINAR
B30211,20100165687,FABRICA NACIONAL DE ACUMULADORES ETNA S.A.,2025,EMPRESAS EMISORAS,INDUSTRIALES,2720,Anual Individual,Anual,Soles,M todo Directo,314743,171830,142913,184025,7726,5320,-7299,-1979,3D01ST,3D0206,False,PRELIMINAR
B30122,20100051240,FABRICA PERUANA ETERNIT S.A.,2025,EMPRESAS EMISORAS,INDUSTRIALES,2695,Anual Individual,Anual,Soles,M todo Directo,527070,195661,331409,315345,10811,43116,-39763,3353,3D01ST,3D0206,False,PRELIMINAR
OE6804,20600163346,FACTOTAL PERU S.A.,2025,EMPRESAS EMISORAS,DIVERSOS,6599,Anual Individual,Anual,Soles,M todo Directo,204277,132693,71584,30158,13337,20063,-19,20044,3D01ST,3D0206,False,PRELIMINAR
B60001,20100027292,FERREYCORP S.A.A.,2025,EMPRESAS EMISORAS,DIVERSOS,5150,Anual Individual,Anual,Soles,M todo Directo,3096176,199950,2896226,54173,480503,376047,-3622,372425,3D01ST,3D0206,False,PRELIMINAR
B30083,20100083010,FILAMENTOS INDUSTRIALES S.A.,2025,EMPRESAS EMISORAS,DIVERSOS,4641,Anual Individual,Anual,Soles,M todo Directo,98311,18799,79512,28687,-13,7109,-515,6594,3D01ST,3D0206,False,PRELIMINAR
OE3205,20228319768,FINANCIERA CONFIANZA S.A.A.,2025,EMPRESAS EMISORAS,FINANCIERAS,6599,Anual Individual,Anual,Soles,M todo Directo,2941476,2476852,464624,594335,52390,115868,-9427,106441,3F0501,3F0625,False,PRELIMINAR
OE5251,20348067053,FINANCIERA PROEMPRESA S.A.,2025,EMPRESAS EMISORAS,FINANCIERAS,67  ,Anual Individual,Anual,Soles,M todo Indirecto,570361,499951,70410,138283,915,-30222,-232,-30454,3F0501,3F0625,False,PRELIMINAR
OE4241,20521308321,FINANCIERA QAPAQ S.A.,2025,EMPRESAS EMISORAS,FINANCIERAS,6419,Anual Individual,Anual,Soles,M todo Directo,313736,246071,67665,98743,16371,-3083,-5766,-8849,3F0501,3F0625,False,PRELIMINAR
J40093,20414671773,FONDO MIVIVIENDA S.A.,2025,EMPRESAS EMISORAS,FINANCIERAS,6599,Anual Individual,Anual,Soles,M todo Indirecto,13116013,9379444,3736569,811026,120572,354476,-4227,350249,3F0501,3F0625,False,PRELIMINAR
OE4159,20523108574,FOSFATOS DEL PACIFICO S.A.,2025,EMPRESAS EMISORAS,MINERAS,0891,Anual Individual,Anual,Soles,M todo Indirecto,4916,3091,1825,0,-5212,-4586,0,-4586,3D01ST,3D0206,False,PRELIMINAR
OE6928,20601413885,FOSSAL S.A.A.,2025,EMPRESAS EMISORAS,DIVERSOS,6420,Anual Individual,Anual,Soles,M todo Indirecto,2102,544,1558,0,-6363,-944,0,-944,3D01ST,3D0206,False,PRELIMINAR
001152,20100094054,FUTURA CONSORCIO INMOBILIARIO S.A.,2025,EMPRESAS EMISORAS,DIVERSOS,6810,Anual Individual,Anual,Soles,M todo Directo,369277,103320,265957,13232,-55122,8719,0,8719,3D01ST,3D0206,False,PRELIMINAR
B80049,20100116988,GR HOLDING S.A.,2025,EMPRESAS EMISORAS,DIVERSOS,7010,Anual Individual,Anual,Soles,M todo Indirecto,461917,34815,427102,340200,138356,-17687,0,-17687,3D01ST,3D0206,False,PRELIMINAR
BV0001,20100055661,GRUPO BVL S.A.A.,2025,EMPRESAS EMISORAS,DIVERSOS,6712,Anual Individual,Anual,Soles,M todo Directo,203400,17985,185415,11729,25945,7230,-30,7200,3D01ST,3D0206,False,PRELIMINAR
J40184,20100077044,HERMES TRANSPORTES BLINDADOS S.A.,2025,EMPRESAS EMISORAS,DIVERSOS,4923,Anual Individual,Anual,Soles,M todo Directo,1655375,764190,891185,424692,86283,125395,-11537,113858,3D01ST,3D0206,False,PRELIMINAR
B30140,20100171814,HIDROSTAL S.A.,2025,EMPRESAS EMISORAS,INDUSTRIALES,2813,Anual Individual,Anual,Soles,M todo Directo,365032,81312,283720,151957,7536,13285,-6547,6738,3D01ST,3D0206,False,PRELIMINAR
OE5021,20523611250,H2OLMOS S.A.,2025,EMPRESAS EMISORAS,DIVERSOS,5190,Anual Individual,Anual,Soles,M todo Indirecto,415898,357562,58336,109179,15977,-16010,-306,-16316,3D01ST,3D0206,False,PRELIMINAR
J40414,20546892175,ICBC PERU BANK,2025,EMPRESAS EMISORAS,BANCOS,6419,Anual Individual,Anual,Soles,M todo Indirecto,2485108,1918924,566184,114828,25291,-243225,-433,-243658,3F0501,3F0625,False,PRELIMINAR
J40655,20515164945,INCA RAIL S.A.,2025,EMPRESAS EMISORAS,DIVERSOS,6010,Anual Individual,Anual,D lares,M todo Directo,80142,56050,24092,49390,7065,16033,-2709,13324,3D01ST,3D0206,False,PRELIMINAR
B30236,20251293181,INDECO S.A.,2025,EMPRESAS EMISORAS,INDUSTRIALES,3160,Anual Individual,Anual,D lares,M todo Directo,260631,168836,91795,553463,30708,347851,-4385,343466,3D01ST,3D0206,False,PRELIMINAR
B30152,20100003512,INDUSTRIAS ELECTRO QUIMICAS S.A. IEQSA,2025,EMPRESAS EMISORAS,INDUSTRIALES,2432,Anual Individual,Anual,D lares,M todo Directo,76667,38738,37929,115698,2733,7074,-1307,5767,3D01ST,3D0206,False,PRELIMINAR
OE4256,20522291201,INFINANCE XP S.A. (ANTES FINANCIERA OH! S.A.),2025,EMPRESAS EMISORAS,FINANCIERAS,6599,Anual Individual,Anual,Soles,M todo Indirecto,2402717,2028714,374003,497314,24674,88280,-53125,35155,3F0501,3F0625,False,PRELIMINAR
OE4660,20543135942,INMOBILIARIA IDE S.A.,2025,EMPRESAS EMISORAS,DIVERSOS,7010,Anual Individual,Anual,Soles,M todo Indirecto,16148,1892,14256,1785,1258,6507,0,6507,3D01ST,3D0206,False,PRELIMINAR
OE7967,20605495339,INMOBILIARIA SIC S.A.,2025,EMPRESAS EMISORAS,DIVERSOS,7010,Anual Individual,Anual,Soles,M todo Directo,352389,169210,183179,14244,35983,7831,-1058,6773,3D01ST,3D0206,False,PRELIMINAR
OE5087,0,INRETAIL PERU CORP.,2025,EMPRESAS EMISORAS,DIVERSOS,6719,Anual Individual,Anual,Soles,M todo Directo,7936219,3004271,4931948,427491,133942,395891,0,395891,3D01ST,3D0206,False,PRELIMINAR
OE4150,20492497721,INSUR S.A. COMPAÑIA DE SEGUROS,2025,EMPRESAS EMISORAS,SEGUROS,6512,Anual Individual,Anual,Soles,M todo Indirecto,731957,546685,185272,107018,36752,520294,-1604,518690,3E0301,3E0405,False,PRELIMINAR
B70009,20100017491,INTEGRATEL PERU S.A.A.,2025,EMPRESAS EMISORAS,SERVICIOS PUBLICOS,6420,Anual Individual,Anual,Soles,M todo Directo,9045291,9721245,-675954,5261930,-1729988,76843,-438571,-361728,3D01ST,3D0206,False,PRELIMINAR
OE2305,0,INTERCORP FINANCIAL SERVICES INC.,2025,EMPRESAS EMISORAS,DIVERSOS,6599,Anual Individual,Anual,Soles,M todo Indirecto,13397985,1049394,12348591,0,1932470,-56977,0,-56977,3D01ST,3D0206,False,PRELIMINAR
CS0002,20382748566,INTERSEGURO COMPAÑIA DE SEGUROS S.A.,2025,EMPRESAS EMISORAS,SEGUROS,6603,Anual Individual,Anual,Soles,M todo Indirecto,17286393,15552444,1733949,1185261,429658,1495276,-1182,1494094,3E0301,3E0405,False,PRELIMINAR
J41105,20605495151,INVERFAL PERU S.A.A.,2025,EMPRESAS EMISORAS,DIVERSOS,6420,Anual Individual,Anual,Soles,M todo Directo,6330960,415037,5915923,0,711198,-32027,0,-32027,3D01ST,3D0206,False,PRELIMINAR
L02363,20613302612,INVERPERU INMOBILIARIA S.A.A.,2025,EMPRESAS EMISORAS,DIVERSOS,6420,Anual Individual,Anual,Soles,M todo Directo,181202,532,180670,0,35309,-267,0,-267,3D01ST,3D0206,False,PRELIMINAR
B80077,20101045995,INVERSIONES CENTENARIO S.A.A.,2025,EMPRESAS EMISORAS,DIVERSOS,7010,Anual Individual,Anual,Soles,M todo Directo,2418905,156079,2262826,109422,25956,89117,0,89117,3D01ST,3D0206,False,PRELIMINAR
L01796,20604017263,INVERSIONES CORPORATIVAS A1 S.A. - INVERCORP A1 S.A.,2025,EMPRESAS EMISORAS,DIVERSOS,6810,Anual Individual,Anual,Soles,M todo Directo,96671,26124,70547,2240,36,834,0,834,3D01ST,3D0206,False,PRELIMINAR
B60004,20104347691,INVERSIONES EN TURISMO S.A. INVERTUR,2025,EMPRESAS EMISORAS,DIVERSOS,5510,Anual Individual,Anual,Soles,M todo Directo,68053,17632,50421,29024,652,1115,-1499,-384,3D01ST,3D0206,False,PRELIMINAR
L02127,20611678500,INVERSIONES PORTUARIAS CHANCAY S.A.A.,2025,EMPRESAS EMISORAS,DIVERSOS,6599,Anual Individual,Anual,D lares,M todo Directo,144741,16046,128695,0,-5309,0,0,0,3D01ST,3D0206,False,PRELIMINAR
J40886,20601249678,J.P. MORGAN BANCO DE INVERSION,2025,EMPRESAS EMISORAS,BANCOS,6711,Anual Individual,Anual,Soles,M todo Indirecto,412097,15397,396700,28200,73024,29524,-428,29096,3F0501,3F0625,False,PRELIMINAR
A80069,20100210909,LA POSITIVA SEGUROS Y REASEGUROS S.A.,2025,EMPRESAS EMISORAS,SEGUROS,6603,Anual Individual,Anual,Soles,M todo Indirecto,2930340,1831471,1098869,1365540,183738,144131,-2256,141875,3E0301,3E0405,False,PRELIMINAR
OE2069,20454073143,LA POSITIVA VIDA SEGUROS Y REASEGUROS S.A.,2025,EMPRESAS EMISORAS,SEGUROS,6601,Anual Individual,Anual,Soles,M todo Indirecto,7677445,6491562,1185883,1286407,270457,437213,-78326,358887,3E0301,3E0405,False,PRELIMINAR
CI0011,20100095450,LAIVE S.A.,2025,EMPRESAS EMISORAS,INDUSTRIALES,1520,Anual Individual,Anual,Soles,M todo Directo,498518,217057,281461,791608,30213,70603,-34330,36273,3D01ST,3D0206,False,PRELIMINAR
006166,20100190797,LECHE GLORIA S.A.,2025,EMPRESAS EMISORAS,INDUSTRIALES,1520,Anual Individual,Anual,Soles,M todo Directo,4542041,2846531,1695510,4660047,292710,418649,-193382,225267,3D01ST,3D0206,False,PRELIMINAR
J40884,20601127602,LIBERTY SEGUROS S.A.,2025,EMPRESAS EMISORAS,SEGUROS,6512,Anual Individual,Anual,Soles,M todo Indirecto,224785,190324,34461,67606,9051,108225,-6,108219,3E0301,3E0405,False,PRELIMINAR
B70032,20301837896,LOS PORTALES S.A.,2025,EMPRESAS EMISORAS,DIVERSOS,7010,Anual Individual,Anual,Soles,M todo Indirecto,1904926,1044383,860543,810103,80108,256174,-14392,241782,3D01ST,3D0206,False,PRELIMINAR
B40008,20331898008,LUZ DEL SUR S.A.A.,2025,EMPRESAS EMISORAS,SERVICIOS PUBLICOS,3510,Anual Individual,Anual,Soles,M todo Directo,12308103,5592747,6715356,4314391,777470,810864,-439420,371444,3D01ST,3D0206,False,PRELIMINAR
CS0004,20418896915,MAPFRE PERU COMPAÑIA DE SEGUROS Y REASEGUROS,2025,EMPRESAS EMISORAS,SEGUROS,6511,Anual Individual,Anual,Soles,M todo Indirecto,6655420,5641855,1013565,2805590,207520,788589,-11584,777005,3E0301,3E0405,False,PRELIMINAR
CB0001,20382036655,MIBANCO BANCO DE LA MICROEMPRESA S.A.,2025,EMPRESAS EMISORAS,BANCOS,6419,Anual Individual,Anual,Soles,M todo Indirecto,18204862,15436839,2768023,3164862,550091,469143,-70168,398975,3F0501,3F0625,False,PRELIMINAR
TI0003,20100192650,MICHELL Y CIA. S.A.,2025,EMPRESAS EMISORAS,INDUSTRIALES,1711,Anual Individual,Anual,Soles,M todo Indirecto,791649,335520,456129,484941,25140,22955,-17786,5169,3D01ST,3D0206,False,PRELIMINAR
CM0002,20338426781,MINERA ANDINA DE EXPLORACIONES S.A.A.,2025,EMPRESAS EMISORAS,MINERAS,1320,Anual Individual,Anual,Soles,M todo Directo,15255,9030,6225,9422,5577,-950,-460,-1410,3D01ST,3D0206,False,PRELIMINAR
A20032,20100136741,MINSUR S.A.,2025,EMPRESAS EMISORAS,MINERAS,1320,Anual Individual,Anual,D lares,M todo Directo,2722157,1038860,1683297,1283700,623762,476479,-95884,380595,3D01ST,3D0206,False,PRELIMINAR
BF0001,20375361991,MITSUI AUTO FINANCE PERU S.A.,2025,EMPRESAS EMISORAS,FINANCIERAS,6492,Anual Individual,Anual,Soles,M todo Directo,1708207,1269101,439106,294177,82881,-31184,-2660,-33844,3F0501,3F0625,False,PRELIMINAR
CM0007,20100123500,NEXA RESOURCES ATACOCHA S.A.A.,2025,EMPRESAS EMISORAS,MINERAS,1320,Anual Individual,Anual,D lares,M todo Indirecto,176251,120749,55502,134687,41727,34218,-15775,18443,3D01ST,3D0206,False,PRELIMINAR
B20010,20100110513,NEXA RESOURCES PERU S.A.A.,2025,EMPRESAS EMISORAS,MINERAS,1320,Anual Individual,Anual,D lares,M todo Indirecto,1147397,384654,762743,643276,116424,123967,-59812,64155,3D01ST,3D0206,False,PRELIMINAR
J01554,0,NUAM INTERNACIONAL SPA,2025,EMPRESAS EMISORAS,DIVERSOS,6430,Anual Individual,Anual,Soles,M todo Directo,207294,968,206326,0,25612,-1,0,-1,3D01ST,3D0206,False,PRELIMINAR
B40009,20330791412,ORYGEN PERU S.A.A.,2025,EMPRESAS EMISORAS,SERVICIOS PUBLICOS,4010,Anual Individual,Anual,Soles,M todo Directo,6144166,2515596,3628570,2344314,812270,1151136,-259601,891535,3D01ST,3D0206,False,PRELIMINAR
B60055,20332970411,PACIFICO COMPAÑIA DE SEGUROS Y REASEGUROS,2025,EMPRESAS EMISORAS,SEGUROS,6511,Anual Individual,Anual,Soles,M todo Indirecto,19977850,16668613,3309237,4151151,626365,1861820,-227211,1634609,3E0301,3E0405,False,PRELIMINAR
B50003,20118206208,PERU HOLDING DE TURISMO S.A.A.,2025,EMPRESAS EMISORAS,DIVERSOS,6810,Anual Individual,Anual,Soles,M todo Indirecto,70808,6356,64452,0,2068,87,0,87,3D01ST,3D0206,False,PRELIMINAR
002927,20338352728,PERUANA DE ENERGIA S.A.A.,2025,EMPRESAS EMISORAS,SERVICIOS PUBLICOS,4050,Anual Individual,Anual,Soles,M todo Directo,130410,17119,113291,38765,31176,31968,-154,31814,3D01ST,3D0206,False,PRELIMINAR
B20023,20100136237,PERUBAR S.A.,2025,EMPRESAS EMISORAS,MINERAS,1320,Anual Individual,Anual,D lares,M todo Directo,98381,23074,75307,28397,7300,13846,-2364,11482,3D01ST,3D0206,False,PRELIMINAR
CI0012,20380336384,PESQUERA EXALMAR S.A.A.,2025,EMPRESAS EMISORAS,INDUSTRIALES,5002,Anual Individual,Anual,D lares,M todo Directo,893619,576530,317089,531479,38693,56047,-16897,39150,3D01ST,3D0206,False,PRELIMINAR
J00171,20100128218,PETROLEOS DEL PERU - PETROPERU S.A.,2025,EMPRESAS EMISORAS,INDUSTRIALES,2320,Anual Individual,Anual,D lares,M todo Directo,9840505,8010259,1830246,3439270,-601482,-281233,-93588,-374821,3D01ST,3D0206,False,PRELIMINAR
B40010,20269985900,PLUZ ENERGIA PERU S.A.A.,2025,EMPRESAS EMISORAS,SERVICIOS PUBLICOS,4010,Anual Individual,Anual,Soles,M todo Indirecto,7701160,3880496,3820664,4219641,456142,967996,-765927,202069,3D01ST,3D0206,False,PRELIMINAR
OE1928,20510398158,PRIMA AFP S.A.,2025,EMPRESAS EMISORAS,A.F.P.,6602,Anual Individual,Anual,Soles,M todo Directo,664101,208705,455396,383468,133611,126567,-14731,111836,3A01ST,3A0206,False,PRELIMINAR
AFP004,20142829551,PROFUTURO AFP,2025,EMPRESAS EMISORAS,A.F.P.,6602,Anual Individual,Anual,Soles,M todo Directo,1110098,156131,953967,280229,123919,118686,-6056,112630,3A01ST,3A0206,False,PRELIMINAR
OE3191,20517207331,PROTECTA S.A. COMPAÑIA DE SEGUROS Y REASEGUROS,2025,EMPRESAS EMISORAS,SEGUROS,6601,Anual Individual,Anual,Soles,M todo Indirecto,5071252,4645729,425523,0,48467,,,,,,False,INCOMPLETO
J40371,20553157014,QUALITAS COMPAÑIA DE SEGUROS S.A.,2025,EMPRESAS EMISORAS,SEGUROS,6603,Anual Individual,Anual,Soles,M todo Indirecto,243546,154142,89404,111875,-10972,-9569,-25846,-35415,3E0301,3E0405,False,PRELIMINAR
B20042,20330791501,QUIMPAC S.A.,2025,EMPRESAS EMISORAS,INDUSTRIALES,2429,Anual Individual,Anual,D lares,M todo Indirecto,755438,301205,454233,259642,32722,84344,-39635,44709,3D01ST,3D0206,False,PRELIMINAR
SP0008,20504645046,RED DE ENERGIA DEL PERU S.A.,2025,EMPRESAS EMISORAS,SERVICIOS PUBLICOS,4110,Anual Individual,Anual,D lares,M todo Directo,446946,290584,156362,218924,76991,110743,-5058,105685,3D01ST,3D0206,False,PRELIMINAR
OE3927,20505377142,RED VIAL 5 S.A.,2025,EMPRESAS EMISORAS,DIVERSOS,9309,Anual Individual,Anual,Soles,M todo Indirecto,262736,127842,134894,259218,68731,125675,0,125675,3D01ST,3D0206,False,PRELIMINAR
002766,20259829594,REFINERIA LA PAMPILLA S.A.A.,2025,EMPRESAS EMISORAS,INDUSTRIALES,2320,Anual Individual,Anual,D lares,M todo Directo,2071381,1419518,651863,3618323,74734,250591,-62514,188077,3D01ST,3D0206,False,PRELIMINAR
B80037,20100041953,RIMAC SEGUROS Y REASEGUROS,2025,EMPRESAS EMISORAS,SEGUROS,6603,Anual Individual,Anual,Soles,M todo Indirecto,21928067,18623185,3304882,5896139,440735,1614365,-201393,1412972,3E0301,3E0405,False,PRELIMINAR
014313,20100128056,SAGA FALABELLA S.A.,2025,EMPRESAS EMISORAS,DIVERSOS,5219,Anual Individual,Anual,Soles,M todo Directo,2329156,1676563,652593,4160586,247986,544185,-77089,467096,3D01ST,3D0206,False,PRELIMINAR
B80134,20255993225,SANTANDER CONSUMER BANK S.A.,2025,EMPRESAS EMISORAS,BANCOS,6419,Anual Individual,Anual,Soles,M todo Directo,2685530,1846630,838900,683688,97526,30442,-18347,12095,3F0501,3F0625,False,PRELIMINAR
OE9112,20607400351,SANTANDER FINANCIAMIENTOS S.A.,2025,EMPRESAS EMISORAS,FINANCIERAS,6419,Anual Individual,Anual,Soles,M todo Indirecto,443944,309006,134938,91583,1675,-1890,-8234,-10124,3F0501,3F0625,False,PRELIMINAR
B80012,20100043140,SCOTIABANK PERU S.A.A.,2025,EMPRESAS EMISORAS,BANCOS,6419,Anual Individual,Anual,Soles,M todo Indirecto,71724515,59998186,11726329,4736545,1476803,420976,-99812,321164,3F0501,3F0625,False,PRELIMINAR
SP0012,20100152356,SERVICIO DE AGUA POTABLE Y ALCANTARILLADO - SEDAPAL,2025,EMPRESAS EMISORAS,SERVICIOS PUBLICOS,4100,Anual Individual,Anual,Soles,M todo Directo,13737183,7720561,6016622,2920783,721511,1103073,-485764,617309,3D01ST,3D0206,False,PRELIMINAR
SP0002,20325493811,SHOUGANG GENERACION ELECTRICA S.A.A.,2025,EMPRESAS EMISORAS,SERVICIOS PUBLICOS,4010,Anual Individual,Anual,Soles,M todo Directo,130948,44767,86181,104754,782,-377,-8891,-9268,3D01ST,3D0206,False,PRELIMINAR
CM0004,20100142989,SHOUGANG HIERRO PERU S.A.A.,2025,EMPRESAS EMISORAS,MINERAS,1310,Anual Individual,Anual,Soles,M todo Indirecto,11123852,8282672,2841180,4382847,1261285,1681367,-651624,1029743,3D01ST,3D0206,False,PRELIMINAR
SP0010,20100188628,SOCIEDAD ELECTRICA DEL SUR OESTE S.A. - SEAL,2025,EMPRESAS EMISORAS,SERVICIOS PUBLICOS,3510,Anual Individual,Anual,Soles,M todo Directo,956364,519594,436770,808556,64840,124990,-61819,63171,3D01ST,3D0206,False,PRELIMINAR
CM0006,20170072465,SOCIEDAD MINERA CERRO VERDE S.A.A.,2025,EMPRESAS EMISORAS,MINERAS,0729,Anual Individual,Anual,D lares,M todo Indirecto,9224620,1623615,7601005,4728340,1367129,1739923,-388382,1351541,3D01ST,3D0206,False,PRELIMINAR
002597,20217427593,SOCIEDAD MINERA CORONA S.A.,2025,EMPRESAS EMISORAS,MINERAS,0729,Anual Individual,Anual,D lares,M todo Directo,330497,109526,220971,228618,56769,68403,-9346,59057,3D01ST,3D0206,False,PRELIMINAR
B20026,20100017572,SOCIEDAD MINERA EL BROCAL S.A.A.,2025,EMPRESAS EMISORAS,MINERAS,1320,Anual Individual,Anual,D lares,M todo Directo,818838,306210,512628,532908,124712,145191,-52706,92485,3D01ST,3D0206,False,PRELIMINAR
B80013,20100161771,SOLUCION EMPRESA ADMINISTRADORA HIPOTECARIA S.A.,2025,EMPRESAS EMISORAS,DIVERSOS,6519,Anual Individual,Anual,Soles,M todo Directo,52541,30503,22038,4611,1389,5254,0,5254,3F0501,3F0625,False,PRELIMINAR
B20027,20100147514,"SOUTHERN PERU COPPER CORPORATION, SUCURSAL DEL PERU",2025,EMPRESAS EMISORAS,MINERAS,0729,Anual Individual,Anual,D lares,M todo Directo,8770128,1765070,7005058,5247623,2029245,2327097,-488891,1838206,3D01ST,3D0206,False,PRELIMINAR
CF0001,20377892918,TOTAL SERVICIOS FINANCIEROS EMPRESA DE CREDITOS,2025,EMPRESAS EMISORAS,FINANCIERAS,7499,Anual Individual,Anual,Soles,M todo Directo,415339,337402,77937,73441,7764,22465,-919,21546,3F0501,3F0625,False,PRELIMINAR
OE2487,20100087198,TRADI S.A.,2025,EMPRESAS EMISORAS,DIVERSOS,5143,Anual Individual,Anual,Soles,M todo Indirecto,589265,263050,326215,550193,25547,-19554,-1649,-21203,3D01ST,3D0206,False,PRELIMINAR
B30121,20100137390,UNACEM CORP SOCIEDAD ANONIMA ABIERTA - UNACEM CORP S.A.A.,2025,EMPRESAS EMISORAS,DIVERSOS,6420,Anual Individual,Anual,Soles,M todo Directo,6712804,1161064,5551740,618370,407545,359216,-57,359159,3D01ST,3D0206,False,PRELIMINAR
B30021,20100113610,UNION DE CERVECERIAS PERUANAS BACKUS Y JOHNSTON S.A.A.,2025,EMPRESAS EMISORAS,INDUSTRIALES,1553,Anual Individual,Anual,Soles,M todo Indirecto,13293748,4274201,9019547,6843231,3151915,2302490,-260251,2042239,3D01ST,3D0206,False,PRELIMINAR
OE5376,20554477721,VIVIR SEGUROS COMPAÑIA DE SEGUROS DE VIDA S.A.,2025,EMPRESAS EMISORAS,SEGUROS,6601,Anual Individual,Anual,Soles,M todo Indirecto,1748190,1419533,328657,527911,133862,538706,-887,537819,3E0301,3E0405,False,PRELIMINAR
CM0001,20383045267,VOLCAN COMPAÑIA MINERA S.A.A.,2025,EMPRESAS EMISORAS,MINERAS,1320,Anual Individual,Anual,D lares,M todo Directo,2526320,1597544,928776,764935,115189,251371,-42709,208662,3D01ST,3D0206,False,PRELIMINAR
023490,20312372895,YURA S.A.,2025,EMPRESAS EMISORAS,INDUSTRIALES,2394,Anual Individual,Anual,Soles,M todo Directo,4187884,1713528,2474356,1311339,301633,347336,-102839,244497,3D01ST,3D0206,False,PRELIMINAR
